,GEO_ID,public_transport,walking,other,total_employed,impacted_pop
1,25001010100,34,391,208,1658,633
2,25001010206,26,86,57,1620,169
3,25001010208,0,1,8,604,9
4,25001010304,18,0,12,1077,30
5,25001010306,0,67,41,1087,108
6,25001010400,4,45,13,1352,62
7,25001010500,0,10,35,1056,45
8,25001010600,12,17,35,1326,64
9,25001010700,20,100,0,1444,120
10,25001010800,14,36,28,2148,78
11,25001010900,12,51,104,2551,167
12,25001011002,21,75,25,1906,121
13,25001011100,2,22,0,2508,24
14,25001011200,0,29,51,1504,80
15,25001011300,0,12,30,947,42
16,25001011400,6,8,30,1108,44
17,25001011500,18,0,0,1775,18
18,25001011600,37,58,17,1513,112
19,25001011700,12,0,7,843,19
20,25001011801,9,55,12,924,76
21,25001011802,0,5,17,1833,22
22,25001012001,39,25,0,2792,64
23,25001012002,0,33,0,1317,33
24,25001012101,66,36,73,3113,175
25,25001012102,139,29,9,1512,177
26,25001012200,17,17,14,2271,48
27,25001012502,32,56,6,1800,94
28,25001012601,0,106,16,1694,122
29,25001012602,15,89,0,2625,104
30,25001012700,10,30,80,2389,120
31,25001012800,27,0,0,2033,27
32,25001012900,36,10,0,2230,46
33,25001013002,7,157,27,1173,191
34,25001013100,41,47,0,3198,88
35,25001013200,38,50,4,2093,92
36,25001013300,17,15,22,1626,54
37,25001013400,33,0,18,1578,51
38,25001013500,0,0,65,3788,65
39,25001013600,28,31,33,3812,92
40,25001013700,0,98,0,2556,98
41,25001013800,46,113,0,2757,159
42,25001013900,19,17,40,2508,76
43,25001014002,10,27,77,2317,114
44,25001014100,3,17,0,191,20
45,25001014300,26,38,0,1967,64
46,25001014402,0,17,19,3763,36
47,25001014500,44,62,46,2527,152
48,25001014600,32,36,9,1986,77
49,25001014700,115,47,28,1560,190
50,25001014800,41,134,42,1437,217
51,25001014900,54,84,87,1549,225
52,25001015001,27,36,21,2282,84
53,25001015002,0,70,38,1674,108
54,25001015100,26,34,18,1661,78
55,25001015200,9,8,0,951,17
56,25001015300,68,97,29,1561,194
57,25001990000,0,0,0,0,0
58,25003900100,109,169,66,1061,344
59,25003900200,38,90,50,2358,178
60,25003900300,36,0,10,1537,46
61,25003900400,125,68,94,2382,287
62,25003900500,6,11,0,1559,17
63,25003900600,13,23,0,1435,36
64,25003900700,0,52,9,1370,61
65,25003900800,43,19,0,2670,62
66,25003900900,0,44,52,2952,96
67,25003901100,14,26,9,1664,49
68,25003911100,17,23,20,1481,60
69,25003912100,19,0,54,3522,73
70,25003913100,0,45,69,2253,114
71,25003914100,21,118,0,2932,139
72,25003920101,27,799,58,2309,884
73,25003920102,18,586,24,1510,628
74,25003921300,59,499,3,2211,561
75,25003921400,20,25,0,518,45
76,25003921500,9,34,48,1329,91
77,25003922100,6,12,18,1156,36
78,25003922200,7,53,0,1864,60
79,25003922300,0,16,27,1091,43
80,25003923100,0,30,9,1583,39
81,25003924100,5,88,29,958,122
82,25003925100,65,513,98,3561,676
83,25003926100,0,76,9,1752,85
84,25003931100,0,10,1,898,11
85,25003931300,0,12,0,775,12
86,25003931400,0,0,14,1015,14
87,25003932200,0,14,10,1328,24
88,25003932300,4,16,0,1065,20
89,25003933200,17,51,40,602,108
90,25003933300,4,22,10,627,36
91,25003933400,13,8,17,1250,38
92,25003934200,1,15,0,680,16
93,25003934300,18,34,5,1048,57
94,25003935100,3,22,16,1333,41
95,25003935200,0,111,13,2730,124
96,25003935300,10,63,86,1864,159
97,25005600100,101,25,43,2317,169
98,25005600202,84,1,28,2775,113
99,25005600203,218,27,39,3108,284
100,25005600204,92,0,7,2315,99
101,25005610100,312,93,64,3612,469
102,25005610202,216,0,15,3128,231
103,25005610203,446,15,46,3748,507
104,25005610204,272,1,19,3309,292
105,25005611101,51,0,56,3187,107
106,25005611102,120,517,27,2982,664
107,25005611201,61,11,6,1693,78
108,25005611202,210,17,0,3604,227
109,25005612100,43,15,0,2565,58
110,25005612200,236,87,43,5087,366
111,25005613100,94,55,0,3824,149
112,25005613300,77,4,0,3571,81
113,25005613400,17,8,26,1906,51
114,25005613600,40,17,77,1965,134
115,25005613700,61,0,0,1923,61
116,25005613800,0,145,58,2383,203
117,25005613901,0,14,22,1278,36
118,25005613902,36,0,21,2609,57
119,25005614000,39,58,57,2006,154
120,25005614101,67,78,29,3513,174
121,25005614102,138,0,24,3704,162
122,25005615100,62,18,0,4423,80
123,25005616100,0,36,37,3844,73
124,25005617101,13,0,1,2797,14
125,25005617102,19,0,48,2356,67
126,25005630101,58,60,26,1615,144
127,25005630102,66,27,0,2479,93
128,25005630200,237,69,98,4598,404
129,25005630300,238,76,28,4879,342
130,25005630400,115,10,0,2611,125
131,25005631100,128,145,22,3996,295
132,25005631200,151,15,30,4036,196
133,25005631300,107,50,0,2567,157
134,25005631400,62,87,57,1317,206
135,25005631500,112,74,34,1688,220
136,25005631600,122,88,50,1966,260
137,25005631700,250,72,16,3661,338
138,25005631800,151,64,88,4313,303
139,25005632100,76,116,16,3590,208
140,25005632200,133,46,17,4667,196
141,25005633100,87,19,8,3088,114
142,25005633200,32,8,39,3924,79
143,25005640100,0,0,10,2255,10
144,25005640200,48,176,25,2611,249
145,25005640300,14,83,0,1357,97
146,25005640400,34,58,10,1158,102
147,25005640500,12,26,18,2396,56
148,25005640600,9,82,0,1919,91
149,25005640700,0,4,0,1281,4
150,25005640800,0,80,45,2192,125
151,25005640901,109,133,0,2084,242
152,25005641000,55,50,38,764,143
153,25005641101,66,62,0,558,128
154,25005641200,0,89,37,1403,126
155,25005641300,174,83,33,2472,290
156,25005641400,9,85,57,975,151
157,25005641500,27,10,6,1186,43
158,25005641600,9,0,0,970,9
159,25005641700,0,0,0,2258,0
160,25005641800,12,37,20,1194,69
161,25005641900,41,0,19,942,60
162,25005642000,30,8,0,1101,38
163,25005642100,0,140,0,2076,140
164,25005642200,22,6,51,1546,79
165,25005642300,0,69,7,1156,76
166,25005642400,11,53,19,1452,83
167,25005642500,33,15,6,2415,54
168,25005644101,25,0,0,3301,25
169,25005644102,0,21,0,2564,21
170,25005644200,21,21,0,3198,42
171,25005645101,8,0,13,2221,21
172,25005645102,39,0,15,3133,54
173,25005645103,40,0,0,3380,40
174,25005646101,0,0,0,3895,0
175,25005646103,0,14,0,2994,14
176,25005646104,32,0,0,1221,32
177,25005650101,98,11,0,3198,109
178,25005650102,38,62,16,2644,116
179,25005650201,0,3,0,1605,3
180,25005650202,0,0,16,1068,16
181,25005650300,9,1,1,1623,11
182,25005650400,7,167,0,1677,174
183,25005650500,27,27,11,1576,65
184,25005650600,0,80,24,1197,104
185,25005650700,45,190,15,1050,250
186,25005650800,57,100,0,1695,157
187,25005650900,46,40,17,1081,103
188,25005651001,2,14,11,1374,27
189,25005651002,40,80,40,1925,160
190,25005651100,0,108,52,2006,160
191,25005651200,67,155,32,1062,254
192,25005651300,67,88,24,748,179
193,25005651400,19,38,45,1444,102
194,25005651500,50,103,0,1372,153
195,25005651600,83,163,0,2068,246
196,25005651700,10,63,52,1246,125
197,25005651800,48,69,12,566,129
198,25005651900,66,103,0,669,169
199,25005652000,35,79,0,1265,114
200,25005652100,11,72,54,1327,137
201,25005652200,45,37,0,1386,82
202,25005652300,13,20,59,1312,92
203,25005652400,0,20,0,1187,20
204,25005652500,80,133,28,1187,241
205,25005652600,43,143,35,1046,221
206,25005652700,58,0,0,1255,58
207,25005652800,0,5,6,1390,11
208,25005653101,30,43,12,3163,85
209,25005653102,11,9,19,2721,39
210,25005653203,0,0,0,2496,0
211,25005653204,10,10,6,1822,26
212,25005653301,0,0,0,2287,0
213,25005653304,0,0,0,1543,0
214,25005654100,0,118,0,3928,118
215,25005654200,0,0,8,1659,8
216,25005655100,7,0,9,2005,16
217,25005655200,0,63,39,2493,102
218,25005655300,7,58,27,1501,92
219,25005655400,0,51,17,1776,68
220,25005985500,127,809,29,2800,965
221,25005985600,163,424,18,2824,605
222,25005990000,0,0,0,0,0
223,25007200100,112,80,147,2277,339
224,25007200200,31,27,0,2446,58
225,25007200300,41,129,121,1769,291
226,25007200400,30,99,32,2192,161
227,25007990000,0,0,0,0,0
228,25009201100,188,30,32,1978,250
229,25009202101,189,23,33,1086,245
230,25009202102,556,59,0,3421,615
231,25009202200,282,73,44,3247,399
232,25009203100,364,62,41,3624,467
233,25009203200,179,77,7,2374,263
234,25009203301,147,90,49,1936,286
235,25009203302,184,240,21,2192,445
236,25009204101,272,265,135,2568,672
237,25009204102,153,317,13,2616,483
238,25009204200,343,394,86,2931,823
239,25009204300,364,182,212,2139,758
240,25009204400,280,157,12,2066,449
241,25009204500,292,115,69,2124,476
242,25009204600,406,136,129,3132,671
243,25009204701,122,128,84,2980,334
244,25009204702,268,53,252,3560,573
245,25009205100,327,32,106,2862,465
246,25009205200,324,55,130,2656,509
247,25009205300,179,44,35,2421,258
248,25009205400,95,34,15,2719,144
249,25009205500,365,69,57,2207,491
250,25009205600,128,0,0,1537,128
251,25009205700,202,53,14,2882,269
252,25009205800,305,93,107,1680,505
253,25009205900,249,63,98,2315,410
254,25009206000,238,79,190,1691,507
255,25009206100,86,163,300,1836,549
256,25009206200,388,129,164,2835,681
257,25009206300,168,224,128,2353,520
258,25009206400,440,59,104,2836,603
259,25009206500,253,20,135,1737,408
260,25009206600,463,28,75,2112,566
261,25009206700,361,93,118,2317,572
262,25009206800,435,150,239,1938,824
263,25009206900,453,50,110,1864,613
264,25009207000,54,118,23,995,195
265,25009207100,342,36,227,1820,605
266,25009207200,68,98,43,1237,209
267,25009208101,264,0,92,2686,356
268,25009208102,125,0,0,1720,125
269,25009208200,229,37,95,2938,361
270,25009208300,176,22,0,3882,198
271,25009208400,259,131,159,3675,549
272,25009209100,64,22,0,3605,86
273,25009209200,92,11,5,3046,108
274,25009210100,88,0,63,4015,151
275,25009210200,95,1,21,2842,117
276,25009210300,237,80,21,3855,338
277,25009210400,83,59,65,3761,207
278,25009210500,112,38,72,3530,222
279,25009210600,99,10,132,2401,241
280,25009210700,87,69,102,2346,258
281,25009210800,28,88,113,2446,229
282,25009210900,34,13,88,2293,135
283,25009211100,68,20,64,2021,152
284,25009211200,99,82,14,3535,195
285,25009211300,60,25,12,3259,97
286,25009211401,68,63,48,2215,179
287,25009211402,99,0,10,3515,109
288,25009212100,90,60,56,4325,206
289,25009213100,72,0,41,4223,113
290,25009214100,20,17,40,2981,77
291,25009215101,164,75,16,2361,255
292,25009215102,152,101,13,1504,266
293,25009216100,80,265,43,2578,388
294,25009217100,343,21,4,3724,368
295,25009217201,84,77,48,2308,209
296,25009217202,77,42,9,2177,128
297,25009217300,298,124,80,2700,502
298,25009217400,426,180,126,3760,732
299,25009217500,468,225,74,3745,767
300,25009217600,333,527,21,4508,881
301,25009218100,370,79,13,2555,462
302,25009220101,145,212,12,2083,369
303,25009220102,71,49,8,1572,128
304,25009221100,28,58,8,2089,94
305,25009221300,45,101,0,2187,146
306,25009221400,115,267,29,1887,411
307,25009221500,62,166,19,1292,247
308,25009221600,72,45,68,1286,185
309,25009221700,33,168,32,1691,233
310,25009221800,0,2,2,867,4
311,25009221901,88,61,35,1734,184
312,25009221902,43,0,9,2218,52
313,25009222100,173,78,11,1915,262
314,25009223100,91,115,14,2143,220
315,25009223200,126,193,8,2050,327
316,25009223300,120,22,20,3170,162
317,25009250100,100,108,48,1061,256
318,25009250200,123,68,92,2400,283
319,25009250300,30,106,55,973,191
320,25009250400,65,187,226,1730,478
321,25009250500,141,95,121,1835,357
322,25009250600,150,20,158,2847,328
323,25009250700,83,114,42,2373,239
324,25009250800,51,124,97,3677,272
325,25009250900,6,67,107,798,180
326,25009251000,58,54,94,917,206
327,25009251100,82,94,67,916,243
328,25009251200,18,65,33,603,116
329,25009251300,117,123,98,1595,338
330,25009251400,23,104,109,2312,236
331,25009251500,142,175,287,2722,604
332,25009251600,146,67,174,2981,387
333,25009251700,69,113,124,2767,306
334,25009251800,83,133,65,3857,281
335,25009252101,52,13,19,1864,84
336,25009252102,34,11,8,2149,53
337,25009252201,14,11,10,1775,35
338,25009252202,0,0,10,1816,10
339,25009252300,141,84,84,4360,309
340,25009252400,32,50,144,2265,226
341,25009252501,0,22,15,2333,37
342,25009252502,14,34,44,2399,92
343,25009252601,65,0,59,4129,124
344,25009252602,27,39,7,2549,73
345,25009252603,29,7,18,1730,54
346,25009253100,47,42,0,2749,89
347,25009253201,91,38,20,1806,149
348,25009253202,116,119,53,3613,288
349,25009253203,77,52,17,2250,146
350,25009253204,186,0,42,3099,228
351,25009253205,62,9,7,2451,78
352,25009254100,144,33,16,3093,193
353,25009254200,109,364,56,2910,529
354,25009254301,93,119,91,2007,303
355,25009254302,137,31,53,2454,221
356,25009254401,119,15,13,1961,147
357,25009254402,202,0,3,3691,205
358,25009254403,106,38,39,2124,183
359,25009260100,340,230,0,2635,570
360,25009260200,130,61,15,1838,206
361,25009260301,18,89,35,2469,142
362,25009260302,40,0,0,1646,40
363,25009260401,34,19,26,1998,79
364,25009260402,70,0,0,3591,70
365,25009260500,39,0,7,1908,46
366,25009260600,120,42,54,1903,216
367,25009260700,126,54,69,2758,249
368,25009260800,132,103,14,2413,249
369,25009260900,204,57,75,2631,336
370,25009261000,42,10,56,2086,108
371,25009261101,22,42,54,2526,118
372,25009261102,56,19,61,2752,136
373,25009262100,106,22,47,3661,175
374,25009263100,60,0,63,2410,123
375,25009264100,68,38,35,3697,141
376,25009265101,31,0,0,2071,31
377,25009265102,26,9,3,2821,38
378,25009266100,42,8,43,2497,93
379,25009266200,45,24,57,3296,126
380,25009266300,48,74,66,1948,188
381,25009266400,50,28,9,2168,87
382,25009267101,110,20,9,1754,139
383,25009267102,37,185,43,2916,265
384,25009268100,62,31,6,1626,99
385,25009268200,198,251,116,3544,565
386,25009268300,74,202,38,2284,314
387,25009268400,63,106,52,2380,221
388,25009269100,205,83,78,3781,366
389,25009270100,116,19,34,3447,169
390,25009990100,0,0,0,0,0
391,25011040100,7,69,15,2177,91
392,25011040200,0,125,23,2460,148
393,25011040300,0,34,15,1633,49
394,25011040400,22,42,7,1696,71
395,25011040501,11,46,29,1888,86
396,25011040502,14,81,0,1657,95
397,25011040600,14,16,29,2553,59
398,25011040701,30,114,26,1932,170
399,25011040702,53,24,20,2389,97
400,25011040800,399,92,20,3219,511
401,25011040900,57,218,15,2604,290
402,25011041000,0,16,0,1667,16
403,25011041100,9,74,25,2011,108
404,25011041200,11,56,45,1832,112
405,25011041300,24,187,29,2334,240
406,25011041400,7,77,7,1043,91
407,25011041501,24,36,28,1996,88
408,25011041502,0,132,12,1891,144
409,25013800101,65,0,90,1719,155
410,25013800102,54,88,46,1747,188
411,25013800201,48,74,0,2800,122
412,25013800202,4,21,0,611,25
413,25013800300,114,15,31,2037,160
414,25013800400,98,123,0,2307,221
415,25013800500,73,81,31,1989,185
416,25013800600,29,56,35,688,120
417,25013800700,125,108,45,1063,278
418,25013800800,54,26,0,481,80
419,25013800900,299,155,12,1352,466
420,25013801101,74,140,0,598,214
421,25013801102,73,100,0,505,173
422,25013801200,119,140,31,822,290
423,25013801300,75,117,76,1619,268
424,25013801401,76,117,10,1291,203
425,25013801402,44,0,0,988,44
426,25013801501,52,78,95,2278,225
427,25013801502,35,50,0,1032,85
428,25013801503,0,46,40,1764,86
429,25013801601,8,203,42,2166,253
430,25013801602,25,39,10,2073,74
431,25013801603,0,21,0,1969,21
432,25013801604,8,8,0,2031,16
433,25013801605,0,10,91,2102,101
434,25013801700,114,476,77,2804,667
435,25013801800,110,92,70,1342,272
436,25013801901,140,57,54,1377,251
437,25013801902,122,175,47,1205,344
438,25013802000,34,106,107,854,247
439,25013802100,174,45,11,2659,230
440,25013802200,75,23,61,1140,159
441,25013802300,130,126,109,2895,365
442,25013802400,0,9,0,2055,9
443,25013802500,51,148,0,3623,199
444,25013802601,207,131,29,3319,367
445,25013802602,0,0,17,1058,17
446,25013810100,0,229,25,3662,254
447,25013810200,0,0,0,1285,0
448,25013810300,0,48,24,1490,72
449,25013810403,24,39,40,1819,103
450,25013810404,22,0,0,1843,22
451,25013810412,0,23,62,3402,85
452,25013810414,18,16,52,3366,86
453,25013810601,0,90,16,1839,106
454,25013810602,10,32,32,1491,74
455,25013810700,14,20,31,3027,65
456,25013810800,43,43,30,1790,116
457,25013810901,38,60,6,952,104
458,25013810902,23,69,8,1885,100
459,25013811000,0,54,0,2279,54
460,25013811101,7,83,47,2268,137
461,25013811102,61,0,22,2819,83
462,25013811200,59,18,62,2495,139
463,25013811301,0,48,0,2999,48
464,25013811302,8,0,13,2667,21
465,25013811400,92,15,23,672,130
466,25013811500,46,36,0,450,82
467,25013811600,25,183,38,1075,246
468,25013811700,0,95,0,566,95
469,25013811800,14,121,15,1936,150
470,25013811900,15,0,57,1961,72
471,25013812001,46,78,9,1163,133
472,25013812002,0,23,9,2113,32
473,25013812101,0,113,34,2781,147
474,25013812103,23,39,23,1505,85
475,25013812104,33,68,34,2592,135
476,25013812201,112,11,31,2468,154
477,25013812202,40,89,20,2027,149
478,25013812300,7,258,13,2269,278
479,25013812401,21,0,10,3579,31
480,25013812403,32,44,14,1959,90
481,25013812404,0,8,0,2148,8
482,25013812500,0,21,68,3998,89
483,25013812600,0,9,0,3559,9
484,25013812701,20,62,33,1979,115
485,25013812702,50,109,0,2625,159
486,25013812800,31,22,10,3796,63
487,25013812901,7,11,16,1914,34
488,25013812902,0,23,70,2402,93
489,25013812903,7,363,8,932,378
490,25013813000,8,61,33,3846,102
491,25013813101,0,83,21,2632,104
492,25013813102,14,43,24,2005,81
493,25013813204,0,0,10,1747,10
494,25013813205,20,0,31,3894,51
495,25013813206,0,9,74,2050,83
496,25013813207,22,0,0,2693,22
497,25013813208,8,7,0,1705,15
498,25013813209,30,28,121,2683,179
499,25013813301,15,160,65,3579,240
500,25013813303,5,9,17,1736,31
501,25013813304,16,0,11,2049,27
502,25013813401,7,38,47,2499,92
503,25013813403,9,45,0,1857,54
504,25013813404,66,62,40,3412,168
505,25013813500,9,32,12,2601,53
506,25013813601,0,80,66,4140,146
507,25013813602,51,0,104,3716,155
508,25013813701,0,13,0,2060,13
509,25013813702,0,8,8,2681,16
510,25013813801,0,21,15,2416,36
511,25013813802,0,0,10,1890,10
512,25015820101,0,16,71,2817,87
513,25015820102,1,74,0,1683,75
514,25015820202,0,14,1,715,15
515,25015820203,19,103,0,4699,122
516,25015820204,31,38,42,3943,111
517,25015820300,537,362,221,4040,1120
518,25015820400,153,2445,37,4747,2635
519,25015820500,588,426,191,3393,1205
520,25015820600,21,433,0,796,454
521,25015820700,146,41,143,2552,330
522,25015820801,259,27,75,2777,361
523,25015820802,0,316,9,559,325
524,25015820900,25,0,0,3747,25
525,25015821000,8,23,0,2153,31
526,25015821100,80,90,0,3865,170
527,25015821200,18,760,0,1290,778
528,25015821300,8,172,19,1997,199
529,25015821400,17,26,14,2704,57
530,25015821500,13,58,48,1894,119
531,25015821601,0,57,50,1410,107
532,25015821602,29,104,60,1711,193
533,25015821700,88,10,36,1672,134
534,25015821901,67,443,38,2245,548
535,25015821903,105,257,51,1499,413
536,25015821904,39,141,117,1811,297
537,25015822000,44,670,25,1219,739
538,25015822200,5,110,40,3101,155
539,25015822300,58,55,22,2790,135
540,25015822401,13,34,11,3367,58
541,25015822402,134,90,43,2888,267
542,25015822500,0,0,0,3421,0
543,25015822601,0,0,27,1135,27
544,25015822603,3,14,4,1041,21
545,25015822605,3,15,3,700,21
546,25015822606,9,47,36,2076,92
547,25015822700,21,23,19,1743,63
548,25017300100,17,15,0,1722,32
549,25017301101,11,26,27,2250,64
550,25017301102,44,24,18,2828,86
551,25017310100,194,327,96,2997,617
552,25017310200,153,114,112,3333,379
553,25017310300,0,194,67,3045,261
554,25017310400,93,110,7,1601,210
555,25017310500,87,408,8,1805,503
556,25017310601,68,48,37,2976,153
557,25017310602,91,124,50,2803,265
558,25017310700,110,232,57,2340,399
559,25017311100,25,187,11,1354,223
560,25017311200,67,39,48,1316,154
561,25017311300,59,107,18,2147,184
562,25017311400,190,24,16,3265,230
563,25017311500,88,18,0,1666,106
564,25017311600,0,94,39,2900,133
565,25017311700,96,65,6,2706,167
566,25017311800,69,60,32,1697,161
567,25017311900,95,69,14,892,178
568,25017312000,33,78,21,1279,132
569,25017312100,33,36,9,1277,78
570,25017312200,80,27,74,2489,181
571,25017312300,67,0,35,2800,102
572,25017312400,20,26,12,906,58
573,25017312501,98,40,46,2504,184
574,25017312502,33,0,26,2092,59
575,25017313101,12,19,0,3827,31
576,25017313102,84,29,0,3418,113
577,25017314101,73,54,0,3771,127
578,25017314102,126,42,19,4062,187
579,25017314200,15,13,43,2781,71
580,25017314301,94,27,77,4494,198
581,25017314302,18,0,10,1807,28
582,25017315100,48,55,12,3210,115
583,25017315200,174,15,0,4920,189
584,25017315401,43,8,15,1884,66
585,25017315402,45,7,5,1754,57
586,25017315403,25,0,5,952,30
587,25017315500,245,66,18,4534,329
588,25017316101,101,24,40,2913,165
589,25017316102,47,0,56,3681,103
590,25017316201,50,9,14,2326,73
591,25017316202,130,0,23,2415,153
592,25017316300,241,40,19,5752,300
593,25017316400,110,11,57,3618,178
594,25017316500,109,63,0,3264,172
595,25017317101,153,53,23,3785,229
596,25017317102,0,18,28,2562,46
597,25017317103,63,14,10,2418,87
598,25017317201,19,0,8,1433,27
599,25017317202,66,22,45,1842,133
600,25017317203,46,18,9,2149,73
601,25017317301,36,69,21,1429,126
602,25017317302,66,15,19,2997,100
603,25017318100,76,35,12,3485,123
604,25017318200,49,9,0,2837,58
605,25017318300,63,16,35,4142,114
606,25017318400,150,10,17,2212,177
607,25017320102,113,0,7,2875,120
608,25017320103,142,5,23,1586,170
609,25017320104,340,158,69,4605,567
610,25017321100,14,25,44,3538,83
611,25017321200,76,37,58,3708,171
612,25017321300,50,44,99,4861,193
613,25017321400,31,46,0,1905,77
614,25017321500,170,53,106,4146,329
615,25017321600,80,113,186,5052,379
616,25017322100,46,17,11,2709,74
617,25017322200,44,31,0,2111,75
618,25017322300,45,81,0,3660,126
619,25017322400,13,8,107,2757,128
620,25017323100,82,15,31,3808,128
621,25017324101,61,53,0,2867,114
622,25017324102,129,13,0,2384,142
623,25017325100,134,61,102,4793,297
624,25017326101,69,72,10,2456,151
625,25017326102,160,11,17,3264,188
626,25017327101,44,20,0,2294,64
627,25017327102,13,12,0,2252,25
628,25017327103,22,22,0,1914,44
629,25017328100,10,12,0,1833,22
630,25017330100,176,45,101,5022,322
631,25017330200,137,84,65,3756,286
632,25017331101,49,12,48,2095,109
633,25017331102,197,22,0,4069,219
634,25017331200,132,33,26,3504,191
635,25017331300,287,34,85,4012,406
636,25017332100,116,0,0,3290,116
637,25017332200,206,61,38,4803,305
638,25017332300,71,49,0,3870,120
639,25017332400,112,66,22,1973,200
640,25017333100,185,10,0,4307,195
641,25017333200,62,36,13,2751,111
642,25017333300,144,98,74,2176,316
643,25017333400,152,88,0,3720,240
644,25017333501,78,38,78,3134,194
645,25017333502,43,35,11,1790,89
646,25017333600,304,174,47,4973,525
647,25017334100,481,54,18,3591,553
648,25017334200,242,68,19,2102,329
649,25017334300,283,22,68,4157,373
650,25017334400,333,25,80,3721,438
651,25017335100,141,0,16,3014,157
652,25017335200,293,73,23,3444,389
653,25017335301,245,159,109,2721,513
654,25017335302,171,54,41,2971,266
655,25017335400,356,44,70,3067,470
656,25017336100,799,100,88,3147,987
657,25017336200,616,66,14,3345,696
658,25017336300,687,79,26,3884,792
659,25017336401,900,91,13,3031,1004
660,25017336402,669,279,30,2852,978
661,25017337101,102,28,34,1478,164
662,25017337102,296,0,10,3103,306
663,25017337201,69,24,0,1804,93
664,25017337202,172,45,53,2531,270
665,25017337300,243,75,0,3490,318
666,25017338100,169,31,96,1724,296
667,25017338200,263,0,25,2067,288
668,25017338300,94,37,12,1395,143
669,25017338400,313,11,45,3014,369
670,25017338500,374,25,66,2918,465
671,25017339100,443,113,103,3403,659
672,25017339200,690,44,62,3694,796
673,25017339300,286,0,94,1502,380
674,25017339400,372,186,139,2158,697
675,25017339500,460,564,52,3133,1076
676,25017339600,1013,299,186,4157,1498
677,25017339700,664,97,28,2511,789
678,25017339801,1033,42,34,2925,1109
679,25017339802,631,47,25,2752,703
680,25017339900,645,93,42,3142,780
681,25017340000,291,18,0,1535,309
682,25017340100,515,72,51,3687,638
683,25017341101,799,46,63,2311,908
684,25017341102,1310,27,1,2392,1338
685,25017341200,1061,128,122,3893,1311
686,25017341300,1289,129,73,2541,1491
687,25017341400,1169,193,0,3612,1362
688,25017341500,994,113,9,3043,1116
689,25017341600,1021,220,150,3381,1391
690,25017341700,494,18,29,2748,541
691,25017341800,747,33,93,3145,873
692,25017341901,86,7,8,735,101
693,25017341902,879,118,1,4611,998
694,25017342101,703,121,96,2352,920
695,25017342102,413,78,30,1879,521
696,25017342201,617,135,69,2680,821
697,25017342202,257,83,87,2178,427
698,25017342300,833,69,48,4141,950
699,25017342400,1275,112,84,3809,1471
700,25017342500,975,154,72,4312,1201
701,25017342600,540,50,0,2822,590
702,25017350103,323,40,30,1270,393
703,25017350104,1280,128,92,3823,1500
704,25017350200,1025,182,307,4133,1514
705,25017350300,743,209,92,2104,1044
706,25017350400,2157,188,628,4487,2973
707,25017350500,496,109,37,1070,642
708,25017350600,791,698,176,2782,1665
709,25017350700,1299,394,105,3825,1798
710,25017350800,763,57,90,1652,910
711,25017350900,1446,123,155,3049,1724
712,25017351000,2434,867,489,5692,3790
713,25017351100,1268,605,425,4478,2298
714,25017351203,827,991,557,3395,2375
715,25017351204,880,548,399,3186,1827
716,25017351300,662,489,344,2810,1495
717,25017351403,1167,181,157,2652,1505
718,25017351404,662,270,197,2311,1129
719,25017351500,435,223,230,1608,888
720,25017352101,434,466,78,1743,978
721,25017352102,339,533,128,1561,1000
722,25017352200,380,265,78,1011,723
723,25017352300,827,836,130,2582,1793
724,25017352400,418,271,125,1111,814
725,25017352500,835,500,343,2329,1678
726,25017352600,414,550,179,1671,1143
727,25017352700,222,364,89,1242,675
728,25017352800,541,290,198,1675,1029
729,25017352900,367,545,238,2063,1150
730,25017353000,1155,216,193,2351,1564
731,25017353101,578,442,87,1539,1107
732,25017353102,250,1575,192,2523,2017
733,25017353200,915,1047,298,3320,2260
734,25017353300,805,432,387,2856,1624
735,25017353400,687,461,228,2010,1376
736,25017353500,441,309,232,1693,982
737,25017353600,640,1040,229,2820,1909
738,25017353700,581,1134,244,2960,1959
739,25017353800,911,733,297,2882,1941
740,25017353900,475,1584,173,3116,2232
741,25017354000,458,924,169,2709,1551
742,25017354100,440,508,127,1609,1075
743,25017354200,325,197,200,1685,722
744,25017354300,396,104,170,1838,670
745,25017354400,194,138,140,1041,472
746,25017354500,442,220,180,1491,842
747,25017354600,995,161,226,3220,1382
748,25017354700,751,166,131,1755,1048
749,25017354800,654,173,191,1669,1018
750,25017354900,1973,209,189,4429,2371
751,25017355000,873,63,46,1998,982
752,25017356100,649,0,152,2099,801
753,25017356300,472,17,266,3087,755
754,25017356400,535,95,45,4102,675
755,25017356500,587,130,234,3829,951
756,25017356601,447,60,24,2473,531
757,25017356602,428,77,24,2504,529
758,25017356701,934,83,199,3415,1216
759,25017356702,774,116,127,3635,1017
760,25017357100,402,51,44,2095,497
761,25017357200,351,76,106,1780,533
762,25017357300,306,54,29,1852,389
763,25017357400,150,7,36,1147,193
764,25017357500,164,40,35,1212,239
765,25017357600,224,37,25,1368,286
766,25017357700,378,47,100,1769,525
767,25017357800,190,46,14,1788,250
768,25017358100,222,50,60,2727,332
769,25017358300,292,48,57,2492,397
770,25017358400,284,95,83,2550,462
771,25017358500,122,33,93,2556,248
772,25017358600,339,140,51,3140,530
773,25017358700,114,30,53,2471,197
774,25017359100,109,28,38,3350,175
775,25017359300,49,88,60,3691,197
776,25017360100,20,31,8,352,59
777,25017360200,284,53,33,2341,370
778,25017361100,219,59,31,2386,309
779,25017361200,299,16,125,2779,440
780,25017361300,104,120,70,3011,294
781,25017362100,71,21,19,2438,111
782,25017363102,243,59,0,3542,302
783,25017363103,55,49,10,1679,114
784,25017363104,272,27,29,3455,328
785,25017363201,181,1,14,1611,196
786,25017363202,121,11,0,2022,132
787,25017364101,63,32,21,3311,116
788,25017364102,95,0,0,2888,95
789,25017365100,167,0,11,3801,178
790,25017365201,148,0,38,3104,186
791,25017365202,61,44,0,2172,105
792,25017366100,69,4,19,2581,92
793,25017366201,139,53,18,1954,210
794,25017366202,131,37,33,2539,201
795,25017367100,118,17,38,1935,173
796,25017367200,172,171,6,3057,349
797,25017368101,257,0,59,3519,316
798,25017368102,58,0,52,2259,110
799,25017368200,153,99,26,2610,278
800,25017368300,262,194,25,3424,481
801,25017368400,282,1093,87,4535,1462
802,25017368500,195,206,18,1819,419
803,25017368600,304,203,23,3509,530
804,25017368700,209,99,1,1758,309
805,25017368800,269,138,83,2943,490
806,25017368901,83,531,26,3550,640
807,25017368902,221,248,93,2536,562
808,25017369000,49,34,13,760,96
809,25017369100,155,24,42,3171,221
810,25017370101,615,127,131,4203,873
811,25017370102,825,104,187,5564,1116
812,25017370201,344,33,188,2332,565
813,25017370202,282,35,80,2717,397
814,25017370300,749,110,145,3381,1004
815,25017370400,599,109,181,3584,889
816,25017373100,379,59,33,2762,471
817,25017373200,326,155,40,2960,521
818,25017373300,391,45,47,1711,483
819,25017373400,213,83,0,1826,296
820,25017373500,250,197,37,2613,484
821,25017373600,266,963,56,2703,1285
822,25017373700,121,0,49,2016,170
823,25017373800,547,174,30,3114,751
824,25017373900,296,31,0,3065,327
825,25017374000,253,208,67,2701,528
826,25017374100,410,83,7,2739,500
827,25017374200,572,69,74,2383,715
828,25017374300,255,84,15,1932,354
829,25017374400,244,11,63,2630,318
830,25017374500,178,119,63,2336,360
831,25017374600,336,42,58,3160,436
832,25017374700,321,46,37,2716,404
833,25017374800,307,464,54,2605,825
834,25017382100,173,26,25,2659,224
835,25017382200,294,97,57,3218,448
836,25017382300,237,63,18,3154,318
837,25017382400,184,9,63,2853,256
838,25017382500,187,43,63,2805,293
839,25017382601,409,8,9,2939,426
840,25017382602,278,72,7,2249,357
841,25017383101,54,184,286,2132,524
842,25017383102,61,64,129,2811,254
843,25017383200,135,84,67,3713,286
844,25017383300,102,20,91,1774,213
845,25017383400,261,268,168,3631,697
846,25017383501,135,39,42,2621,216
847,25017383502,174,324,35,2136,533
848,25017383600,122,260,123,3755,505
849,25017383700,68,19,11,3401,98
850,25017383800,181,0,52,3350,233
851,25017383901,95,0,56,4366,151
852,25017383902,136,9,22,3120,167
853,25017384001,23,5,0,844,28
854,25017384002,117,0,25,3227,142
855,25017385100,277,55,15,4080,347
856,25017385201,50,0,27,1442,77
857,25017385202,438,0,15,4648,453
858,25017386100,225,31,30,2259,286
859,25017387100,79,9,35,2390,123
860,25017387201,198,34,0,3300,232
861,25017387202,79,12,22,2284,113
862,25017388100,212,76,49,3222,337
863,25017388200,161,52,24,3120,237
864,25017388300,107,488,62,2134,657
865,25017980000,0,0,0,0,0
866,25019950100,0,52,9,750,61
867,25019950200,0,483,174,3354,657
868,25019950307,13,0,15,291,28
869,25019950400,0,78,0,1539,78
870,25019950500,20,33,10,537,63
871,25019990000,0,0,0,0,0
872,25021400100,1076,945,82,3119,2103
873,25021400200,853,788,330,3169,1971
874,25021400300,669,529,253,2797,1451
875,25021400400,1053,479,148,3087,1680
876,25021400500,1445,332,251,3556,2028
877,25021400600,1280,96,181,3268,1557
878,25021400700,630,272,250,2003,1152
879,25021400800,884,773,332,2952,1989
880,25021400900,709,683,122,2230,1514
881,25021401000,532,185,201,1811,918
882,25021401100,291,253,106,1920,650
883,25021401200,372,163,60,3047,595
884,25021402101,136,47,9,2064,192
885,25021402102,282,198,97,2540,577
886,25021402200,104,30,28,1389,162
887,25021402300,288,10,0,2344,298
888,25021402400,504,60,36,3590,600
889,25021402500,188,65,40,1595,293
890,25021403100,462,70,31,3351,563
891,25021403300,260,38,0,2036,298
892,25021403400,317,199,74,3222,590
893,25021403500,325,59,49,3256,433
894,25021404100,196,52,24,1821,272
895,25021404201,200,6,26,1333,232
896,25021404202,181,425,1,2184,607
897,25021404301,235,33,35,2450,303
898,25021404302,278,0,7,1851,285
899,25021404400,234,910,71,3088,1215
900,25021405100,245,102,11,2688,358
901,25021406101,257,47,27,2872,331
902,25021406102,297,37,18,3203,352
903,25021407100,173,54,75,4295,302
904,25021408101,204,24,23,4551,251
905,25021408102,110,54,23,3059,187
906,25021409101,246,12,0,2201,258
907,25021409102,278,46,20,2854,344
908,25021410100,223,21,16,3428,260
909,25021410300,284,20,0,2388,304
910,25021410400,82,14,15,3358,111
911,25021411100,489,29,55,4427,573
912,25021411200,454,81,55,3873,590
913,25021411301,238,0,28,2536,266
914,25021411302,146,73,48,1921,267
915,25021412100,525,13,0,3352,538
916,25021412200,289,29,22,1718,340
917,25021412300,492,59,8,2652,559
918,25021413100,282,11,16,2875,309
919,25021413200,337,258,16,3373,611
920,25021413300,355,20,35,2967,410
921,25021413401,256,54,56,1819,366
922,25021413402,282,19,42,2635,343
923,25021413500,165,73,23,2869,261
924,25021414100,568,17,0,3137,585
925,25021414200,708,0,0,3888,708
926,25021414300,478,53,7,2642,538
927,25021415101,453,6,33,2539,492
928,25021415102,563,116,0,4538,679
929,25021415200,249,0,0,3128,249
930,25021415300,322,0,0,2068,322
931,25021416101,262,154,8,2705,424
932,25021416102,129,309,19,1922,457
933,25021416200,466,171,54,3948,691
934,25021416300,492,41,65,2552,598
935,25021416400,400,13,31,2887,444
936,25021417100,899,80,23,3029,1002
937,25021417200,1582,337,47,4845,1966
938,25021417300,463,18,9,1598,490
939,25021417400,142,9,12,1331,163
940,25021417501,845,104,21,2931,970
941,25021417502,1120,45,34,3184,1199
942,25021417601,785,247,11,2792,1043
943,25021417602,758,103,60,2694,921
944,25021417701,1355,34,30,2930,1419
945,25021417702,337,101,52,1484,490
946,25021417801,365,24,11,2890,400
947,25021417802,192,0,10,1444,202
948,25021417901,968,210,61,3405,1239
949,25021417902,593,140,9,2161,742
950,25021418002,1277,33,111,4343,1421
951,25021418003,282,6,39,1824,327
952,25021418004,682,40,13,2614,735
953,25021418101,823,68,44,2562,935
954,25021418102,418,44,80,1978,542
955,25021418200,615,93,268,3840,976
956,25021419100,559,51,0,3338,610
957,25021419200,316,23,41,2689,380
958,25021419300,386,28,26,2207,440
959,25021419400,172,20,36,1726,228
960,25021419500,189,16,18,1545,223
961,25021419600,449,0,37,3604,486
962,25021419700,375,22,58,2262,455
963,25021419800,255,60,59,2280,374
964,25021420100,414,45,0,4469,459
965,25021420201,319,2,19,2015,340
966,25021420202,373,1,32,3637,406
967,25021420301,201,114,95,3396,410
968,25021420302,436,27,0,4397,463
969,25021421100,486,0,16,2534,502
970,25021421200,339,31,21,2955,391
971,25021422100,183,70,0,3146,253
972,25021422200,294,33,17,4217,344
973,25021422301,153,0,24,1763,177
974,25021422302,280,81,57,4192,418
975,25021422400,306,124,27,3930,457
976,25021422501,264,50,44,2741,358
977,25021422502,250,137,15,2962,402
978,25021422600,392,21,0,4057,413
979,25021422700,302,44,0,2033,346
980,25021422800,255,19,0,2334,274
981,25021423100,805,21,37,3922,863
982,25021440100,120,13,113,5188,246
983,25021441202,100,0,18,1616,118
984,25021441203,101,0,12,2010,113
985,25021441204,253,16,34,2598,303
986,25021442101,186,189,13,3110,388
987,25021442102,219,41,44,4397,304
988,25021442103,206,7,0,3817,213
989,25021442201,171,38,43,2301,252
990,25021442202,216,49,73,4405,338
991,25021443101,19,91,112,4413,222
992,25021443102,214,112,52,5639,378
993,25021456101,145,0,18,2214,163
994,25021456102,261,121,20,2830,402
995,25021456200,98,48,46,2407,192
996,25021456301,116,40,6,954,162
997,25021456302,174,69,21,2794,264
998,25021456401,181,37,0,1529,218
999,25021456402,232,16,11,3015,259
1000,25021457100,177,31,0,2569,208
1001,25021457200,344,52,46,3012,442
1002,25023500101,297,62,21,2342,380
1003,25023500103,97,0,0,1109,97
1004,25023500104,304,63,26,2470,393
1005,25023501101,243,10,28,1584,281
1006,25023501102,875,68,0,4321,943
1007,25023501201,332,0,14,1841,346
1008,25023501202,573,0,19,2897,592
1009,25023502101,146,28,113,3746,287
1010,25023502102,197,0,0,3141,197
1011,25023502200,156,9,1,3092,166
1012,25023503101,257,0,0,3729,257
1013,25023503102,156,38,33,3564,227
1014,25023504101,212,42,24,2738,278
1015,25023504102,290,22,31,2837,343
1016,25023505101,262,35,82,3507,379
1017,25023505102,354,33,10,2609,397
1018,25023505200,324,126,15,3477,465
1019,25023506101,261,0,33,3758,294
1020,25023506102,129,68,13,3000,210
1021,25023506202,34,22,0,1266,56
1022,25023506203,50,0,36,2706,86
1023,25023506204,74,43,0,2534,117
1024,25023507101,104,26,7,2589,137
1025,25023507103,169,35,17,2024,221
1026,25023507104,112,37,17,2607,166
1027,25023508101,71,15,0,3973,86
1028,25023508102,135,9,0,3015,144
1029,25023508200,174,100,0,3363,274
1030,25023509101,125,0,46,3889,171
1031,25023509102,85,0,48,3177,133
1032,25023510100,193,0,32,2641,225
1033,25023510200,213,0,14,3375,227
1034,25023510300,296,11,0,1988,307
1035,25023510400,193,45,107,1677,345
1036,25023510501,160,39,23,1565,222
1037,25023510502,303,153,74,2694,530
1038,25023510503,0,71,61,1955,132
1039,25023510600,124,27,0,1589,151
1040,25023510700,106,16,12,2774,134
1041,25023510800,252,72,184,3424,508
1042,25023510900,62,69,11,663,142
1043,25023511000,74,11,68,1349,153
1044,25023511100,190,72,82,3070,344
1045,25023511200,189,92,98,2413,379
1046,25023511301,168,89,78,2388,335
1047,25023511302,109,24,11,1348,144
1048,25023511400,76,24,82,1870,182
1049,25023511500,175,34,173,2543,382
1050,25023511600,109,197,16,3506,322
1051,25023511701,87,0,13,2377,100
1052,25023511702,66,30,0,1254,96
1053,25023520100,614,0,19,3816,633
1054,25023520201,129,0,67,2454,196
1055,25023520202,300,0,0,3379,300
1056,25023521101,96,81,0,2544,177
1057,25023521102,78,50,0,1863,128
1058,25023521201,54,84,11,1892,149
1059,25023521202,69,14,0,2034,83
1060,25023522101,141,0,102,2727,243
1061,25023522102,212,21,34,3485,267
1062,25023523100,22,14,0,1742,36
1063,25023523201,55,11,5,1783,71
1064,25023523202,232,0,62,3872,294
1065,25023524101,67,0,8,1661,75
1066,25023524102,85,90,35,2043,210
1067,25023525101,87,206,12,4011,305
1068,25023525104,170,57,16,3485,243
1069,25023525203,127,20,48,2712,195
1070,25023525204,105,6,14,2530,125
1071,25023525300,0,0,0,0,0
1072,25023526100,197,32,0,4441,229
1073,25023530100,81,101,0,1893,182
1074,25023530200,194,48,57,1955,299
1075,25023530300,50,183,14,2319,247
1076,25023530400,73,0,27,3246,100
1077,25023530500,139,15,64,2674,218
1078,25023530600,102,21,0,3156,123
1079,25023530700,165,46,33,2408,244
1080,25023530801,141,19,99,3168,259
1081,25023530802,88,14,37,2517,139
1082,25023530901,67,0,28,4779,95
1083,25023530902,79,0,16,2475,95
1084,25023540101,100,7,42,2068,149
1085,25023540102,51,0,5,1398,56
1086,25023540103,65,0,20,2822,85
1087,25023541100,16,58,68,2755,142
1088,25023542101,130,0,29,4479,159
1089,25023542102,41,29,0,1382,70
1090,25023542200,35,0,49,3204,84
1091,25023542300,67,53,0,3787,120
1092,25023543100,67,8,6,1549,81
1093,25023544100,20,10,38,2982,68
1094,25023544200,12,49,15,2743,76
1095,25023545100,28,0,79,3535,107
1096,25023545200,44,87,85,3369,216
1097,25023545300,0,21,0,2094,21
1098,25023545400,47,0,0,2646,47
1099,25023560100,43,15,34,3453,92
1100,25023561100,83,21,0,2152,104
1101,25023561200,32,470,7,1833,509
1102,25023990003,0,0,0,0,0
1103,25025000100,727,222,183,3179,1132
1104,25025000201,716,57,115,2842,888
1105,25025000202,642,48,69,2440,759
1106,25025000301,656,74,23,1988,753
1107,25025000302,434,86,67,2115,587
1108,25025000401,1334,135,219,3681,1688
1109,25025000402,634,191,45,2110,870
1110,25025000502,1023,1049,94,3228,2166
1111,25025000503,627,165,46,1481,838
1112,25025000504,1239,221,160,2937,1620
1113,25025000601,643,190,109,2837,942
1114,25025000602,1079,266,229,2467,1574
1115,25025000701,1563,155,396,3554,2114
1116,25025000703,504,219,60,1149,783
1117,25025000704,1412,532,312,3199,2256
1118,25025000802,1561,552,326,4165,2439
1119,25025000803,423,1265,49,2051,1737
1120,25025010103,220,907,20,1415,1147
1121,25025010104,882,1213,116,2903,2211
1122,25025010203,710,1134,243,2688,2087
1123,25025010204,538,813,60,1832,1411
1124,25025010300,363,1579,15,2365,1957
1125,25025010403,517,691,104,1580,1312
1126,25025010404,645,869,170,2152,1684
1127,25025010405,694,1392,71,2538,2157
1128,25025010408,287,441,61,1039,789
1129,25025010500,567,463,59,1680,1089
1130,25025010600,487,739,81,1880,1307
1131,25025010701,532,626,145,1869,1303
1132,25025010702,437,702,92,1777,1231
1133,25025010801,292,783,91,1825,1166
1134,25025010802,449,894,149,2199,1492
1135,25025020101,626,1400,86,2925,2112
1136,25025020200,758,1554,120,2988,2432
1137,25025020301,291,699,67,1359,1057
1138,25025020302,125,408,30,727,563
1139,25025020303,464,842,146,2251,1452
1140,25025030100,467,814,28,1797,1309
1141,25025030200,256,831,0,1470,1087
1142,25025030300,595,1654,118,3165,2367
1143,25025030400,623,946,68,2054,1637
1144,25025030500,332,890,59,1883,1281
1145,25025040100,146,447,84,1581,677
1146,25025040200,194,122,0,864,316
1147,25025040300,938,328,206,2979,1472
1148,25025040401,541,242,71,1662,854
1149,25025040600,548,266,64,2245,878
1150,25025040801,693,359,93,2262,1145
1151,25025050101,1135,128,46,2698,1309
1152,25025050200,1624,301,63,3256,1988
1153,25025050300,415,26,13,868,454
1154,25025050400,1109,80,5,1718,1194
1155,25025050500,789,103,55,1354,947
1156,25025050600,1050,87,13,1724,1150
1157,25025050700,2281,178,41,3194,2500
1158,25025050901,1677,105,0,2790,1782
1159,25025051000,1083,58,34,2527,1175
1160,25025051101,2161,58,149,4267,2368
1161,25025051200,963,32,25,1710,1020
1162,25025060101,690,95,97,2420,882
1163,25025060200,734,117,46,1767,897
1164,25025060301,1134,181,162,2629,1477
1165,25025060400,1273,357,48,3904,1678
1166,25025060501,1175,223,174,3165,1572
1167,25025060600,633,967,157,2850,1757
1168,25025060700,373,70,10,781,453
1169,25025060800,1040,306,144,3121,1490
1170,25025061000,498,170,36,1438,704
1171,25025061101,324,101,19,700,444
1172,25025061200,1215,612,240,3514,2067
1173,25025070101,897,1716,130,3838,2743
1174,25025070200,398,1297,103,2411,1798
1175,25025070300,680,1189,278,3073,2147
1176,25025070402,236,354,55,1128,645
1177,25025070500,959,1164,235,3578,2358
1178,25025070600,346,500,110,1672,956
1179,25025070700,479,443,88,1620,1010
1180,25025070800,883,756,199,2633,1838
1181,25025070900,538,403,153,1716,1094
1182,25025071101,532,491,242,2116,1265
1183,25025071201,288,577,69,1600,934
1184,25025080100,283,152,13,838,448
1185,25025080300,432,118,17,1061,567
1186,25025080401,492,128,66,1177,686
1187,25025080500,558,130,16,1249,704
1188,25025080601,494,516,27,1536,1037
1189,25025080801,459,840,9,1809,1308
1190,25025080900,675,801,127,2148,1603
1191,25025081001,866,500,47,2279,1413
1192,25025081100,747,276,72,1988,1095
1193,25025081200,525,154,93,1383,772
1194,25025081300,1081,113,40,1956,1234
1195,25025081400,622,329,104,1736,1055
1196,25025081500,434,97,45,1136,576
1197,25025081700,544,113,10,1746,667
1198,25025081800,589,122,6,1403,717
1199,25025081900,859,126,30,1533,1015
1200,25025082000,522,23,0,1508,545
1201,25025082100,1088,163,47,2282,1298
1202,25025090100,825,112,0,2061,937
1203,25025090200,327,69,49,916,445
1204,25025090300,637,16,7,1370,660
1205,25025090400,612,242,135,2032,989
1206,25025090600,578,108,57,1368,743
1207,25025090700,1138,55,19,2286,1212
1208,25025090901,584,236,55,1631,875
1209,25025091001,730,81,24,1953,835
1210,25025091100,1042,170,98,2930,1310
1211,25025091200,435,66,77,1734,578
1212,25025091300,499,88,15,1266,602
1213,25025091400,580,55,34,1498,669
1214,25025091500,971,76,76,2465,1123
1215,25025091600,655,121,38,1671,814
1216,25025091700,740,28,64,1505,832
1217,25025091800,515,20,62,1486,597
1218,25025091900,657,50,36,1946,743
1219,25025092000,1037,89,5,2510,1131
1220,25025092101,1110,354,206,4040,1670
1221,25025092200,722,47,8,1760,777
1222,25025092300,491,59,37,1606,587
1223,25025092400,1081,0,204,2556,1285
1224,25025100100,1104,55,11,3222,1170
1225,25025100200,522,33,65,1547,620
1226,25025100300,649,39,65,1938,753
1227,25025100400,1269,113,116,2881,1498
1228,25025100500,1379,116,17,3087,1512
1229,25025100601,1464,193,205,3452,1862
1230,25025100603,196,82,40,1407,318
1231,25025100700,386,74,40,2277,500
1232,25025100800,1178,11,62,3889,1251
1233,25025100900,594,80,69,2364,743
1234,25025101001,1110,0,38,3024,1148
1235,25025101002,1070,152,0,2926,1222
1236,25025101101,629,0,56,1690,685
1237,25025101102,860,45,10,2539,915
1238,25025110103,1241,64,138,3529,1443
1239,25025110201,314,36,7,1200,357
1240,25025110301,405,23,68,1672,496
1241,25025110401,666,13,24,1965,703
1242,25025110403,672,0,77,2658,749
1243,25025110501,465,14,77,2240,556
1244,25025110502,751,115,179,3130,1045
1245,25025110601,238,1,57,1310,296
1246,25025110607,931,52,162,3164,1145
1247,25025120103,195,64,104,1050,363
1248,25025120104,513,52,154,1479,719
1249,25025120105,143,179,49,1229,371
1250,25025120201,961,51,203,2467,1215
1251,25025120301,1390,126,275,3450,1791
1252,25025120400,2117,76,120,4095,2313
1253,25025120500,832,71,160,1686,1063
1254,25025120600,1085,94,159,1964,1338
1255,25025120700,606,65,133,1457,804
1256,25025130100,655,26,74,3777,755
1257,25025130200,441,101,25,2989,567
1258,25025130300,392,30,35,2415,457
1259,25025130402,526,37,57,2898,620
1260,25025130404,326,45,53,1889,424
1261,25025130406,706,0,16,2909,722
1262,25025140102,496,43,39,2860,578
1263,25025140105,608,10,67,2392,685
1264,25025140106,294,4,33,1017,331
1265,25025140107,314,31,10,1604,355
1266,25025140201,336,7,0,1492,343
1267,25025140202,737,97,10,3689,844
1268,25025140300,805,137,53,3369,995
1269,25025140400,1404,50,22,4398,1476
1270,25025160101,1398,319,252,4702,1969
1271,25025160200,703,281,162,1998,1146
1272,25025160300,343,40,20,1236,403
1273,25025160400,696,230,7,2017,933
1274,25025160501,752,204,98,2956,1054
1275,25025160502,746,143,39,2676,928
1276,25025160601,602,81,43,2271,726
1277,25025160602,657,114,63,2770,834
1278,25025170100,477,144,44,3851,665
1279,25025170200,363,120,26,2160,509
1280,25025170300,684,148,32,4850,864
1281,25025170400,839,198,1,3107,1038
1282,25025170501,692,26,56,1913,774
1283,25025170502,251,33,0,1140,284
1284,25025170601,727,89,0,3105,816
1285,25025170701,500,70,29,1195,599
1286,25025170702,1461,152,73,3584,1686
1287,25025170800,1241,1,91,2867,1333
1288,25025180101,677,51,56,2649,784
1289,25025180200,550,120,21,2268,691
1290,25025180301,439,11,30,1519,480
1291,25025180400,250,41,8,1279,299
1292,25025180500,487,17,26,2553,530
1293,25025980101,44,3,0,71,47
1294,25025980300,10,9,0,62,19
1295,25025980700,0,0,0,0,0
1296,25025981000,0,0,0,0,0
1297,25025981100,40,0,0,121,40
1298,25025981201,0,0,0,0,0
1299,25025981202,0,69,0,33,69
1300,25025981300,106,20,0,296,126
1301,25025981501,0,0,0,0,0
1302,25025981502,0,0,0,0,0
1303,25025981600,0,0,0,0,0
1304,25025981700,0,0,0,0,0
1305,25025981800,0,0,0,12,0
1306,25025990101,67,0,0,67,67
1307,25027700100,43,104,14,3497,161
1308,25027701100,33,199,43,4584,275
1309,25027702200,0,35,45,1720,80
1310,25027703100,31,60,39,1990,130
1311,25027703200,36,7,0,1635,43
1312,25027703300,0,95,34,1804,129
1313,25027704200,21,27,7,1509,55
1314,25027705100,0,21,0,4415,21
1315,25027706100,17,18,0,2690,35
1316,25027707100,0,20,42,1932,62
1317,25027707200,23,83,27,933,133
1318,25027707300,76,220,82,2181,378
1319,25027707400,7,31,0,2405,38
1320,25027707500,0,0,29,2348,29
1321,25027708100,143,20,40,4135,203
1322,25027709100,49,0,21,2091,70
1323,25027709201,19,0,99,4031,118
1324,25027709202,37,0,38,3377,75
1325,25027709400,0,286,58,2220,344
1326,25027709501,26,6,6,1144,38
1327,25027709502,58,56,0,2947,114
1328,25027709600,8,9,74,1387,91
1329,25027709701,39,64,0,2682,103
1330,25027709702,40,45,34,1477,119
1331,25027710100,68,77,79,1850,224
1332,25027710200,65,44,31,3550,140
1333,25027710300,14,9,0,1592,23
1334,25027710400,0,19,12,1163,31
1335,25027710500,24,25,47,1333,96
1336,25027710600,103,108,210,3582,421
1337,25027710700,52,106,45,735,203
1338,25027710800,57,91,250,1909,398
1339,25027711000,45,35,0,1311,80
1340,25027711100,3,130,25,2346,158
1341,25027712101,18,0,43,3638,61
1342,25027712102,51,17,7,2275,75
1343,25027713100,58,66,75,3671,199
1344,25027715100,95,12,11,2772,118
1345,25027716100,10,0,80,4221,90
1346,25027716200,0,102,26,1597,128
1347,25027716300,23,111,16,2005,150
1348,25027717100,22,20,40,1667,82
1349,25027718100,17,84,58,2531,159
1350,25027719100,29,0,0,4237,29
1351,25027720100,10,8,20,1924,38
1352,25027721101,7,16,15,1025,38
1353,25027721102,0,0,0,4871,0
1354,25027722100,0,0,0,2996,0
1355,25027723100,3,90,10,1917,103
1356,25027724100,34,101,12,2018,147
1357,25027725100,41,93,0,2580,134
1358,25027726100,4,17,13,3435,34
1359,25027726200,29,183,26,3059,238
1360,25027727100,33,86,31,2546,150
1361,25027728100,0,7,17,2598,24
1362,25027728200,21,0,10,2339,31
1363,25027728300,20,42,37,2490,99
1364,25027728400,0,8,12,2691,20
1365,25027729100,11,51,40,1690,102
1366,25027729200,5,6,6,1163,17
1367,25027730100,90,2,0,3372,92
1368,25027730200,31,21,61,2678,113
1369,25027730300,32,88,41,2570,161
1370,25027730401,38,131,21,2314,190
1371,25027730402,59,21,7,1001,87
1372,25027730500,61,139,38,1801,238
1373,25027730600,58,161,47,4166,266
1374,25027730700,34,15,21,3504,70
1375,25027730801,32,14,50,1851,96
1376,25027730802,28,28,0,1113,56
1377,25027730901,66,41,13,1704,120
1378,25027730902,101,219,69,2295,389
1379,25027731001,12,29,0,1126,41
1380,25027731002,79,0,0,2656,79
1381,25027731101,41,88,34,1758,163
1382,25027731102,10,27,29,1373,66
1383,25027731202,33,232,17,599,282
1384,25027731203,127,338,193,2271,658
1385,25027731204,59,22,61,933,142
1386,25027731300,136,104,63,1418,303
1387,25027731400,69,212,68,1584,349
1388,25027731500,11,238,72,1819,321
1389,25027731600,142,864,35,2738,1041
1390,25027731700,164,242,21,1370,427
1391,25027731800,96,204,226,2698,526
1392,25027731900,149,74,56,1840,279
1393,25027732001,51,125,41,915,217
1394,25027732002,56,327,31,2162,414
1395,25027732201,6,184,46,1275,236
1396,25027732202,10,78,76,1860,164
1397,25027732203,0,81,83,1830,164
1398,25027732301,38,16,36,2700,90
1399,25027732302,67,0,29,1737,96
1400,25027732400,101,172,127,2990,400
1401,25027732500,33,74,48,651,155
1402,25027732600,119,144,19,1883,282
1403,25027732700,76,34,140,1526,250
1404,25027732801,24,52,0,2872,76
1405,25027732802,93,30,45,2086,168
1406,25027732901,48,86,31,3657,165
1407,25027732902,6,438,43,951,487
1408,25027733000,79,94,73,1657,246
1409,25027733101,0,20,33,1040,53
1410,25027733102,11,7,34,1242,52
1411,25027735100,40,73,13,3762,126
1412,25027735200,0,2,69,2642,71
1413,25027736100,0,34,6,1489,40
1414,25027736200,48,0,18,2110,66
1415,25027736300,0,5,0,1303,5
1416,25027736400,0,0,0,1645,0
1417,25027736500,4,29,0,2143,33
1418,25027737100,19,68,24,2588,111
1419,25027737200,32,48,54,1082,134
1420,25027737300,0,43,197,3828,240
1421,25027738100,109,1,33,2399,143
1422,25027738201,40,3,12,2099,55
1423,25027738202,192,13,0,3597,205
1424,25027739100,169,97,16,5194,282
1425,25027739200,88,36,12,3663,136
1426,25027739300,119,0,6,2023,125
1427,25027739400,184,38,29,4365,251
1428,25027739500,51,51,50,4103,152
1429,25027740101,51,25,24,3240,100
1430,25027740102,7,25,0,3334,32
1431,25027740200,34,69,0,1866,103
1432,25027741101,87,63,18,2352,168
1433,25027741102,165,54,8,2933,227
1434,25027742300,27,21,65,2265,113
1435,25027742401,46,31,28,2836,105
1436,25027742402,99,28,83,2052,210
1437,25027743100,52,1,58,4244,111
1438,25027744101,123,17,62,4487,202
1439,25027744102,42,0,126,2947,168
1440,25027744200,64,13,120,3973,197
1441,25027744300,0,67,100,2447,167
1442,25027744400,21,18,9,1938,48
1443,25027745100,116,47,82,3112,245
1444,25027746100,195,26,0,3501,221
1445,25027747101,27,13,0,3225,40
1446,25027747102,6,22,34,2364,62
1447,25027748100,49,0,55,1768,104
1448,25027749100,11,0,31,4402,42
1449,25027749200,0,12,37,3210,49
1450,25027750100,0,11,15,2932,26
1451,25027750200,39,29,91,4407,159
1452,25027750300,9,0,118,1518,127
1453,25027751101,14,141,72,3526,227
1454,25027751102,8,0,5,1754,13
1455,25027752100,26,39,77,5048,142
1456,25027753100,35,36,124,4502,195
1457,25027753200,17,16,15,3028,48
1458,25027754100,0,51,0,3107,51
1459,25027754200,35,62,16,1669,113
1460,25027754300,0,192,68,1734,260
1461,25027754400,0,7,22,2025,29
1462,25027755100,25,68,41,1636,134
1463,25027755200,6,165,58,4233,229
1464,25027756101,16,0,0,2366,16
1465,25027756102,0,14,0,4727,14
1466,25027757100,14,173,38,2312,225
1467,25027757200,3,99,52,1117,154
1468,25027757300,6,223,21,1100,250
1469,25027757400,0,71,6,1395,77
1470,25027757500,0,0,28,2364,28
1471,25027758101,6,12,24,762,42
1472,25027758102,19,16,1,3972,36
1473,25027759100,5,12,0,1267,17
1474,25027760100,2,15,10,1804,27
1475,25027761100,0,24,0,2673,24
1476,25027761200,142,32,38,2511,212
1477,25027761300,33,10,78,1931,121
1478,25027761400,172,51,7,2707,230
