,mid,labels,confidence,yes
0,346868.0,NEGATIVE,0.9464291930198668,0.0
1,353984.0,NEGATIVE,0.6685471534729004,0.0
2,358627.0,NEGATIVE,0.9977973699569702,0.0
3,359762.0,NEGATIVE,0.9921849370002748,0.0
4,361731.0,NEGATIVE,0.9995139837265016,0.0
5,362453.0,NEGATIVE,0.947848618030548,0.0
6,362946.0,NEGATIVE,0.9989225268363952,1.0
7,363666.0,NEGATIVE,0.8222427964210509,0.0
8,364176.0,NEGATIVE,0.8730803728103638,0.0
9,364378.0,POSITIVE,0.9950125813484192,0.0
10,364888.0,NEGATIVE,0.9902352690696716,0.0
11,366348.0,POSITIVE,0.9268817305564879,0.0
12,366951.0,NEGATIVE,0.9990216493606568,0.0
13,367232.0,POSITIVE,0.5405457019805908,0.0
14,367953.0,NEGATIVE,0.9972777962684632,0.0
15,367998.0,NEGATIVE,0.7773971557617188,0.0
16,370086.0,NEGATIVE,0.9876987934112548,0.0
17,370112.0,POSITIVE,0.6749130487442017,1.0
18,370272.0,NEGATIVE,0.9807375073432922,1.0
19,370351.0,NEGATIVE,0.8880062699317932,1.0
20,370393.0,NEGATIVE,0.9978947043418884,0.0
21,370472.0,NEGATIVE,0.8731032013893127,0.0
22,370780.0,POSITIVE,0.5910165905952454,0.0
23,371003.0,POSITIVE,0.9738988876342772,0.0
24,371072.0,NEGATIVE,0.8395872116088867,1.0
25,371360.0,NEGATIVE,0.5129993557929993,0.0
26,371422.0,POSITIVE,0.8738879561424255,0.0
27,371588.0,NEGATIVE,0.9974690675735474,1.0
28,371611.0,NEGATIVE,0.6850922703742981,0.0
29,371803.0,NEGATIVE,0.9806290864944458,0.0
30,371916.0,NEGATIVE,0.9940778017044068,0.0
31,371926.0,NEGATIVE,0.6972346901893616,1.0
32,372199.0,NEGATIVE,0.9710855484008788,1.0
33,372361.0,NEGATIVE,0.8773695230484009,0.0
34,372741.0,POSITIVE,0.7977730631828308,1.0
35,372861.0,POSITIVE,0.9943894743919371,1.0
36,372863.0,POSITIVE,0.8845540285110474,1.0
37,372910.0,NEGATIVE,0.9560354948043824,1.0
38,372944.0,POSITIVE,0.5111863017082214,1.0
39,373047.0,NEGATIVE,0.9971246123313904,1.0
40,373129.0,NEGATIVE,0.9899673461914062,0.0
41,373182.0,NEGATIVE,0.9425317645072936,1.0
42,373210.0,POSITIVE,0.7354491353034973,0.0
43,373278.0,NEGATIVE,0.7423938512802124,0.0
44,373394.0,NEGATIVE,0.99309903383255,1.0
45,373618.0,NEGATIVE,0.998529314994812,1.0
46,373705.0,NEGATIVE,0.8966597318649292,0.0
47,374012.0,NEGATIVE,0.8625544905662537,0.0
48,374172.0,NEGATIVE,0.6446719169616699,1.0
49,375151.0,NEGATIVE,0.9997518658638,1.0
50,375187.0,NEGATIVE,0.9245892763137816,0.0
51,375214.0,NEGATIVE,0.999621033668518,0.0
52,375268.0,POSITIVE,0.8238892555236816,1.0
53,375367.0,NEGATIVE,0.9996132254600524,1.0
54,375475.0,NEGATIVE,0.5123756527900696,0.0
55,375514.0,NEGATIVE,0.9992851614952089,0.0
56,375588.0,NEGATIVE,0.9994719624519348,0.0
57,375615.0,NEGATIVE,0.9962917566299438,1.0
58,375617.0,POSITIVE,0.9539974331855774,0.0
59,375643.0,NEGATIVE,0.9886948466300964,0.0
60,375668.0,POSITIVE,0.9844294786453248,1.0
61,375986.0,POSITIVE,0.9744493961334229,1.0
62,375996.0,NEGATIVE,0.7295827269554138,0.0
63,376023.0,POSITIVE,0.94106262922287,0.0
64,376216.0,NEGATIVE,0.7067451477050781,0.0
65,376306.0,NEGATIVE,0.9988380074501038,1.0
66,376507.0,NEGATIVE,0.9990543723106384,0.0
67,376509.0,NEGATIVE,0.9974466562271118,0.0
68,376519.0,POSITIVE,0.5374177694320679,0.0
69,376606.0,NEGATIVE,0.5562561750411987,0.0
70,376627.0,NEGATIVE,0.5347751379013062,0.0
71,376658.0,NEGATIVE,0.9990656971931458,0.0
72,376694.0,NEGATIVE,0.9919176697731018,1.0
73,376790.0,NEGATIVE,0.9965630173683168,0.0
74,376828.0,NEGATIVE,0.9990971088409424,0.0
75,376832.0,NEGATIVE,0.9983867406845092,0.0
76,376852.0,POSITIVE,0.8208943605422974,1.0
77,376961.0,POSITIVE,0.9224355816841124,0.0
78,377057.0,NEGATIVE,0.9998030066490172,1.0
79,377067.0,NEGATIVE,0.973183274269104,1.0
80,377109.0,NEGATIVE,0.8106744885444641,0.0
81,377170.0,NEGATIVE,0.7405719161033629,0.0
82,377223.0,NEGATIVE,0.9982386827468872,0.0
83,377225.0,NEGATIVE,0.9616557955741882,1.0
84,377244.0,NEGATIVE,0.767109215259552,1.0
85,377280.0,POSITIVE,0.8823810815811157,1.0
86,377375.0,NEGATIVE,0.9099282026290894,1.0
87,377377.0,NEGATIVE,0.9981516003608704,1.0
88,377391.0,NEGATIVE,0.9997746348381042,0.0
89,377445.0,NEGATIVE,0.9023139476776124,0.0
90,377486.0,NEGATIVE,0.8128173351287842,1.0
91,377539.0,POSITIVE,0.8911945223808289,1.0
92,377541.0,NEGATIVE,0.996313750743866,0.0
93,377551.0,NEGATIVE,0.9335076212882996,1.0
94,377582.0,NEGATIVE,0.9910378456115724,0.0
95,377601.0,NEGATIVE,0.6103376150131226,0.0
96,377872.0,NEGATIVE,0.9967575669288636,0.0
97,377888.0,POSITIVE,0.7930890917778015,1.0
98,377894.0,NEGATIVE,0.9989449381828308,0.0
99,377985.0,NEGATIVE,0.99993634223938,1.0
100,378023.0,NEGATIVE,0.9982717037200928,0.0
101,378045.0,NEGATIVE,0.7975690364837646,1.0
102,378067.0,NEGATIVE,0.999292016029358,0.0
103,378120.0,NEGATIVE,0.9987149238586426,0.0
104,378178.0,NEGATIVE,0.5836986899375916,1.0
105,378309.0,NEGATIVE,0.794342577457428,1.0
106,378400.0,NEGATIVE,0.994834303855896,1.0
107,378412.0,NEGATIVE,0.9118092060089112,0.0
108,378432.0,NEGATIVE,0.976237654685974,0.0
109,378514.0,NEGATIVE,0.9962244033813475,0.0
110,378551.0,NEGATIVE,0.9961883425712584,1.0
111,378637.0,NEGATIVE,0.5252698659896851,0.0
112,500059.0,NEGATIVE,0.9991053938865662,0.0
113,500082.0,NEGATIVE,0.9995451569557191,0.0
114,500086.0,NEGATIVE,0.9090816378593444,1.0
115,500140.0,NEGATIVE,0.9965798258781432,1.0
116,500146.0,NEGATIVE,0.9923297762870787,1.0
117,500170.0,NEGATIVE,0.8217108845710754,0.0
118,500174.0,NEGATIVE,0.9529305696487428,1.0
119,500193.0,NEGATIVE,0.9963786005973816,1.0
120,500224.0,NEGATIVE,0.7980411648750305,1.0
121,500240.0,NEGATIVE,0.9915528893470764,1.0
122,500288.0,NEGATIVE,0.9232040047645568,0.0
123,500330.0,NEGATIVE,0.9993687272071838,1.0
124,500346.0,NEGATIVE,0.9731178879737854,1.0
125,500354.0,NEGATIVE,0.8632222414016724,1.0
126,500366.0,NEGATIVE,0.9983953833580016,0.0
127,500377.0,NEGATIVE,0.9625117182731628,0.0
128,500385.0,NEGATIVE,0.9718157052993774,0.0
129,500387.0,NEGATIVE,0.9966701865196228,1.0
130,500395.0,NEGATIVE,0.9240366220474244,1.0
131,500408.0,NEGATIVE,0.9992200136184692,0.0
132,500412.0,NEGATIVE,0.9833945035934448,1.0
133,500416.0,NEGATIVE,0.99856036901474,1.0
134,500448.0,POSITIVE,0.9880385994911194,1.0
135,500452.0,POSITIVE,0.9365134835243224,1.0
136,500472.0,NEGATIVE,0.9998383522033693,1.0
137,500492.0,NEGATIVE,0.7015209794044495,1.0
138,500493.0,NEGATIVE,0.9983528852462769,0.0
139,500498.0,NEGATIVE,0.8085784316062927,0.0
140,500500.0,NEGATIVE,0.9977030158042908,0.0
141,500504.0,POSITIVE,0.5432763695716858,0.0
142,500521.0,NEGATIVE,0.994434416294098,1.0
143,500523.0,NEGATIVE,0.6949024200439453,1.0
144,500525.0,POSITIVE,0.9309214949607848,0.0
145,500529.0,NEGATIVE,0.954304575920105,1.0
146,500533.0,NEGATIVE,0.6888529062271118,1.0
147,500541.0,NEGATIVE,0.959717571735382,1.0
148,500552.0,POSITIVE,0.5470130443572998,1.0
149,500554.0,NEGATIVE,0.6773735880851746,0.0
150,500570.0,POSITIVE,0.8599872589111328,0.0
151,500581.0,NEGATIVE,0.9980474710464478,0.0
152,500592.0,NEGATIVE,0.9758433699607848,0.0
153,500608.0,NEGATIVE,0.963626742362976,0.0
154,500611.0,NEGATIVE,0.9848912358283995,0.0
155,500645.0,NEGATIVE,0.998939335346222,0.0
156,500646.0,NEGATIVE,0.7420085668563843,0.0
157,500655.0,NEGATIVE,0.9858961701393129,0.0
158,500665.0,NEGATIVE,0.5194587111473083,1.0
159,500670.0,POSITIVE,0.9791881442070008,1.0
160,500680.0,NEGATIVE,0.9993829727172852,1.0
161,500691.0,NEGATIVE,0.9990568757057191,1.0
162,500692.0,NEGATIVE,0.997364103794098,0.0
163,500698.0,NEGATIVE,0.7744870781898499,1.0
164,500727.0,NEGATIVE,0.8756446838378906,1.0
165,500732.0,POSITIVE,0.9779523015022278,1.0
166,500733.0,POSITIVE,0.9285743832588196,1.0
167,500735.0,NEGATIVE,0.8917626738548279,1.0
168,500736.0,NEGATIVE,0.9975245594978333,1.0
169,500738.0,NEGATIVE,0.9996864795684814,1.0
170,500742.0,NEGATIVE,0.997521698474884,1.0
171,500750.0,NEGATIVE,0.9971476197242736,1.0
172,500751.0,NEGATIVE,0.9841374158859252,1.0
173,500769.0,POSITIVE,0.8151578903198242,1.0
174,500784.0,NEGATIVE,0.9945830702781676,1.0
175,500791.0,NEGATIVE,0.9987558126449584,1.0
176,500797.0,NEGATIVE,0.5964716672897339,1.0
177,500804.0,NEGATIVE,0.9883654117584229,1.0
178,500811.0,NEGATIVE,0.9858848452568054,1.0
179,500823.0,NEGATIVE,0.9774881601333618,1.0
180,500837.0,NEGATIVE,0.9430059790611268,1.0
181,500841.0,NEGATIVE,0.9830456972122192,1.0
182,500844.0,NEGATIVE,0.7454829216003418,1.0
183,500862.0,NEGATIVE,0.9987941980361938,1.0
184,500868.0,POSITIVE,0.886372983455658,1.0
185,500871.0,POSITIVE,0.9261613488197328,1.0
186,500872.0,NEGATIVE,0.9952468276023864,1.0
187,500886.0,NEGATIVE,0.9992735981941224,1.0
188,500889.0,NEGATIVE,0.999081015586853,1.0
189,500897.0,NEGATIVE,0.9984474778175354,1.0
190,500922.0,NEGATIVE,0.9997889399528505,1.0
191,500935.0,NEGATIVE,0.9843494296073914,1.0
192,500937.0,POSITIVE,0.5574334263801575,1.0
193,500939.0,NEGATIVE,0.9888522624969482,1.0
194,500956.0,POSITIVE,0.9877138137817384,0.0
195,500963.0,NEGATIVE,0.9998120665550232,1.0
196,500965.0,POSITIVE,0.5338307023048401,1.0
197,500970.0,NEGATIVE,0.968378722667694,1.0
198,500998.0,NEGATIVE,0.9997431635856628,1.0
199,501023.0,NEGATIVE,0.6347713470458984,1.0
200,501026.0,NEGATIVE,0.9360471367836,1.0
201,501040.0,NEGATIVE,0.9821319580078124,1.0
202,501047.0,NEGATIVE,0.7074418663978577,1.0
203,501065.0,NEGATIVE,0.9923112392425536,1.0
204,501076.0,NEGATIVE,0.9916312098503112,1.0
205,501083.0,NEGATIVE,0.9964349269866944,1.0
206,501094.0,NEGATIVE,0.9844475984573364,1.0
207,501101.0,NEGATIVE,0.9794990420341492,1.0
208,501103.0,NEGATIVE,0.7383439540863037,1.0
209,501115.0,NEGATIVE,0.9994065761566162,1.0
210,501116.0,NEGATIVE,0.9993960857391356,1.0
211,501125.0,NEGATIVE,0.9798569083213806,1.0
212,501130.0,NEGATIVE,0.9987940788269044,1.0
213,501135.0,NEGATIVE,0.995969533920288,1.0
214,501142.0,NEGATIVE,0.7944286465644836,1.0
215,501147.0,NEGATIVE,0.9988206028938292,1.0
216,501166.0,NEGATIVE,0.98449969291687,0.0
217,501180.0,NEGATIVE,0.9748066663742064,0.0
218,501184.0,NEGATIVE,0.7689425349235535,0.0
219,501186.0,NEGATIVE,0.999037742614746,0.0
220,501192.0,NEGATIVE,0.9896932244300842,1.0
221,501193.0,NEGATIVE,0.9556071162223816,1.0
222,501198.0,NEGATIVE,0.9718918800354004,1.0
223,501201.0,NEGATIVE,0.9969401359558104,0.0
224,501206.0,NEGATIVE,0.9857481122016908,0.0
225,501212.0,NEGATIVE,0.9261472225189208,0.0
226,501214.0,NEGATIVE,0.9955471754074096,1.0
227,501215.0,NEGATIVE,0.9798960685729979,1.0
228,501217.0,NEGATIVE,0.893793523311615,1.0
229,501218.0,NEGATIVE,0.8592507243156433,1.0
230,501243.0,NEGATIVE,0.9953283071517944,1.0
231,501246.0,NEGATIVE,0.9150578379631042,1.0
232,501250.0,POSITIVE,0.9827120304107666,1.0
233,501254.0,NEGATIVE,0.9930009841918944,0.0
234,501270.0,NEGATIVE,0.918775737285614,1.0
235,501275.0,NEGATIVE,0.5190826058387756,1.0
236,501276.0,POSITIVE,0.8816437125205994,1.0
237,501280.0,NEGATIVE,0.9837659001350404,1.0
238,501287.0,POSITIVE,0.9963502883911132,1.0
239,501288.0,NEGATIVE,0.9979918003082277,1.0
240,501290.0,NEGATIVE,0.8352428674697876,1.0
241,501292.0,NEGATIVE,0.9648292064666748,1.0
242,501305.0,POSITIVE,0.7223061323165894,1.0
243,501306.0,POSITIVE,0.9356151223182678,1.0
244,501321.0,NEGATIVE,0.9891861081123352,1.0
245,501322.0,NEGATIVE,0.9671326875686646,1.0
246,501324.0,NEGATIVE,0.8350399136543274,1.0
247,501330.0,NEGATIVE,0.9995816349983216,0.0
248,501370.0,NEGATIVE,0.9995104074478148,0.0
249,501394.0,NEGATIVE,0.9718861579895021,1.0
250,501403.0,NEGATIVE,0.9111330509185792,1.0
251,501406.0,NEGATIVE,0.9037482738494872,0.0
252,501407.0,NEGATIVE,0.978948175907135,0.0
253,501413.0,POSITIVE,0.5452442765235901,1.0
254,501416.0,NEGATIVE,0.9984618425369264,1.0
255,501428.0,NEGATIVE,0.9988510608673096,1.0
256,501429.0,NEGATIVE,0.9997856020927428,1.0
257,501433.0,NEGATIVE,0.995047688484192,1.0
258,501439.0,NEGATIVE,0.7611243724822998,1.0
259,501443.0,NEGATIVE,0.9986379742622375,1.0
260,501446.0,NEGATIVE,0.9834205508232116,1.0
261,501449.0,NEGATIVE,0.9983710646629332,0.0
262,501455.0,NEGATIVE,0.7933564782142639,0.0
263,501477.0,NEGATIVE,0.9881101846694946,1.0
264,501479.0,NEGATIVE,0.9785664081573486,1.0
265,501492.0,NEGATIVE,0.6336261034011841,1.0
266,501508.0,NEGATIVE,0.9867522716522216,1.0
267,501512.0,POSITIVE,0.9827142357826232,1.0
268,501514.0,POSITIVE,0.9382376074790956,1.0
269,501516.0,POSITIVE,0.9907201528549194,1.0
270,501526.0,POSITIVE,0.9957108497619628,1.0
271,501537.0,NEGATIVE,0.6382265686988831,1.0
272,501540.0,NEGATIVE,0.9997461438179016,1.0
273,501547.0,NEGATIVE,0.6445343494415283,1.0
274,501549.0,NEGATIVE,0.9981867671012878,1.0
275,501558.0,NEGATIVE,0.927689492702484,1.0
276,501560.0,NEGATIVE,0.9874290823936462,1.0
277,501566.0,POSITIVE,0.9386366605758668,1.0
278,501576.0,NEGATIVE,0.999897599220276,0.0
279,501578.0,POSITIVE,0.6198545694351196,0.0
280,501581.0,NEGATIVE,0.9918352365493774,0.0
281,501588.0,NEGATIVE,0.998221218585968,0.0
282,501590.0,NEGATIVE,0.6305866241455078,1.0
283,501592.0,NEGATIVE,0.7810861468315125,1.0
284,501593.0,NEGATIVE,0.9961942434310912,1.0
285,501597.0,NEGATIVE,0.9529338479042052,1.0
286,501600.0,NEGATIVE,0.998602569103241,1.0
287,501607.0,POSITIVE,0.7592960000038147,1.0
288,501611.0,NEGATIVE,0.998223602771759,1.0
289,501615.0,NEGATIVE,0.9993166923522948,1.0
290,501619.0,NEGATIVE,0.7710581421852112,1.0
291,501622.0,NEGATIVE,0.9982749223709106,1.0
292,501632.0,NEGATIVE,0.999421238899231,1.0
293,501638.0,NEGATIVE,0.9462757706642152,1.0
294,501639.0,NEGATIVE,0.870060384273529,1.0
295,501641.0,NEGATIVE,0.9785606265068054,1.0
296,501642.0,NEGATIVE,0.9890011548995972,1.0
297,501646.0,NEGATIVE,0.9934611320495604,1.0
298,501657.0,POSITIVE,0.6460617780685425,1.0
299,501659.0,NEGATIVE,0.8415835499763489,1.0
300,501663.0,NEGATIVE,0.8381686210632324,1.0
301,501670.0,NEGATIVE,0.9675585627555848,1.0
302,501671.0,NEGATIVE,0.9904549717903136,1.0
303,501672.0,NEGATIVE,0.9950862526893616,1.0
304,501673.0,POSITIVE,0.6480837464332581,1.0
305,501674.0,NEGATIVE,0.9995267391204834,1.0
306,501681.0,NEGATIVE,0.9365235567092896,1.0
307,501693.0,POSITIVE,0.8179503083229065,1.0
308,501699.0,NEGATIVE,0.9990444779396056,1.0
309,501714.0,NEGATIVE,0.994202196598053,0.0
310,501716.0,NEGATIVE,0.9289485812187196,0.0
311,501717.0,NEGATIVE,0.5054762363433838,0.0
312,501718.0,NEGATIVE,0.9501239061355592,1.0
313,501720.0,NEGATIVE,0.9878230094909668,1.0
314,501735.0,POSITIVE,0.8036770820617676,1.0
315,501736.0,NEGATIVE,0.9977418184280396,1.0
316,501739.0,NEGATIVE,0.9901885390281676,1.0
317,501747.0,NEGATIVE,0.9797778129577636,1.0
318,501749.0,NEGATIVE,0.993658721446991,1.0
319,501762.0,NEGATIVE,0.9976219534873962,1.0
320,501763.0,NEGATIVE,0.9996672868728638,1.0
321,501766.0,NEGATIVE,0.7589089274406433,1.0
322,501770.0,POSITIVE,0.7271735072135925,1.0
323,501773.0,NEGATIVE,0.9633256793022156,1.0
324,501774.0,NEGATIVE,0.9554725885391236,1.0
325,501775.0,NEGATIVE,0.7814682126045227,1.0
326,501780.0,NEGATIVE,0.8640637397766113,1.0
327,501784.0,NEGATIVE,0.9251179695129396,1.0
328,501801.0,POSITIVE,0.5877695679664612,1.0
329,501802.0,NEGATIVE,0.8988893628120422,1.0
330,501806.0,NEGATIVE,0.9996997117996216,1.0
331,501807.0,NEGATIVE,0.9997534155845642,0.0
332,501811.0,NEGATIVE,0.9436209201812744,0.0
333,501812.0,NEGATIVE,0.8841244578361511,0.0
334,501817.0,NEGATIVE,0.9686736464500428,0.0
335,501822.0,NEGATIVE,0.993851900100708,0.0
336,501826.0,NEGATIVE,0.997086465358734,1.0
337,501834.0,NEGATIVE,0.9961297512054444,1.0
338,501835.0,NEGATIVE,0.994834303855896,1.0
339,501857.0,NEGATIVE,0.9222220182418824,1.0
340,501858.0,NEGATIVE,0.6282981038093567,1.0
341,501859.0,NEGATIVE,0.9895082712173462,1.0
342,501860.0,NEGATIVE,0.9834874272346495,1.0
343,501869.0,NEGATIVE,0.9941486120224,1.0
344,501873.0,NEGATIVE,0.9961615800857544,1.0
345,501875.0,NEGATIVE,0.9967299699783324,0.0
346,501878.0,NEGATIVE,0.6212664246559143,1.0
347,501879.0,NEGATIVE,0.9818143248558044,1.0
348,501883.0,POSITIVE,0.5222074985504149,1.0
349,501896.0,NEGATIVE,0.989492654800415,1.0
350,501899.0,NEGATIVE,0.989602029323578,1.0
351,501912.0,NEGATIVE,0.9996527433395386,1.0
352,501913.0,NEGATIVE,0.9628631472587584,1.0
353,501918.0,NEGATIVE,0.9937858581542968,1.0
354,501921.0,NEGATIVE,0.9955572485923768,1.0
355,501926.0,POSITIVE,0.925019919872284,1.0
356,501932.0,NEGATIVE,0.8116247653961182,1.0
357,501933.0,NEGATIVE,0.9832558631896972,1.0
358,501934.0,NEGATIVE,0.9883326888084412,1.0
359,501935.0,NEGATIVE,0.9967312812805176,0.0
360,501937.0,NEGATIVE,0.999398112297058,0.0
361,501938.0,POSITIVE,0.6983672976493835,0.0
362,501939.0,NEGATIVE,0.9455959796905518,0.0
363,501940.0,POSITIVE,0.9826032519340516,1.0
364,501948.0,NEGATIVE,0.5846985578536987,1.0
365,501950.0,POSITIVE,0.8864652514457703,1.0
366,501955.0,NEGATIVE,0.9963433146476746,0.0
367,501957.0,NEGATIVE,0.9990423321723938,1.0
368,501961.0,NEGATIVE,0.9999228715896606,1.0
369,501962.0,NEGATIVE,0.9486104846000672,1.0
370,501966.0,NEGATIVE,0.9995442032814026,1.0
371,501975.0,NEGATIVE,0.9968871474266052,1.0
372,501977.0,NEGATIVE,0.9736471772193908,0.0
373,501979.0,NEGATIVE,0.9966911077499391,1.0
374,501982.0,NEGATIVE,0.9995713829994202,1.0
375,501986.0,NEGATIVE,0.9926638603210448,0.0
376,501992.0,NEGATIVE,0.9971267580986024,1.0
377,501993.0,NEGATIVE,0.9890986680984496,1.0
378,501994.0,NEGATIVE,0.9936111569404602,1.0
379,501995.0,NEGATIVE,0.8849849104881287,1.0
380,501999.0,NEGATIVE,0.6640086174011229,1.0
381,502001.0,NEGATIVE,0.759446382522583,1.0
382,502002.0,NEGATIVE,0.6974853873252869,1.0
383,502003.0,NEGATIVE,0.8399641513824463,1.0
384,502006.0,NEGATIVE,0.97802472114563,1.0
385,502007.0,POSITIVE,0.9306731820106506,0.0
386,502008.0,NEGATIVE,0.9884420037269592,1.0
387,502015.0,POSITIVE,0.9950209856033324,1.0
388,502028.0,NEGATIVE,0.9539951086044312,0.0
389,502029.0,NEGATIVE,0.9724737405776978,1.0
390,502039.0,POSITIVE,0.6377138495445251,1.0
391,502040.0,POSITIVE,0.9565468430519104,1.0
392,502041.0,NEGATIVE,0.6919904351234436,1.0
393,502047.0,POSITIVE,0.6335669755935669,0.0
394,502048.0,NEGATIVE,0.9239273667335509,1.0
395,502049.0,NEGATIVE,0.9413251876831056,1.0
396,502053.0,POSITIVE,0.9902181029319764,1.0
397,502055.0,NEGATIVE,0.9778633713722228,0.0
398,502057.0,NEGATIVE,0.9785964488983154,0.0
399,502060.0,NEGATIVE,0.998878300189972,1.0
400,502062.0,POSITIVE,0.8643674850463867,1.0
401,502065.0,NEGATIVE,0.5547224879264832,1.0
402,502066.0,NEGATIVE,0.9996460676193236,1.0
403,502067.0,NEGATIVE,0.7942978143692017,1.0
404,502070.0,NEGATIVE,0.9864683151245116,1.0
405,502071.0,NEGATIVE,0.8793860673904419,0.0
406,502078.0,NEGATIVE,0.981282114982605,1.0
407,502079.0,NEGATIVE,0.9637441039085388,1.0
408,502088.0,NEGATIVE,0.9261656999588012,1.0
409,502091.0,NEGATIVE,0.7363669276237488,1.0
410,502094.0,NEGATIVE,0.8093281984329224,1.0
411,502097.0,NEGATIVE,0.9904858469963074,1.0
412,502098.0,NEGATIVE,0.7593468427658081,0.0
413,502109.0,NEGATIVE,0.999113380908966,1.0
414,502110.0,NEGATIVE,0.9936187267303468,1.0
415,502114.0,NEGATIVE,0.5766773223876953,1.0
416,502115.0,NEGATIVE,0.9166371822357178,1.0
417,502118.0,NEGATIVE,0.9840144515037536,0.0
418,502122.0,NEGATIVE,0.9922668337821959,1.0
419,502129.0,NEGATIVE,0.9319254755973816,1.0
420,502130.0,NEGATIVE,0.9927307963371276,1.0
421,502131.0,POSITIVE,0.6667253971099854,1.0
422,502134.0,NEGATIVE,0.9993482232093812,1.0
423,502136.0,POSITIVE,0.9651673436164856,0.0
424,502143.0,NEGATIVE,0.9636366963386536,1.0
425,502150.0,NEGATIVE,0.948186218738556,1.0
426,502151.0,NEGATIVE,0.9991581439971924,1.0
427,502172.0,NEGATIVE,0.9999057054519652,1.0
428,502177.0,NEGATIVE,0.9898313879966736,1.0
429,502189.0,NEGATIVE,0.9873058795928956,1.0
430,502192.0,NEGATIVE,0.9984916448593141,0.0
431,502197.0,NEGATIVE,0.7408506274223328,1.0
432,502198.0,NEGATIVE,0.9748272895812988,1.0
433,502203.0,NEGATIVE,0.6947985887527466,0.0
434,502207.0,NEGATIVE,0.9735880494117736,1.0
435,502220.0,NEGATIVE,0.557924747467041,1.0
436,502224.0,NEGATIVE,0.9984530210494996,1.0
437,502228.0,NEGATIVE,0.9986567497253418,1.0
438,502229.0,NEGATIVE,0.9687504768371582,1.0
439,502236.0,NEGATIVE,0.9943206310272216,1.0
440,502247.0,NEGATIVE,0.998737633228302,1.0
441,502250.0,NEGATIVE,0.999887228012085,0.0
442,502258.0,NEGATIVE,0.8584166765213013,0.0
443,502262.0,POSITIVE,0.8772778511047363,1.0
444,502267.0,POSITIVE,0.9831326603889464,1.0
445,502270.0,NEGATIVE,0.8145470619201659,1.0
446,502280.0,NEGATIVE,0.9990214109420776,1.0
447,502283.0,NEGATIVE,0.9958874583244324,0.0
448,502293.0,NEGATIVE,0.9762800335884094,0.0
449,502296.0,NEGATIVE,0.9391861557960509,0.0
450,502303.0,NEGATIVE,0.9975734353065492,0.0
451,502304.0,NEGATIVE,0.93268084526062,0.0
452,502309.0,NEGATIVE,0.9801682233810424,0.0
453,502324.0,NEGATIVE,0.8749905824661255,0.0
454,502331.0,NEGATIVE,0.9632532000541688,0.0
455,502335.0,NEGATIVE,0.9986476302146912,1.0
456,502336.0,POSITIVE,0.868716835975647,1.0
457,502343.0,NEGATIVE,0.9465687870979308,0.0
458,502347.0,NEGATIVE,0.994531750679016,1.0
459,502354.0,NEGATIVE,0.6229555010795593,1.0
460,502356.0,POSITIVE,0.6594517230987549,0.0
461,502359.0,NEGATIVE,0.9877035617828368,0.0
462,502363.0,NEGATIVE,0.9152930974960328,1.0
463,502364.0,POSITIVE,0.9735296368598938,0.0
464,502371.0,NEGATIVE,0.9986255168914796,0.0
465,502375.0,NEGATIVE,0.9991832375526428,1.0
466,502378.0,NEGATIVE,0.9995505213737488,1.0
467,502380.0,NEGATIVE,0.8616639375686646,1.0
468,502388.0,NEGATIVE,0.984776258468628,1.0
469,502394.0,NEGATIVE,0.9981050491333008,1.0
470,502398.0,POSITIVE,0.9904429316520692,1.0
471,502406.0,POSITIVE,0.9713416099548341,1.0
472,502410.0,NEGATIVE,0.98112154006958,1.0
473,502420.0,NEGATIVE,0.9924449324607848,0.0
474,502422.0,NEGATIVE,0.99757581949234,1.0
475,502426.0,POSITIVE,0.9661809206008912,1.0
476,502429.0,POSITIVE,0.9939518570899964,0.0
477,502446.0,NEGATIVE,0.9649688005447388,0.0
478,502447.0,NEGATIVE,0.9769456386566162,0.0
479,502460.0,NEGATIVE,0.7183427810668945,1.0
480,502461.0,NEGATIVE,0.9965385198593141,1.0
481,502462.0,NEGATIVE,0.9569717049598694,1.0
482,502467.0,NEGATIVE,0.9897332787513732,1.0
483,502476.0,POSITIVE,0.5599648952484131,1.0
484,502481.0,NEGATIVE,0.981007754802704,1.0
485,502485.0,POSITIVE,0.9669896364212036,1.0
486,502489.0,POSITIVE,0.5873475670814514,1.0
487,502491.0,NEGATIVE,0.9974047541618348,1.0
488,502492.0,NEGATIVE,0.9917150139808656,0.0
489,502493.0,NEGATIVE,0.9999639987945556,1.0
490,502499.0,NEGATIVE,0.9953718781471252,0.0
491,502500.0,NEGATIVE,0.938023567199707,1.0
492,502504.0,POSITIVE,0.7879555821418762,1.0
493,502508.0,NEGATIVE,0.6429385542869568,0.0
494,502509.0,NEGATIVE,0.9996100068092346,1.0
495,502510.0,NEGATIVE,0.9972885847091676,1.0
496,502513.0,POSITIVE,0.886078417301178,1.0
497,502521.0,NEGATIVE,0.9659731984138488,1.0
498,502526.0,NEGATIVE,0.8314832448959351,1.0
499,502552.0,NEGATIVE,0.9653873443603516,1.0
500,502553.0,NEGATIVE,0.9500154852867126,0.0
501,502556.0,NEGATIVE,0.9939017295837402,1.0
502,502561.0,NEGATIVE,0.6947310566902161,1.0
503,502568.0,NEGATIVE,0.7992937564849854,1.0
504,502573.0,NEGATIVE,0.9995167255401612,1.0
505,502581.0,POSITIVE,0.9543371200561525,0.0
506,502591.0,NEGATIVE,0.997085988521576,0.0
507,502593.0,NEGATIVE,0.9741269946098328,1.0
508,502595.0,NEGATIVE,0.9402357935905457,1.0
509,502606.0,NEGATIVE,0.910757064819336,1.0
510,502607.0,POSITIVE,0.9688263535499572,1.0
511,502610.0,NEGATIVE,0.9861984252929688,1.0
512,502611.0,NEGATIVE,0.6681376099586487,0.0
513,502613.0,NEGATIVE,0.9532759189605712,1.0
514,502614.0,NEGATIVE,0.7797762155532837,1.0
515,502623.0,NEGATIVE,0.9991416931152344,1.0
516,502624.0,NEGATIVE,0.9774990081787108,1.0
517,502633.0,NEGATIVE,0.9973688125610352,1.0
518,502637.0,NEGATIVE,0.9969550371170044,1.0
519,502651.0,NEGATIVE,0.998134970664978,0.0
520,502665.0,NEGATIVE,0.8204841017723083,1.0
521,502669.0,NEGATIVE,0.698850154876709,1.0
522,502673.0,NEGATIVE,0.6821779012680054,1.0
523,502679.0,NEGATIVE,0.943430244922638,1.0
524,502681.0,NEGATIVE,0.9989000558853148,1.0
525,502700.0,POSITIVE,0.9898837804794312,1.0
526,502701.0,NEGATIVE,0.892543375492096,1.0
527,502702.0,NEGATIVE,0.9993242025375366,0.0
528,502705.0,NEGATIVE,0.9961798191070556,1.0
529,502718.0,POSITIVE,0.7983433604240417,1.0
530,502719.0,NEGATIVE,0.9993630051612854,0.0
531,502720.0,NEGATIVE,0.9404916167259216,1.0
532,502726.0,NEGATIVE,0.9158316850662231,1.0
533,502727.0,NEGATIVE,0.9772560000419616,0.0
534,502730.0,NEGATIVE,0.9720085859298706,1.0
535,502739.0,POSITIVE,0.568541944026947,1.0
536,502740.0,NEGATIVE,0.6843506097793579,1.0
537,502741.0,POSITIVE,0.9848865866661072,0.0
538,502742.0,NEGATIVE,0.9998763799667358,0.0
539,502749.0,NEGATIVE,0.9996514320373536,1.0
540,502752.0,NEGATIVE,0.9996323585510254,1.0
541,502762.0,NEGATIVE,0.9369964599609376,1.0
542,502766.0,NEGATIVE,0.9316536784172058,0.0
543,502777.0,NEGATIVE,0.9987779259681702,0.0
544,502788.0,NEGATIVE,0.5161725282669067,1.0
545,502789.0,NEGATIVE,0.99836403131485,1.0
546,502791.0,NEGATIVE,0.9969804883003236,1.0
547,502796.0,NEGATIVE,0.7641299366950989,1.0
548,502802.0,NEGATIVE,0.9678590893745422,0.0
549,502820.0,NEGATIVE,0.9997223019599916,0.0
550,502822.0,NEGATIVE,0.7821216583251953,1.0
551,502825.0,POSITIVE,0.9896429181098938,1.0
552,502831.0,NEGATIVE,0.9923058152198792,1.0
553,502836.0,NEGATIVE,0.9902346134185792,1.0
554,502845.0,NEGATIVE,0.7626479864120483,1.0
555,502846.0,POSITIVE,0.7263950109481812,1.0
556,502848.0,NEGATIVE,0.999357044696808,1.0
557,502849.0,POSITIVE,0.8851583003997803,0.0
558,502854.0,NEGATIVE,0.9996314048767091,0.0
559,502855.0,NEGATIVE,0.9794529676437378,0.0
560,502856.0,NEGATIVE,0.9991432428359984,1.0
561,502866.0,NEGATIVE,0.9475955963134766,1.0
562,502876.0,POSITIVE,0.6711552143096924,1.0
563,502877.0,NEGATIVE,0.9921908974647522,0.0
564,502885.0,NEGATIVE,0.9998635053634644,1.0
565,502887.0,NEGATIVE,0.9629395008087158,1.0
566,502888.0,NEGATIVE,0.9768801927566528,1.0
567,502902.0,POSITIVE,0.9746399521827698,1.0
568,502912.0,NEGATIVE,0.9455583691596984,1.0
569,502914.0,NEGATIVE,0.8244487643241882,1.0
570,502915.0,NEGATIVE,0.9979548454284668,1.0
571,502917.0,NEGATIVE,0.923348605632782,0.0
572,502946.0,NEGATIVE,0.7463374733924866,1.0
573,502947.0,POSITIVE,0.5229543447494507,1.0
574,502951.0,NEGATIVE,0.9876800775527954,1.0
575,502972.0,NEGATIVE,0.9968906044960022,0.0
576,502981.0,NEGATIVE,0.9989283680915833,1.0
577,502984.0,NEGATIVE,0.5995694398880005,1.0
578,502985.0,NEGATIVE,0.9918891787528992,1.0
579,502987.0,NEGATIVE,0.9979567527770996,1.0
580,502989.0,NEGATIVE,0.9906978011131288,1.0
581,503000.0,NEGATIVE,0.8852273225784302,1.0
582,503004.0,POSITIVE,0.6228725910186768,1.0
583,503008.0,NEGATIVE,0.8154442310333252,1.0
584,503011.0,NEGATIVE,0.998073935508728,1.0
585,503018.0,NEGATIVE,0.9895429611206056,1.0
586,503021.0,NEGATIVE,0.571431040763855,1.0
587,503022.0,NEGATIVE,0.9755867719650269,1.0
588,503026.0,NEGATIVE,0.9327420592308044,1.0
589,503027.0,NEGATIVE,0.9986057877540588,1.0
590,503034.0,NEGATIVE,0.991224467754364,1.0
591,503041.0,NEGATIVE,0.9992194175720216,1.0
592,503042.0,NEGATIVE,0.9944620728492736,1.0
593,503045.0,NEGATIVE,0.9993329644203186,1.0
594,503046.0,NEGATIVE,0.9957595467567444,1.0
595,503055.0,NEGATIVE,0.9938250780105592,1.0
596,503065.0,POSITIVE,0.8922834396362305,1.0
597,503069.0,NEGATIVE,0.994877278804779,1.0
598,503075.0,NEGATIVE,0.5980833172798157,1.0
599,503076.0,POSITIVE,0.9980242252349854,0.0
600,503077.0,NEGATIVE,0.9951666593551636,0.0
601,503078.0,POSITIVE,0.8749524354934692,1.0
602,503091.0,NEGATIVE,0.9996529817581176,1.0
603,503096.0,NEGATIVE,0.9028973579406738,1.0
604,503101.0,NEGATIVE,0.9865070581436156,1.0
605,503126.0,NEGATIVE,0.7754057049751282,1.0
606,503137.0,POSITIVE,0.5503588318824768,0.0
607,503138.0,NEGATIVE,0.9961948394775392,0.0
608,503140.0,POSITIVE,0.992090344429016,0.0
609,503142.0,NEGATIVE,0.8164015412330627,1.0
610,503143.0,POSITIVE,0.6045919060707092,1.0
611,503144.0,NEGATIVE,0.9940245747566224,1.0
612,503145.0,NEGATIVE,0.9977055191993712,1.0
613,503148.0,NEGATIVE,0.9873256683349608,1.0
614,503154.0,NEGATIVE,0.8953942656517029,1.0
615,503156.0,NEGATIVE,0.9884506464004515,1.0
616,503167.0,POSITIVE,0.9393517971038818,1.0
617,503168.0,NEGATIVE,0.9406540393829346,1.0
618,503169.0,NEGATIVE,0.990517795085907,1.0
619,503174.0,NEGATIVE,0.9997031092643738,1.0
620,503180.0,POSITIVE,0.7867329716682434,1.0
621,503192.0,NEGATIVE,0.9998026490211488,1.0
622,503194.0,NEGATIVE,0.9998660087585448,1.0
623,503208.0,NEGATIVE,0.9410452246665956,1.0
624,503213.0,NEGATIVE,0.9615169167518616,1.0
625,503237.0,NEGATIVE,0.9944789409637452,1.0
626,503246.0,POSITIVE,0.6972934603691101,1.0
627,503247.0,NEGATIVE,0.999801218509674,1.0
628,503251.0,NEGATIVE,0.9819905161857604,1.0
629,503252.0,POSITIVE,0.6038737893104553,1.0
630,503258.0,NEGATIVE,0.9301245212554932,1.0
631,503282.0,NEGATIVE,0.9943787455558776,1.0
632,503283.0,NEGATIVE,0.9999351501464844,1.0
633,503286.0,NEGATIVE,0.99880850315094,1.0
634,503290.0,NEGATIVE,0.9016541838645936,1.0
635,503299.0,POSITIVE,0.9931641221046448,0.0
636,503301.0,NEGATIVE,0.986819624900818,1.0
637,503303.0,NEGATIVE,0.99854576587677,1.0
638,503308.0,NEGATIVE,0.8131645321846008,1.0
639,503309.0,NEGATIVE,0.9988112449645996,1.0
640,503321.0,NEGATIVE,0.9443249106407166,1.0
641,503328.0,NEGATIVE,0.9997429251670836,1.0
642,503329.0,POSITIVE,0.6010369062423706,1.0
643,503330.0,NEGATIVE,0.9986903071403505,1.0
644,503334.0,NEGATIVE,0.9688401818275452,1.0
645,503338.0,POSITIVE,0.7120227813720703,0.0
646,503339.0,NEGATIVE,0.5189564228057861,1.0
647,503342.0,NEGATIVE,0.6211663484573364,1.0
648,503347.0,NEGATIVE,0.5390864610671997,1.0
649,503348.0,NEGATIVE,0.9975665807724,1.0
650,503355.0,POSITIVE,0.5951585173606873,1.0
651,503361.0,NEGATIVE,0.9856361150741576,1.0
652,503371.0,NEGATIVE,0.9950875639915466,1.0
653,503382.0,NEGATIVE,0.9915565252304076,1.0
654,503385.0,NEGATIVE,0.9834517240524292,1.0
655,503394.0,NEGATIVE,0.9964853525161744,1.0
656,503400.0,NEGATIVE,0.9783815145492554,1.0
657,503405.0,NEGATIVE,0.8867219686508179,1.0
658,503410.0,NEGATIVE,0.9837799668312072,1.0
659,503412.0,NEGATIVE,0.776393473148346,1.0
660,503419.0,NEGATIVE,0.9984666109085084,0.0
661,503425.0,NEGATIVE,0.997995376586914,1.0
662,503433.0,NEGATIVE,0.9996398687362672,1.0
663,503440.0,NEGATIVE,0.7977213263511658,1.0
664,503441.0,NEGATIVE,0.5425729155540466,1.0
665,503443.0,POSITIVE,0.9848003387451172,1.0
666,503445.0,POSITIVE,0.6896829009056091,1.0
667,503446.0,NEGATIVE,0.9975641965866088,1.0
668,503460.0,NEGATIVE,0.9868621826171876,1.0
669,503464.0,NEGATIVE,0.9998394250869752,0.0
670,503465.0,NEGATIVE,0.9982617497444152,0.0
671,503466.0,POSITIVE,0.8039355874061584,1.0
672,503467.0,NEGATIVE,0.8028834462165833,1.0
673,503468.0,NEGATIVE,0.7096092700958252,1.0
674,503482.0,NEGATIVE,0.9970741271972656,1.0
675,503484.0,NEGATIVE,0.685749888420105,1.0
676,503490.0,NEGATIVE,0.99909245967865,1.0
677,503497.0,NEGATIVE,0.6530541181564331,1.0
678,503505.0,NEGATIVE,0.9992960691452026,1.0
679,503509.0,NEGATIVE,0.999444544315338,1.0
680,503510.0,POSITIVE,0.5657929182052612,1.0
681,503515.0,NEGATIVE,0.9996020197868348,1.0
682,503520.0,NEGATIVE,0.9960495829582214,1.0
683,503528.0,NEGATIVE,0.9992244243621826,1.0
684,503530.0,NEGATIVE,0.9808506965637208,1.0
685,503537.0,NEGATIVE,0.8125806450843811,1.0
686,503540.0,NEGATIVE,0.9996541738510132,0.0
687,503541.0,NEGATIVE,0.9995800852775574,1.0
688,503548.0,POSITIVE,0.5609043836593628,1.0
689,503550.0,NEGATIVE,0.9989845156669616,1.0
690,503552.0,NEGATIVE,0.9962183833122252,1.0
691,503555.0,NEGATIVE,0.9963112473487854,1.0
692,503564.0,NEGATIVE,0.998804807662964,0.0
693,503569.0,POSITIVE,0.5146344900131226,1.0
694,503577.0,NEGATIVE,0.8998138308525085,1.0
695,503586.0,NEGATIVE,0.9988090991973876,0.0
696,503587.0,NEGATIVE,0.9980395436286926,0.0
697,503601.0,NEGATIVE,0.9826163053512572,1.0
698,503605.0,POSITIVE,0.9536730051040648,1.0
699,503609.0,NEGATIVE,0.9964093565940856,1.0
700,503612.0,NEGATIVE,0.8895562291145325,1.0
701,503613.0,NEGATIVE,0.8599920272827148,1.0
702,503615.0,NEGATIVE,0.9997150301933287,0.0
703,503617.0,NEGATIVE,0.9513627886772156,0.0
704,503620.0,POSITIVE,0.6660478115081787,1.0
705,503623.0,NEGATIVE,0.99957674741745,1.0
706,503626.0,POSITIVE,0.7192347645759583,1.0
707,503627.0,POSITIVE,0.6296054720878601,0.0
708,503629.0,NEGATIVE,0.7787438035011292,1.0
709,503630.0,NEGATIVE,0.9958863854408264,1.0
710,503636.0,NEGATIVE,0.9835619330406188,0.0
711,503637.0,NEGATIVE,0.6885384917259216,1.0
712,503642.0,NEGATIVE,0.9344470500946044,1.0
713,503647.0,NEGATIVE,0.5898922681808472,0.0
714,503653.0,NEGATIVE,0.9679866433143616,1.0
715,503663.0,POSITIVE,0.8954534530639648,1.0
716,503665.0,NEGATIVE,0.9904634952545166,1.0
717,503671.0,POSITIVE,0.7620046734809875,1.0
718,503674.0,NEGATIVE,0.987423062324524,1.0
719,503675.0,NEGATIVE,0.8673322796821594,1.0
720,503676.0,NEGATIVE,0.9997554421424866,1.0
721,503691.0,NEGATIVE,0.9750579595565796,1.0
722,503694.0,POSITIVE,0.9588559865951538,0.0
723,503695.0,NEGATIVE,0.9970542192459106,1.0
724,503698.0,NEGATIVE,0.998499870300293,1.0
725,503720.0,NEGATIVE,0.994433343410492,1.0
726,503729.0,POSITIVE,0.5366300940513611,1.0
727,503730.0,NEGATIVE,0.9982022047042848,1.0
728,503733.0,POSITIVE,0.5728363990783691,1.0
729,503736.0,NEGATIVE,0.9984616041183472,1.0
730,503747.0,NEGATIVE,0.9744083285331726,1.0
731,503750.0,NEGATIVE,0.8894083499908447,1.0
732,503751.0,NEGATIVE,0.7505576014518738,1.0
733,503760.0,POSITIVE,0.960851788520813,0.0
734,503761.0,NEGATIVE,0.9996837377548218,1.0
735,503770.0,NEGATIVE,0.6325241327285767,1.0
736,503781.0,NEGATIVE,0.9626703262329102,1.0
737,503782.0,POSITIVE,0.8391895294189453,1.0
738,503786.0,POSITIVE,0.6094843745231628,1.0
739,503791.0,POSITIVE,0.6680039763450623,1.0
740,503795.0,NEGATIVE,0.9242305755615234,1.0
741,503805.0,POSITIVE,0.910180926322937,1.0
742,503809.0,POSITIVE,0.8615173101425171,1.0
743,503815.0,NEGATIVE,0.9698981046676636,1.0
744,503823.0,POSITIVE,0.9632112979888916,1.0
745,503824.0,NEGATIVE,0.9090400338172911,1.0
746,503828.0,NEGATIVE,0.8864923715591431,1.0
747,503836.0,NEGATIVE,0.992619812488556,1.0
748,503848.0,NEGATIVE,0.9907282590866088,1.0
749,503854.0,NEGATIVE,0.9889107942581176,1.0
750,503867.0,NEGATIVE,0.9986439347267152,1.0
751,503884.0,NEGATIVE,0.7511281371116638,1.0
752,503888.0,NEGATIVE,0.923512637615204,0.0
753,503890.0,NEGATIVE,0.6466040015220642,0.0
754,503899.0,POSITIVE,0.540272057056427,0.0
755,503901.0,POSITIVE,0.5342345833778381,1.0
756,503903.0,NEGATIVE,0.9769231081008912,1.0
757,503907.0,POSITIVE,0.9602206945419312,1.0
758,503908.0,NEGATIVE,0.7131319046020508,1.0
759,503909.0,NEGATIVE,0.9929158687591552,1.0
760,503912.0,NEGATIVE,0.9825041890144348,0.0
761,503927.0,NEGATIVE,0.9985596537590028,0.0
762,503938.0,NEGATIVE,0.8815638422966003,1.0
763,503939.0,NEGATIVE,0.9917787909507751,1.0
764,503941.0,NEGATIVE,0.9840317368507384,1.0
765,503944.0,POSITIVE,0.906031608581543,1.0
766,503947.0,NEGATIVE,0.9448558688163756,1.0
767,503948.0,NEGATIVE,0.9767233729362488,1.0
768,503949.0,NEGATIVE,0.9620188474655152,1.0
769,503951.0,NEGATIVE,0.994675636291504,1.0
770,503954.0,POSITIVE,0.7533925175666809,1.0
771,503959.0,NEGATIVE,0.5519044995307922,1.0
772,503969.0,NEGATIVE,0.9974857568740844,1.0
773,503970.0,NEGATIVE,0.8851436972618103,1.0
774,503971.0,POSITIVE,0.5064837336540222,1.0
775,503973.0,NEGATIVE,0.5706796646118164,1.0
776,503977.0,NEGATIVE,0.7294127345085144,1.0
777,503982.0,NEGATIVE,0.9995152950286864,1.0
778,503990.0,NEGATIVE,0.9319122433662416,0.0
779,503993.0,POSITIVE,0.8316131234169006,1.0
780,504006.0,NEGATIVE,0.5741645097732544,1.0
781,504007.0,POSITIVE,0.6038689017295837,1.0
782,504008.0,NEGATIVE,0.9952433705329896,1.0
783,504015.0,POSITIVE,0.9833070039749146,1.0
784,504019.0,NEGATIVE,0.7878965139389038,1.0
785,504024.0,NEGATIVE,0.969125270843506,1.0
786,504033.0,NEGATIVE,0.9980273842811584,1.0
787,504043.0,NEGATIVE,0.934833824634552,0.0
788,504045.0,POSITIVE,0.9850103259086608,0.0
789,504063.0,NEGATIVE,0.8380528092384338,1.0
790,504064.0,NEGATIVE,0.990347385406494,1.0
791,504068.0,NEGATIVE,0.9186342358589172,1.0
792,504070.0,NEGATIVE,0.9933801889419556,1.0
793,504074.0,NEGATIVE,0.999625325202942,1.0
794,504080.0,NEGATIVE,0.9996368885040284,0.0
795,504085.0,NEGATIVE,0.9946784973144532,0.0
796,504097.0,NEGATIVE,0.8354890942573547,1.0
797,504098.0,NEGATIVE,0.9984604120254515,1.0
798,504102.0,NEGATIVE,0.8569602370262146,1.0
799,504105.0,NEGATIVE,0.9161821603775024,1.0
800,504109.0,NEGATIVE,0.9914506077766418,1.0
801,504121.0,NEGATIVE,0.9887574315071106,0.0
802,504124.0,POSITIVE,0.757165253162384,0.0
803,504125.0,NEGATIVE,0.9746270179748536,1.0
804,504126.0,NEGATIVE,0.9438489079475404,1.0
805,504127.0,NEGATIVE,0.9989417195320128,1.0
806,504128.0,POSITIVE,0.6008110642433167,1.0
807,504130.0,POSITIVE,0.7595012784004211,0.0
808,504132.0,NEGATIVE,0.9996752738952636,0.0
809,504135.0,NEGATIVE,0.998943030834198,0.0
810,504148.0,NEGATIVE,0.8657560348510742,1.0
811,504150.0,NEGATIVE,0.8492915630340576,1.0
812,504151.0,POSITIVE,0.9682084918022156,1.0
813,504155.0,NEGATIVE,0.6487634181976318,1.0
814,504157.0,POSITIVE,0.650377094745636,1.0
815,504158.0,POSITIVE,0.9893544912338256,1.0
816,504160.0,NEGATIVE,0.9995150566101074,1.0
817,504162.0,NEGATIVE,0.9882850646972656,0.0
818,504164.0,POSITIVE,0.8128017783164978,1.0
819,504170.0,POSITIVE,0.8986772298812866,1.0
820,504172.0,NEGATIVE,0.9956837892532348,1.0
821,504173.0,NEGATIVE,0.8916568756103516,1.0
822,504180.0,NEGATIVE,0.9962288737297058,1.0
823,504182.0,NEGATIVE,0.9674983024597168,1.0
824,504193.0,NEGATIVE,0.9433844089508056,1.0
825,504196.0,NEGATIVE,0.5642621517181396,1.0
826,504206.0,NEGATIVE,0.9528905153274536,1.0
827,504208.0,POSITIVE,0.8058456182479858,0.0
828,504221.0,NEGATIVE,0.8630446791648865,0.0
829,504224.0,POSITIVE,0.6430610418319702,1.0
830,504225.0,NEGATIVE,0.985403299331665,1.0
831,504226.0,POSITIVE,0.7697033286094666,1.0
832,504235.0,POSITIVE,0.6962049007415771,1.0
833,504243.0,POSITIVE,0.7454029321670532,0.0
834,504245.0,NEGATIVE,0.9937175512313844,1.0
835,504251.0,NEGATIVE,0.9991394281387328,1.0
836,504258.0,NEGATIVE,0.5683109760284424,0.0
837,504261.0,NEGATIVE,0.9581103920936584,1.0
838,504269.0,POSITIVE,0.5443278551101685,1.0
839,504274.0,POSITIVE,0.6252531409263611,1.0
840,504276.0,NEGATIVE,0.6492825150489807,1.0
841,504284.0,NEGATIVE,0.9154212474822998,1.0
842,504295.0,NEGATIVE,0.6261128187179565,1.0
843,504296.0,NEGATIVE,0.9993476271629332,1.0
844,504297.0,NEGATIVE,0.9985249638557434,1.0
845,504302.0,NEGATIVE,0.995122730731964,1.0
846,504303.0,NEGATIVE,0.6551598906517029,1.0
847,504315.0,NEGATIVE,0.9659902453422546,1.0
848,504323.0,NEGATIVE,0.9998402595520021,0.0
849,504327.0,NEGATIVE,0.9992621541023254,1.0
850,504353.0,NEGATIVE,0.9892007112503052,1.0
851,504359.0,NEGATIVE,0.9969725608825684,1.0
852,504363.0,NEGATIVE,0.914393961429596,1.0
853,504366.0,NEGATIVE,0.7830479741096497,1.0
854,504369.0,NEGATIVE,0.7439031004905701,1.0
855,504373.0,POSITIVE,0.7347529530525208,1.0
856,504375.0,NEGATIVE,0.9505182504653932,1.0
857,504379.0,POSITIVE,0.840744137763977,1.0
858,504382.0,NEGATIVE,0.9995288848876952,1.0
859,504383.0,NEGATIVE,0.8513069152832031,0.0
860,504385.0,POSITIVE,0.9725270867347716,1.0
861,504387.0,NEGATIVE,0.9497740864753724,1.0
862,504394.0,NEGATIVE,0.9997262358665466,0.0
863,504395.0,NEGATIVE,0.9796524047851562,1.0
864,504398.0,NEGATIVE,0.9200379848480223,1.0
865,504399.0,POSITIVE,0.9128166437149048,1.0
866,504400.0,POSITIVE,0.9452310800552368,1.0
867,504401.0,NEGATIVE,0.6359155178070068,0.0
868,504405.0,NEGATIVE,0.999646544456482,0.0
869,504409.0,NEGATIVE,0.9988555908203124,0.0
870,504413.0,NEGATIVE,0.9589974880218506,1.0
871,504417.0,NEGATIVE,0.6811840534210205,1.0
872,504435.0,NEGATIVE,0.9862293004989624,1.0
873,504436.0,NEGATIVE,0.8327088952064514,1.0
874,504438.0,NEGATIVE,0.9528646469116212,1.0
875,504445.0,NEGATIVE,0.9768217206001282,1.0
876,504448.0,NEGATIVE,0.9943766593933104,1.0
877,504449.0,POSITIVE,0.5861104130744934,0.0
878,504451.0,NEGATIVE,0.9980621933937072,0.0
879,504462.0,NEGATIVE,0.8945085406303406,1.0
880,504475.0,NEGATIVE,0.985315442085266,1.0
881,504481.0,NEGATIVE,0.9930602312088012,1.0
882,504486.0,NEGATIVE,0.9420463442802428,0.0
883,504491.0,NEGATIVE,0.9997506737709044,1.0
884,504492.0,NEGATIVE,0.9995180368423462,1.0
885,504493.0,NEGATIVE,0.9774152636528016,1.0
886,504496.0,POSITIVE,0.9355297684669496,0.0
887,504514.0,NEGATIVE,0.9684818387031556,0.0
888,504521.0,NEGATIVE,0.5056086778640747,0.0
889,504536.0,POSITIVE,0.7241115570068359,1.0
890,504541.0,NEGATIVE,0.885445773601532,1.0
891,504546.0,NEGATIVE,0.9803798198699952,1.0
892,504551.0,POSITIVE,0.5103206634521484,1.0
893,504556.0,NEGATIVE,0.9095882177352904,0.0
894,504562.0,POSITIVE,0.9936517477035522,1.0
895,504566.0,NEGATIVE,0.9613943696022034,1.0
896,504570.0,NEGATIVE,0.9997751116752625,1.0
897,504595.0,NEGATIVE,0.9985045194625854,1.0
898,504598.0,NEGATIVE,0.9872769713401794,1.0
899,504599.0,POSITIVE,0.5527459979057312,1.0
900,504602.0,NEGATIVE,0.9943342208862304,1.0
901,504608.0,NEGATIVE,0.9941562414169312,1.0
902,504610.0,NEGATIVE,0.9985835552215576,1.0
903,504615.0,NEGATIVE,0.9734429717063904,1.0
904,504617.0,NEGATIVE,0.9570403695106506,1.0
905,504647.0,NEGATIVE,0.9825725555419922,1.0
906,504661.0,NEGATIVE,0.8934605121612549,0.0
907,504664.0,POSITIVE,0.971623420715332,0.0
908,504666.0,POSITIVE,0.8697831630706787,1.0
909,504669.0,NEGATIVE,0.9985544085502625,1.0
910,504674.0,NEGATIVE,0.6823956370353699,1.0
911,504681.0,NEGATIVE,0.9993069171905518,1.0
912,504682.0,NEGATIVE,0.9978196620941162,1.0
913,504685.0,NEGATIVE,0.998915195465088,0.0
914,504687.0,NEGATIVE,0.9993884563446044,0.0
915,504688.0,NEGATIVE,0.9240995645523072,0.0
916,504693.0,POSITIVE,0.788547694683075,0.0
917,504700.0,NEGATIVE,0.9876586794853209,0.0
918,504704.0,NEGATIVE,0.998069941997528,1.0
919,504711.0,NEGATIVE,0.9606634378433228,1.0
920,504716.0,POSITIVE,0.5450440645217896,0.0
921,504725.0,POSITIVE,0.8650766015052795,1.0
922,504728.0,NEGATIVE,0.6078489422798157,1.0
923,504731.0,NEGATIVE,0.9922074675559998,1.0
924,504735.0,NEGATIVE,0.5247737169265747,1.0
925,504736.0,NEGATIVE,0.9949102997779846,1.0
926,504737.0,NEGATIVE,0.688965916633606,1.0
927,504746.0,NEGATIVE,0.9776530265808104,1.0
928,504750.0,NEGATIVE,0.6474258899688721,1.0
929,504754.0,NEGATIVE,0.9934651255607604,1.0
930,504762.0,NEGATIVE,0.9986286163330078,0.0
931,504769.0,NEGATIVE,0.9681577682495116,0.0
932,504776.0,POSITIVE,0.7995238900184631,0.0
933,504778.0,NEGATIVE,0.8556984066963196,0.0
934,504784.0,NEGATIVE,0.8931528925895691,1.0
935,504791.0,NEGATIVE,0.966874361038208,1.0
936,504800.0,NEGATIVE,0.9886232018470764,1.0
937,504812.0,NEGATIVE,0.9837004542350768,1.0
938,504813.0,NEGATIVE,0.99809068441391,1.0
939,504830.0,POSITIVE,0.5352579951286316,1.0
940,504832.0,NEGATIVE,0.6800694465637207,1.0
941,504833.0,NEGATIVE,0.5672623515129089,1.0
942,504838.0,NEGATIVE,0.9172809720039368,0.0
943,504839.0,NEGATIVE,0.8213950395584106,1.0
944,504842.0,NEGATIVE,0.6344419717788696,1.0
945,504844.0,NEGATIVE,0.9952221512794496,1.0
946,504863.0,NEGATIVE,0.9755244851112366,1.0
947,504864.0,NEGATIVE,0.723577082157135,0.0
948,504871.0,POSITIVE,0.9211013317108154,0.0
949,504872.0,NEGATIVE,0.999648094177246,1.0
950,504880.0,NEGATIVE,0.9009766578674316,1.0
951,504889.0,NEGATIVE,0.9976044297218324,0.0
952,504918.0,NEGATIVE,0.9973010420799256,1.0
953,504919.0,NEGATIVE,0.9819600582122804,1.0
954,504928.0,NEGATIVE,0.9625674486160278,1.0
955,504929.0,NEGATIVE,0.9327359199523926,1.0
956,504935.0,POSITIVE,0.6686781048774719,0.0
957,504945.0,NEGATIVE,0.9894891381263732,1.0
958,504952.0,NEGATIVE,0.9988565444946288,1.0
959,504954.0,NEGATIVE,0.9994997978210448,1.0
960,504956.0,POSITIVE,0.7901507616043091,1.0
961,504959.0,NEGATIVE,0.9997521042823792,1.0
962,504961.0,NEGATIVE,0.978843867778778,1.0
963,504965.0,NEGATIVE,0.9990652203559875,0.0
964,504968.0,NEGATIVE,0.9965387582778932,0.0
965,504984.0,NEGATIVE,0.9760401248931884,0.0
966,504986.0,NEGATIVE,0.8053314089775085,1.0
967,504994.0,NEGATIVE,0.9060941934585572,1.0
968,504997.0,NEGATIVE,0.9980655312538148,1.0
969,505000.0,POSITIVE,0.8012496829032898,1.0
970,505008.0,NEGATIVE,0.9900572896003724,1.0
971,505025.0,NEGATIVE,0.9951590895652772,1.0
972,505028.0,NEGATIVE,0.9931272268295288,1.0
973,505030.0,NEGATIVE,0.9993756413459778,1.0
974,505033.0,NEGATIVE,0.9822489023208618,1.0
975,505036.0,NEGATIVE,0.998467743396759,1.0
976,505048.0,NEGATIVE,0.5490700602531433,1.0
977,505055.0,POSITIVE,0.9764451384544371,1.0
978,505060.0,NEGATIVE,0.9558531045913696,1.0
979,505062.0,NEGATIVE,0.9967226386070251,1.0
980,505063.0,POSITIVE,0.9881595373153688,1.0
981,505073.0,NEGATIVE,0.955367386341095,1.0
982,505079.0,NEGATIVE,0.8771830797195435,1.0
983,505080.0,NEGATIVE,0.9705523252487184,0.0
984,505090.0,NEGATIVE,0.9971821308135986,0.0
985,505100.0,NEGATIVE,0.6617553234100342,0.0
986,505106.0,NEGATIVE,0.9997985959053041,0.0
987,505107.0,POSITIVE,0.9126760363578796,1.0
988,505108.0,NEGATIVE,0.9985987544059752,1.0
989,505112.0,NEGATIVE,0.9962399005889891,1.0
990,505114.0,NEGATIVE,0.999273717403412,0.0
991,505119.0,NEGATIVE,0.9946560859680176,0.0
992,505130.0,NEGATIVE,0.9957770109176636,0.0
993,505135.0,NEGATIVE,0.9997479319572448,1.0
994,505146.0,NEGATIVE,0.9979950189590454,1.0
995,505147.0,NEGATIVE,0.9130128026008606,1.0
996,505148.0,NEGATIVE,0.9951026439666748,0.0
997,505155.0,POSITIVE,0.9460469484329224,1.0
998,505161.0,NEGATIVE,0.9998915195465088,1.0
999,505164.0,POSITIVE,0.9179450869560242,1.0
1000,505167.0,NEGATIVE,0.9435261487960817,1.0
1001,505169.0,NEGATIVE,0.9997764229774476,1.0
1002,505177.0,NEGATIVE,0.980610489845276,1.0
1003,505182.0,NEGATIVE,0.9599279761314392,1.0
1004,505188.0,NEGATIVE,0.978219985961914,1.0
1005,505193.0,NEGATIVE,0.9770848751068116,1.0
1006,505216.0,NEGATIVE,0.5592768788337708,0.0
1007,505225.0,NEGATIVE,0.99973863363266,0.0
1008,505239.0,NEGATIVE,0.9937700629234314,1.0
1009,505241.0,NEGATIVE,0.9058828353881836,1.0
1010,505242.0,NEGATIVE,0.8839244842529297,1.0
1011,505248.0,POSITIVE,0.9053964614868164,1.0
1012,505251.0,NEGATIVE,0.996981918811798,1.0
1013,505252.0,NEGATIVE,0.8880301117897034,1.0
1014,505253.0,NEGATIVE,0.9494181871414183,0.0
1015,505257.0,NEGATIVE,0.9936997890472412,1.0
1016,505260.0,NEGATIVE,0.995751976966858,1.0
1017,505261.0,NEGATIVE,0.9265865087509156,1.0
1018,505262.0,NEGATIVE,0.9727129340171814,1.0
1019,505269.0,NEGATIVE,0.9591585397720336,1.0
1020,505274.0,NEGATIVE,0.9824473261833192,0.0
1021,505290.0,NEGATIVE,0.99844628572464,1.0
1022,505301.0,NEGATIVE,0.9994755387306212,1.0
1023,505307.0,POSITIVE,0.9966905117034912,1.0
1024,505316.0,NEGATIVE,0.9994747042655944,1.0
1025,505323.0,NEGATIVE,0.9583279490470886,1.0
1026,505345.0,NEGATIVE,0.999062478542328,1.0
1027,505347.0,POSITIVE,0.7113524675369263,1.0
1028,505359.0,NEGATIVE,0.8668603301048279,1.0
1029,505373.0,NEGATIVE,0.9975047707557678,1.0
1030,505374.0,NEGATIVE,0.9667324423789978,1.0
1031,505380.0,NEGATIVE,0.9967057108879088,1.0
1032,505381.0,NEGATIVE,0.9996435642242432,1.0
1033,505382.0,NEGATIVE,0.8168753385543823,1.0
1034,505391.0,NEGATIVE,0.9966961145401,0.0
1035,505392.0,NEGATIVE,0.8679666519165039,0.0
1036,505393.0,POSITIVE,0.9901908636093141,0.0
1037,505399.0,NEGATIVE,0.964324951171875,1.0
1038,505413.0,NEGATIVE,0.9707852602005004,1.0
1039,505417.0,NEGATIVE,0.9995853304862976,1.0
1040,505418.0,POSITIVE,0.969124972820282,1.0
1041,505423.0,POSITIVE,0.9588887095451356,1.0
1042,505424.0,POSITIVE,0.7138046622276306,1.0
1043,505430.0,NEGATIVE,0.7638921141624451,1.0
1044,505437.0,NEGATIVE,0.9835708141326904,1.0
1045,505438.0,NEGATIVE,0.9900802969932556,1.0
1046,505450.0,NEGATIVE,0.8937728404998779,0.0
1047,505451.0,NEGATIVE,0.986343502998352,0.0
1048,505452.0,NEGATIVE,0.9997442364692688,1.0
1049,505456.0,POSITIVE,0.9423431754112244,1.0
1050,505461.0,NEGATIVE,0.8879367709159851,1.0
1051,505471.0,POSITIVE,0.8501822352409363,1.0
1052,505476.0,NEGATIVE,0.9842776656150818,1.0
1053,505478.0,NEGATIVE,0.9101313948631288,1.0
1054,505484.0,NEGATIVE,0.995907187461853,1.0
1055,505489.0,NEGATIVE,0.998648464679718,1.0
1056,505494.0,NEGATIVE,0.9976644515991212,1.0
1057,505504.0,NEGATIVE,0.9958580136299132,0.0
1058,505505.0,NEGATIVE,0.9798828959465028,0.0
1059,505513.0,NEGATIVE,0.995787799358368,1.0
1060,505539.0,NEGATIVE,0.9731484651565552,1.0
1061,505552.0,NEGATIVE,0.957097351551056,1.0
1062,505559.0,POSITIVE,0.819880485534668,0.0
1063,505560.0,POSITIVE,0.9741453528404236,0.0
1064,505562.0,NEGATIVE,0.99947327375412,1.0
1065,505565.0,NEGATIVE,0.745944619178772,1.0
1066,505570.0,NEGATIVE,0.992742657661438,1.0
1067,505575.0,NEGATIVE,0.9898456335067748,0.0
1068,505582.0,NEGATIVE,0.6160996556282043,1.0
1069,505583.0,NEGATIVE,0.8816348910331726,1.0
1070,505586.0,POSITIVE,0.984593629837036,1.0
1071,505589.0,NEGATIVE,0.9994914531707764,0.0
1072,505601.0,NEGATIVE,0.9930399656295776,0.0
1073,505604.0,NEGATIVE,0.9914947748184204,1.0
1074,505605.0,NEGATIVE,0.9777083992958068,1.0
1075,505612.0,NEGATIVE,0.9982654452323914,1.0
1076,505630.0,NEGATIVE,0.9980486631393432,1.0
1077,505631.0,NEGATIVE,0.9851638078689576,1.0
1078,505633.0,NEGATIVE,0.5987209677696228,0.0
1079,505645.0,NEGATIVE,0.9995326995849608,1.0
1080,505649.0,NEGATIVE,0.9917837381362916,1.0
1081,505669.0,NEGATIVE,0.9319950938224792,1.0
1082,505702.0,NEGATIVE,0.8632107377052307,1.0
1083,505706.0,NEGATIVE,0.9996721744537354,1.0
1084,505711.0,NEGATIVE,0.9961685538291932,1.0
1085,505713.0,NEGATIVE,0.9924005270004272,1.0
1086,505716.0,NEGATIVE,0.8256794810295105,0.0
1087,505719.0,NEGATIVE,0.9957019686698914,0.0
1088,505720.0,NEGATIVE,0.9276139736175536,0.0
1089,505721.0,NEGATIVE,0.9979522228240968,1.0
1090,505724.0,NEGATIVE,0.9991115927696228,1.0
1091,505728.0,NEGATIVE,0.9209519624710084,1.0
1092,505733.0,NEGATIVE,0.9957791566848756,1.0
1093,505744.0,POSITIVE,0.8172800540924072,1.0
1094,505746.0,POSITIVE,0.8775301575660706,1.0
1095,505753.0,NEGATIVE,0.9997033476829528,1.0
1096,505772.0,NEGATIVE,0.9515284299850464,1.0
1097,505776.0,NEGATIVE,0.9672251343727112,1.0
1098,505780.0,NEGATIVE,0.6699265837669373,1.0
1099,505784.0,NEGATIVE,0.9745459556579591,1.0
1100,505785.0,NEGATIVE,0.9885693192481996,1.0
1101,505790.0,POSITIVE,0.975000500679016,1.0
1102,505793.0,NEGATIVE,0.989977478981018,1.0
1103,505795.0,POSITIVE,0.8078398108482361,1.0
1104,505797.0,POSITIVE,0.7718963027000427,1.0
1105,505807.0,POSITIVE,0.8551655411720276,1.0
1106,505811.0,NEGATIVE,0.8803386688232422,0.0
1107,505812.0,NEGATIVE,0.9399725198745728,0.0
1108,505813.0,NEGATIVE,0.8486339449882507,1.0
1109,505814.0,NEGATIVE,0.9629164934158324,1.0
1110,505820.0,NEGATIVE,0.9920503497123718,0.0
1111,505831.0,NEGATIVE,0.998063862323761,1.0
1112,505833.0,NEGATIVE,0.9993558526039124,1.0
1113,505840.0,NEGATIVE,0.6284189224243164,1.0
1114,505849.0,NEGATIVE,0.7431004047393799,1.0
1115,505852.0,NEGATIVE,0.9714519381523132,1.0
1116,505856.0,NEGATIVE,0.8573917150497437,1.0
1117,505857.0,NEGATIVE,0.557161808013916,0.0
1118,505862.0,NEGATIVE,0.5581182837486267,0.0
1119,505873.0,NEGATIVE,0.9994921684265136,0.0
1120,505874.0,NEGATIVE,0.9280821681022644,1.0
1121,505877.0,POSITIVE,0.9874675869941713,1.0
1122,505879.0,NEGATIVE,0.9975705742836,1.0
1123,505889.0,POSITIVE,0.6023081541061401,1.0
1124,505900.0,NEGATIVE,0.9638200998306274,1.0
1125,505903.0,NEGATIVE,0.7406697869300842,1.0
1126,505905.0,NEGATIVE,0.9613940119743348,1.0
1127,505914.0,NEGATIVE,0.99992573261261,1.0
1128,505929.0,NEGATIVE,0.9986592531204224,1.0
1129,505930.0,POSITIVE,0.9121081233024596,1.0
1130,505932.0,NEGATIVE,0.9361332654953004,1.0
1131,505936.0,POSITIVE,0.9250121712684632,0.0
1132,505938.0,NEGATIVE,0.9997710585594176,0.0
1133,505940.0,NEGATIVE,0.980821132659912,0.0
1134,505941.0,NEGATIVE,0.6996658444404602,1.0
1135,505942.0,POSITIVE,0.6386487483978271,0.0
1136,505957.0,NEGATIVE,0.8733842968940735,0.0
1137,505959.0,NEGATIVE,0.9998150467872621,0.0
1138,505965.0,NEGATIVE,0.9955297112464904,0.0
1139,505966.0,NEGATIVE,0.9888216257095336,1.0
1140,505970.0,NEGATIVE,0.9977123737335204,1.0
1141,505973.0,NEGATIVE,0.9938384890556335,1.0
1142,505974.0,NEGATIVE,0.7466439008712769,1.0
1143,505975.0,NEGATIVE,0.9938104748725892,0.0
1144,505976.0,NEGATIVE,0.9654083847999572,0.0
1145,506000.0,NEGATIVE,0.999094009399414,1.0
1146,506004.0,POSITIVE,0.7541087865829468,1.0
1147,506014.0,NEGATIVE,0.6640238165855408,1.0
1148,506018.0,POSITIVE,0.8310960531234741,1.0
1149,506023.0,NEGATIVE,0.7179167866706848,1.0
1150,506029.0,NEGATIVE,0.9611966013908386,1.0
1151,506030.0,POSITIVE,0.847437858581543,1.0
1152,506046.0,POSITIVE,0.7845459580421448,1.0
1153,506050.0,NEGATIVE,0.9984079003334044,1.0
1154,506061.0,NEGATIVE,0.9983785152435304,1.0
1155,506062.0,NEGATIVE,0.5430657267570496,1.0
1156,506086.0,NEGATIVE,0.9857701063156128,1.0
1157,506097.0,NEGATIVE,0.8011033535003662,1.0
1158,506098.0,NEGATIVE,0.9979594945907592,1.0
1159,506099.0,NEGATIVE,0.9952991008758544,1.0
1160,506115.0,NEGATIVE,0.9766388535499572,1.0
1161,506121.0,NEGATIVE,0.9931718111038208,1.0
1162,506130.0,NEGATIVE,0.9791608452796936,0.0
1163,506131.0,NEGATIVE,0.9838878512382508,1.0
1164,506167.0,NEGATIVE,0.5215668678283691,1.0
1165,506168.0,NEGATIVE,0.7286858558654785,1.0
1166,506177.0,NEGATIVE,0.9588879942893982,1.0
1167,506182.0,POSITIVE,0.9871297478675842,1.0
1168,506193.0,NEGATIVE,0.9442245364189148,1.0
1169,506195.0,NEGATIVE,0.9992635846138,1.0
1170,506201.0,POSITIVE,0.7192634344100952,1.0
1171,506209.0,NEGATIVE,0.869439423084259,1.0
1172,506220.0,NEGATIVE,0.6518692374229431,1.0
1173,506247.0,NEGATIVE,0.9829628467559814,1.0
1174,506248.0,NEGATIVE,0.6874326467514038,1.0
1175,506249.0,POSITIVE,0.6467882990837097,0.0
1176,506285.0,NEGATIVE,0.9873616695404052,1.0
1177,506293.0,NEGATIVE,0.9899322986602784,1.0
1178,506294.0,POSITIVE,0.7224358320236206,1.0
1179,506306.0,NEGATIVE,0.9987363219261168,1.0
1180,506312.0,NEGATIVE,0.998233199119568,1.0
1181,506320.0,NEGATIVE,0.9989433884620668,1.0
1182,506327.0,NEGATIVE,0.9022782444953918,1.0
1183,506336.0,POSITIVE,0.7989201545715332,1.0
1184,506341.0,POSITIVE,0.7170184254646301,1.0
1185,506342.0,NEGATIVE,0.9726448059082032,1.0
1186,506347.0,NEGATIVE,0.9994220733642578,1.0
1187,506349.0,NEGATIVE,0.9994789958000184,1.0
1188,506366.0,NEGATIVE,0.9971850514411926,1.0
1189,506369.0,NEGATIVE,0.9980195760726928,0.0
1190,506371.0,POSITIVE,0.9798383712768556,1.0
1191,506385.0,POSITIVE,0.682198703289032,1.0
1192,506386.0,NEGATIVE,0.997717022895813,0.0
1193,506392.0,NEGATIVE,0.9992318153381348,0.0
1194,506394.0,POSITIVE,0.9873324036598206,0.0
1195,506395.0,NEGATIVE,0.99084734916687,1.0
1196,506401.0,NEGATIVE,0.9997907280921936,1.0
1197,506402.0,POSITIVE,0.9891117215156556,1.0
1198,506408.0,NEGATIVE,0.9971379041671752,1.0
1199,506426.0,NEGATIVE,0.9667662978172302,1.0
1200,506432.0,NEGATIVE,0.9998670816421508,1.0
1201,506443.0,NEGATIVE,0.9812131524086,1.0
1202,506445.0,POSITIVE,0.753487229347229,1.0
1203,506451.0,NEGATIVE,0.9924842715263368,1.0
1204,506455.0,NEGATIVE,0.9878031611442566,1.0
1205,506465.0,NEGATIVE,0.6694154143333435,1.0
1206,506470.0,POSITIVE,0.8582140207290649,1.0
1207,506473.0,POSITIVE,0.8623760938644409,0.0
1208,506478.0,NEGATIVE,0.9717504978179932,0.0
1209,506485.0,NEGATIVE,0.9963818788528442,0.0
1210,506498.0,POSITIVE,0.8628195524215698,0.0
1211,506504.0,NEGATIVE,0.6785211563110352,0.0
1212,506509.0,NEGATIVE,0.8125079274177551,1.0
1213,506510.0,POSITIVE,0.5149900913238525,1.0
1214,506520.0,NEGATIVE,0.9845426082611084,1.0
1215,506545.0,NEGATIVE,0.8610135316848755,1.0
1216,506546.0,POSITIVE,0.8192763924598694,1.0
1217,506560.0,NEGATIVE,0.9625417590141296,1.0
1218,506580.0,POSITIVE,0.987390637397766,1.0
1219,506591.0,NEGATIVE,0.991912603378296,1.0
1220,506595.0,NEGATIVE,0.8819131255149841,1.0
1221,506602.0,NEGATIVE,0.9954250454902648,1.0
1222,506609.0,POSITIVE,0.8955045938491821,0.0
1223,506610.0,POSITIVE,0.9074575304985046,1.0
1224,506626.0,NEGATIVE,0.9601821303367616,1.0
1225,506639.0,NEGATIVE,0.995788872241974,1.0
1226,506644.0,NEGATIVE,0.8794162273406982,1.0
1227,506656.0,NEGATIVE,0.9998134970664978,1.0
1228,506662.0,NEGATIVE,0.994221329689026,1.0
1229,506663.0,NEGATIVE,0.9976413249969482,1.0
1230,506665.0,POSITIVE,0.9842128157615662,1.0
1231,506671.0,NEGATIVE,0.989790976047516,1.0
1232,506672.0,NEGATIVE,0.9992235898971558,1.0
1233,506674.0,NEGATIVE,0.9973477125167848,1.0
1234,506681.0,POSITIVE,0.6443906426429749,1.0
1235,506684.0,NEGATIVE,0.9967719912528992,1.0
1236,506685.0,NEGATIVE,0.999097228050232,1.0
1237,506695.0,NEGATIVE,0.9988447427749634,1.0
1238,506702.0,NEGATIVE,0.9979583024978638,1.0
1239,506703.0,NEGATIVE,0.9995352029800416,1.0
1240,506709.0,POSITIVE,0.5542581081390381,1.0
1241,506726.0,POSITIVE,0.6457690000534058,1.0
1242,506734.0,NEGATIVE,0.8977387547492981,1.0
1243,506737.0,POSITIVE,0.6560762524604797,1.0
1244,506741.0,NEGATIVE,0.9963825941085817,1.0
1245,506761.0,NEGATIVE,0.96572744846344,1.0
1246,506763.0,POSITIVE,0.7795403003692627,1.0
1247,506772.0,NEGATIVE,0.9991632699966432,1.0
1248,506774.0,POSITIVE,0.9789313673973083,1.0
1249,506775.0,NEGATIVE,0.9854932427406312,1.0
1250,506778.0,NEGATIVE,0.657646119594574,1.0
1251,506782.0,NEGATIVE,0.9990583062171936,1.0
1252,506787.0,POSITIVE,0.623891294002533,1.0
1253,506788.0,NEGATIVE,0.9996352195739746,1.0
1254,506792.0,NEGATIVE,0.9997540116310121,1.0
1255,506795.0,NEGATIVE,0.9858042001724244,1.0
1256,506800.0,NEGATIVE,0.9937052130699158,1.0
1257,506802.0,NEGATIVE,0.9997217059135436,1.0
1258,506804.0,NEGATIVE,0.9779977202415466,1.0
1259,506810.0,NEGATIVE,0.9256701469421388,1.0
1260,506813.0,NEGATIVE,0.9998200535774232,1.0
1261,506817.0,NEGATIVE,0.9987838864326476,1.0
1262,506820.0,POSITIVE,0.9834446907043456,1.0
1263,506828.0,NEGATIVE,0.992803394794464,1.0
1264,506835.0,NEGATIVE,0.8549594879150391,1.0
1265,506838.0,POSITIVE,0.9635753035545348,1.0
1266,506839.0,NEGATIVE,0.6822977066040039,1.0
1267,506853.0,NEGATIVE,0.9861759543418884,1.0
1268,506859.0,NEGATIVE,0.9996730089187622,1.0
1269,506864.0,POSITIVE,0.5165761709213257,1.0
1270,506880.0,NEGATIVE,0.9042305946350098,0.0
1271,506883.0,NEGATIVE,0.999897003173828,0.0
1272,506888.0,POSITIVE,0.931121826171875,1.0
1273,506894.0,NEGATIVE,0.6651639938354492,1.0
1274,506910.0,NEGATIVE,0.9916245341300964,1.0
1275,506916.0,NEGATIVE,0.5971442461013794,1.0
1276,506928.0,NEGATIVE,0.846237301826477,1.0
1277,506931.0,NEGATIVE,0.97497820854187,1.0
1278,506940.0,NEGATIVE,0.8585444688796997,1.0
1279,506943.0,NEGATIVE,0.6475363373756409,1.0
1280,506950.0,NEGATIVE,0.772726833820343,1.0
1281,506952.0,NEGATIVE,0.9320349097251892,1.0
1282,506954.0,NEGATIVE,0.9987016916275024,1.0
1283,506956.0,NEGATIVE,0.7439144253730774,1.0
1284,506959.0,POSITIVE,0.6960324645042419,1.0
1285,506967.0,NEGATIVE,0.7721139192581177,1.0
1286,506968.0,NEGATIVE,0.9910696744918824,1.0
1287,506973.0,NEGATIVE,0.998576283454895,1.0
1288,507018.0,POSITIVE,0.9325324892997742,1.0
1289,507031.0,NEGATIVE,0.939057469367981,1.0
1290,507037.0,NEGATIVE,0.8063342571258545,0.0
1291,507049.0,POSITIVE,0.9758466482162476,1.0
1292,507056.0,NEGATIVE,0.999423623085022,1.0
1293,507064.0,NEGATIVE,0.9924853444099426,1.0
1294,507068.0,NEGATIVE,0.9859100580215454,1.0
1295,507077.0,NEGATIVE,0.9977116584777832,0.0
1296,507089.0,NEGATIVE,0.9938118457794191,1.0
1297,507110.0,NEGATIVE,0.9938025474548341,1.0
1298,507111.0,NEGATIVE,0.7242347002029419,1.0
1299,507127.0,NEGATIVE,0.9834244847297668,1.0
1300,507138.0,NEGATIVE,0.9662467241287231,1.0
1301,507139.0,NEGATIVE,0.9994428753852844,1.0
1302,507142.0,NEGATIVE,0.9994669556617736,1.0
1303,507153.0,NEGATIVE,0.9995585083961488,1.0
1304,507155.0,NEGATIVE,0.8100588321685791,0.0
1305,507159.0,POSITIVE,0.9796180129051208,1.0
1306,507172.0,NEGATIVE,0.7687387466430664,1.0
1307,507176.0,NEGATIVE,0.9883941411972046,1.0
1308,507178.0,NEGATIVE,0.9286922812461852,1.0
1309,507191.0,NEGATIVE,0.9801045656204224,1.0
1310,507193.0,NEGATIVE,0.998953104019165,1.0
1311,507201.0,NEGATIVE,0.997597634792328,0.0
1312,507202.0,NEGATIVE,0.9994634985923768,1.0
1313,507204.0,NEGATIVE,0.7382631301879883,1.0
1314,507208.0,NEGATIVE,0.999811589717865,0.0
1315,507215.0,NEGATIVE,0.9958771467208862,1.0
1316,507216.0,NEGATIVE,0.9987505674362184,0.0
1317,507221.0,POSITIVE,0.5699764490127563,0.0
1318,507222.0,NEGATIVE,0.9928287863731384,1.0
1319,507224.0,NEGATIVE,0.7774654626846313,0.0
1320,507228.0,NEGATIVE,0.9889274835586548,0.0
1321,507230.0,NEGATIVE,0.6186163425445557,1.0
1322,507243.0,NEGATIVE,0.8709878921508789,1.0
1323,507250.0,POSITIVE,0.9680235981941224,1.0
1324,507251.0,NEGATIVE,0.6785798668861389,0.0
1325,507252.0,NEGATIVE,0.9222440123558044,0.0
1326,507269.0,NEGATIVE,0.894048810005188,1.0
1327,507275.0,NEGATIVE,0.7564488053321838,1.0
1328,507277.0,NEGATIVE,0.9729864001274108,1.0
1329,507284.0,NEGATIVE,0.9868773818016052,1.0
1330,507298.0,NEGATIVE,0.9779012203216552,1.0
1331,507299.0,NEGATIVE,0.9918185472488404,1.0
1332,507300.0,NEGATIVE,0.9465434551239014,1.0
1333,507306.0,NEGATIVE,0.8229517340660095,1.0
1334,507320.0,NEGATIVE,0.989165723323822,1.0
1335,507345.0,NEGATIVE,0.8726601600646973,1.0
1336,507347.0,NEGATIVE,0.9970532655715942,1.0
1337,507350.0,NEGATIVE,0.5470321774482727,1.0
1338,507364.0,POSITIVE,0.9563490748405457,1.0
1339,507367.0,POSITIVE,0.9699605703353882,1.0
1340,507373.0,NEGATIVE,0.8895673751831055,1.0
1341,507389.0,NEGATIVE,0.9629054665565492,1.0
1342,507395.0,NEGATIVE,0.7252407073974609,0.0
1343,507417.0,NEGATIVE,0.930699110031128,0.0
1344,507429.0,NEGATIVE,0.6927615404129028,1.0
1345,507431.0,NEGATIVE,0.7821221947669983,0.0
1346,507440.0,NEGATIVE,0.9971484541893004,0.0
1347,507449.0,NEGATIVE,0.9900720119476318,1.0
1348,507477.0,NEGATIVE,0.9989346861839294,1.0
1349,507483.0,POSITIVE,0.6567210555076599,0.0
1350,507484.0,NEGATIVE,0.9773308038711548,0.0
1351,507498.0,POSITIVE,0.6730046272277832,0.0
1352,507500.0,POSITIVE,0.5651116371154785,1.0
1353,507508.0,NEGATIVE,0.9990843534469604,1.0
1354,507519.0,NEGATIVE,0.9989123344421388,1.0
1355,507521.0,NEGATIVE,0.9968246221542358,1.0
1356,507527.0,NEGATIVE,0.9721229076385498,1.0
1357,507543.0,NEGATIVE,0.981301724910736,0.0
1358,507547.0,NEGATIVE,0.8223737478256226,0.0
1359,507551.0,NEGATIVE,0.9642727375030518,0.0
1360,507560.0,POSITIVE,0.9646856188774108,1.0
1361,507569.0,NEGATIVE,0.9908918738365172,1.0
1362,507574.0,NEGATIVE,0.99473637342453,1.0
1363,507599.0,POSITIVE,0.989176332950592,1.0
1364,507616.0,NEGATIVE,0.7460476756095886,1.0
1365,507618.0,NEGATIVE,0.9978379607200624,1.0
1366,507619.0,NEGATIVE,0.9955962300300598,1.0
1367,507628.0,NEGATIVE,0.6725932955741882,1.0
1368,507633.0,NEGATIVE,0.9999308586120604,1.0
1369,507639.0,POSITIVE,0.6490010619163513,1.0
1370,507640.0,NEGATIVE,0.901630997657776,1.0
1371,507642.0,NEGATIVE,0.9852803349494934,1.0
1372,507643.0,NEGATIVE,0.9763619303703308,1.0
1373,507647.0,NEGATIVE,0.9983718991279602,1.0
1374,507648.0,NEGATIVE,0.9988139867782592,1.0
1375,507664.0,NEGATIVE,0.999836802482605,1.0
1376,507679.0,NEGATIVE,0.9742160439491272,1.0
1377,507683.0,NEGATIVE,0.9937301874160768,1.0
1378,507688.0,NEGATIVE,0.7000954151153564,1.0
1379,507689.0,NEGATIVE,0.9180910587310792,1.0
1380,507705.0,NEGATIVE,0.9191043972969056,1.0
1381,507706.0,NEGATIVE,0.9902965426445008,0.0
1382,507722.0,NEGATIVE,0.9841187000274658,1.0
1383,507732.0,NEGATIVE,0.9535678625106812,1.0
1384,507735.0,NEGATIVE,0.9941076040267944,1.0
1385,507737.0,NEGATIVE,0.9972477555274964,1.0
1386,507742.0,NEGATIVE,0.9987736344337464,1.0
1387,507745.0,POSITIVE,0.7732976675033569,1.0
1388,507755.0,NEGATIVE,0.7436374425888062,1.0
1389,507761.0,NEGATIVE,0.9253737926483154,1.0
1390,507762.0,NEGATIVE,0.9789749383926392,1.0
1391,507767.0,NEGATIVE,0.6185826659202576,1.0
1392,507771.0,NEGATIVE,0.9759179353713988,1.0
1393,507775.0,NEGATIVE,0.9996274709701538,1.0
1394,507776.0,POSITIVE,0.9711465835571288,1.0
1395,507797.0,POSITIVE,0.6710509061813354,1.0
1396,507806.0,POSITIVE,0.9929938912391664,1.0
1397,507824.0,NEGATIVE,0.9095752835273744,1.0
1398,507847.0,NEGATIVE,0.8746362924575806,0.0
1399,507849.0,POSITIVE,0.5659415125846863,1.0
1400,507857.0,POSITIVE,0.7742903828620911,1.0
1401,507860.0,NEGATIVE,0.6242258548736572,1.0
1402,507863.0,NEGATIVE,0.9987493753433228,1.0
1403,507865.0,POSITIVE,0.5989463925361633,1.0
1404,507885.0,POSITIVE,0.8475937247276306,1.0
1405,507897.0,NEGATIVE,0.5846899151802063,1.0
1406,507904.0,NEGATIVE,0.975656509399414,1.0
1407,507910.0,NEGATIVE,0.63747239112854,1.0
1408,507911.0,NEGATIVE,0.9838882088661194,1.0
1409,507920.0,POSITIVE,0.9661656022071838,1.0
1410,507948.0,NEGATIVE,0.9887161850929259,0.0
1411,507976.0,NEGATIVE,0.9990050196647644,0.0
1412,507993.0,NEGATIVE,0.9135607481002808,0.0
1413,508006.0,NEGATIVE,0.9693037867546082,0.0
1414,508020.0,NEGATIVE,0.927154779434204,0.0
1415,508031.0,NEGATIVE,0.9895763397216796,0.0
1416,508075.0,NEGATIVE,0.9985198378562928,0.0
1417,508085.0,NEGATIVE,0.9906437993049622,1.0
1418,508087.0,POSITIVE,0.9480241537094116,1.0
1419,508109.0,NEGATIVE,0.9834185242652892,1.0
1420,508123.0,NEGATIVE,0.8421400189399719,1.0
1421,508124.0,NEGATIVE,0.6632956862449646,1.0
1422,508127.0,NEGATIVE,0.9884724020957948,1.0
1423,508149.0,NEGATIVE,0.5829402208328247,1.0
1424,508166.0,POSITIVE,0.6048338413238525,1.0
1425,508183.0,NEGATIVE,0.9979758858680724,1.0
1426,508204.0,NEGATIVE,0.9950266480445862,1.0
1427,508214.0,NEGATIVE,0.9977948665618896,1.0
1428,508225.0,NEGATIVE,0.984536349773407,1.0
1429,508250.0,NEGATIVE,0.98515123128891,0.0
1430,508287.0,NEGATIVE,0.968210995197296,1.0
1431,508291.0,POSITIVE,0.9861868619918824,1.0
1432,508299.0,NEGATIVE,0.5813373327255249,1.0
1433,508309.0,NEGATIVE,0.938624143600464,1.0
1434,508342.0,NEGATIVE,0.923682987689972,1.0
1435,508351.0,POSITIVE,0.9897266030311584,1.0
1436,508354.0,POSITIVE,0.9309698343276978,1.0
1437,508362.0,NEGATIVE,0.9898199439048768,0.0
1438,508375.0,POSITIVE,0.93342524766922,0.0
1439,508387.0,NEGATIVE,0.9983179569244384,1.0
1440,508396.0,NEGATIVE,0.9678112864494324,1.0
1441,508417.0,NEGATIVE,0.9260736107826232,1.0
1442,508428.0,POSITIVE,0.8936577439308167,1.0
1443,508453.0,NEGATIVE,0.9885468482971193,1.0
1444,508456.0,NEGATIVE,0.9997418522834778,1.0
1445,508460.0,POSITIVE,0.5292748808860779,1.0
1446,508490.0,NEGATIVE,0.9979304075241088,1.0
1447,508504.0,POSITIVE,0.5199304819107056,0.0
1448,508511.0,POSITIVE,0.7522334456443787,1.0
1449,508514.0,NEGATIVE,0.9975416660308838,1.0
1450,508533.0,NEGATIVE,0.995497703552246,1.0
1451,508554.0,POSITIVE,0.7457531690597534,1.0
1452,508559.0,NEGATIVE,0.9987947940826416,1.0
1453,508590.0,NEGATIVE,0.6173566579818726,1.0
1454,508600.0,NEGATIVE,0.9994671940803528,1.0
1455,508601.0,NEGATIVE,0.8651846647262573,0.0
1456,508604.0,NEGATIVE,0.7074680328369141,0.0
1457,508666.0,NEGATIVE,0.9958091974258424,1.0
1458,508669.0,POSITIVE,0.6908071637153625,1.0
1459,508698.0,NEGATIVE,0.9963580965995787,1.0
1460,508727.0,NEGATIVE,0.9914305806159972,1.0
1461,508787.0,NEGATIVE,0.9956061244010924,1.0
1462,508795.0,NEGATIVE,0.9931758046150208,1.0
1463,508801.0,NEGATIVE,0.5521290898323059,1.0
1464,508805.0,NEGATIVE,0.9987975358963012,1.0
1465,508819.0,NEGATIVE,0.995129942893982,1.0
1466,508834.0,NEGATIVE,0.9393461346626282,1.0
1467,508849.0,NEGATIVE,0.8047505617141724,1.0
1468,508854.0,NEGATIVE,0.7585066556930542,1.0
1469,508857.0,POSITIVE,0.7018922567367554,1.0
1470,508861.0,POSITIVE,0.9897549748420716,1.0
1471,508865.0,POSITIVE,0.8223064541816711,1.0
1472,508924.0,NEGATIVE,0.9375886917114258,1.0
1473,508925.0,NEGATIVE,0.9996341466903688,1.0
1474,508931.0,NEGATIVE,0.9908921122550964,1.0
1475,508934.0,NEGATIVE,0.992431640625,1.0
1476,508956.0,NEGATIVE,0.8761354684829712,1.0
1477,508980.0,NEGATIVE,0.9996365308761596,1.0
1478,509034.0,NEGATIVE,0.9570425152778624,1.0
1479,509052.0,POSITIVE,0.6029059290885925,1.0
1480,509057.0,POSITIVE,0.9257103204727172,1.0
1481,509068.0,POSITIVE,0.9775176644325256,1.0
1482,509069.0,NEGATIVE,0.9957583546638488,1.0
1483,509070.0,NEGATIVE,0.9770458340644836,1.0
1484,509071.0,NEGATIVE,0.9938719272613524,1.0
1485,509129.0,NEGATIVE,0.9981702566146852,1.0
1486,509135.0,NEGATIVE,0.6147483587265015,1.0
1487,509154.0,POSITIVE,0.9535857439041138,1.0
1488,509162.0,NEGATIVE,0.9844785928726196,1.0
1489,509175.0,NEGATIVE,0.9982879757881165,1.0
1490,509209.0,NEGATIVE,0.6565439701080322,1.0
1491,509236.0,NEGATIVE,0.5933114290237427,1.0
1492,509346.0,POSITIVE,0.9973058700561525,1.0
1493,509362.0,NEGATIVE,0.9951334595680236,1.0
1494,509443.0,NEGATIVE,0.9137288331985474,1.0
1495,509446.0,POSITIVE,0.9898278713226318,1.0
1496,509497.0,POSITIVE,0.5680408477783203,1.0
1497,509543.0,NEGATIVE,0.9836035966873168,0.0
1498,509609.0,POSITIVE,0.932364583015442,0.0
1499,509611.0,NEGATIVE,0.9679046273231506,0.0
1500,509632.0,NEGATIVE,0.9977641105651855,1.0
