,index,mapc_id,parloc_id,luc_adj_1,luc_adj_2,muni_id,muni,District,land_value,bldg_value,othr_value,total_value,lot_areaft,bldg_area,addr_num,addr_str,owner_city,owner_stat,owner_zip,median_hh_income,latitude,longitude,numTransitStops,walkscore,improve_value
4,133,14327,M_141021_927092,973,973,15,Athol,2nd Franklin District,0.0,0.0,0,1600,1000.462971,0,0,LIBERTY ST,ATHOL,MA,1331,50732.0,42.59215697,-72.21858808,5.0,40.0,0.0
16,229,24168,M_150332_909035,973,973,21,Barre,5th Worcester District,0.0,0.0,0,43400,275686.5492,0,0,RUGGLES LANE,BARRE,MA,1005,68139.0,42.43025434,-72.1035921,0.0,15.0,0.0
18,231,24289,M_150195_908945,973,973,21,Barre,5th Worcester District,0.0,0.0,0,37500,114732.7331,0,0,RUGGLES LANE,BARRE,MA,1005,68139.0,42.42943539,-72.10524918,0.0,23.0,0.0
20,278,30393,M_72087_892191,973,973,22,Becket,4th Berkshire District,0.0,0.0,0,36400,542005.5545,0,0,MAIN STREET,PITTSFIELD,MA,1201,75852.0,42.26972575,-73.05060062,0.0,7.0,0.0
27,482,55659,F_356083_2878980,973,973,61,Chicopee,6th Hampden District,0.0,0.0,0,4200,10673.58379,0,0,STONINA DR,CHICOPEE,MA,01013-1896,48125.0,42.14272204,-72.60652681,0.0,73.0,0.0
28,483,55682,F_356147_2879035,973,973,61,Chicopee,6th Hampden District,0.0,0.0,0,3400,7822.863775,0,0,NONOTUCK AVE,CHICOPEE,MA,01013-1896,48125.0,42.14287523,-72.60629348,0.0,73.0,0.0
31,505,62132,F_351260_2887923,973,973,61,Chicopee,8th Hampden District,0.0,0.0,0,98200,175114.1206,0,312,CHICOPEE ST,CHICOPEE,MA,01013-1830,35133.0,42.16708788,-72.62474388,0.0,34.0,0.0
34,515,66780,F_354888_2894240,973,973,61,Chicopee,8th Hampden District,0.0,0.0,0,44300,7295.455167,0,0,CHICOPEE ST,CHICOPEE,MA,01013-1896,32500.0,42.18455171,-72.61166607,0.0,45.0,0.0
37,536,81437,F_798033_2695251,970,970,72,Dartmouth,9th Bristol District,0.0,0.0,0,54200,12856.761279999999,0,0,KINGSTON ST,N DARTMOUTH,MA,2747,72672.0,41.64268265,-70.98098263,7.0,48.0,0.0
112,1321,147945,F_649017_2874610,970,970,185,Milford,10th Worcester District,21300.0,0.0,0,21300,8897.189795,0,0,OLIVER ST,MILFORD,MA,1757,71758.0,42.13606848,-71.52636014,4.0,73.0,0.0
115,1324,148907,F_648442_2876662,970,970,185,Milford,10th Worcester District,20600.0,0.0,0,20600,3405.525929,0,0,WEST MAPLE ST,MILFORD,MA,1757,71758.0,42.14169901,-71.52848264,3.0,68.0,0.0
135,1684,190894,M_104055_926332,973,973,268,Shelburne,1st Franklin District,0.0,0.0,0,45800,142666.3596,0,0,SOUTH SHELBURNE & ZF,TURNERS FALLS,MA,1376,0.0,42.58163394,-72.66880186,0.0,1.0,0.0
137,1783,196994,M_112535_915581,970,970,289,Sunderland,1st Franklin District,0.0,0.0,0,88600,91251.00278,0,0,NORTH MAIN ST,TURNERS FALLS,MA,1376,0.0,42.48585661,-72.56387631,0.0,4.0,0.0
138,1784,196995,M_112468_915610,970,970,289,Sunderland,1st Franklin District,0.0,0.0,0,83100,35049.97442,0,0,NORTH MAIN ST,TURNERS FALLS,MA,1376,0.0,42.48611014,-72.56469558,0.0,4.0,0.0
143,1861,206605,F_722271_2881406,973,973,307,Walpole,12th Norfolk District,0.0,0.0,0,40100,17076.415419999998,0,0,WINTHROP ST,WALPOLE,MA,2081,131107.0,42.15446163,-71.25620868,3.0,27.0,0.0
144,1862,206631,F_722365_2881461,973,973,307,Walpole,12th Norfolk District,0.0,0.0,0,160600,14802.32144,0,0,WINTHROP ST,WALPOLE,MA,2081,131107.0,42.15461182,-71.25586143,4.0,27.0,0.0
145,1863,206658,F_722268_2881534,973,973,307,Walpole,12th Norfolk District,0.0,0.0,0,159900,14883.32661,0,34,ALBANY RD,WALPOLE,MA,2081,131107.0,42.154812899999996,-71.25621839,3.0,27.0,0.0
146,1865,207023,F_722966_2882332,973,973,307,Walpole,12th Norfolk District,0.0,0.0,0,3200,1214.0946490000001,0,0,PEMBERTON ST,WALPOLE,MA,2081,131107.0,42.15699723,-71.25363568,2.0,40.0,0.0
148,1900,224258,F_707052_2936251,970,970,317,Wellesley,14th Norfolk District,0.0,0.0,0,1177000,34733.3029,0,315,Weston Rd,Wellesley,MA,2482,158485.0,42.30506845,-71.31188973,1.0,58.0,0.0
149,1947,225020,F_725468_2941021,970,970,317,Wellesley,14th Norfolk District,0.0,0.0,0,2163000,727907.4899,0,109,Barton Rd,Wellesley,MA,2482,158561.0,42.31802605,-71.24375779,1.0,21.0,0.0
153,1985,234123,M_324143_854006,973,973,318,Wellfleet,4th Barnstable District,0.0,0.0,0,303100,258782.69,0,338,OLD KINGS HWY,WELLFLEET,MA,2667,0.0,41.92659962,-70.00321293,0.0,9.0,0.0
156,1989,234767,M_323997_852857,973,973,318,Wellfleet,4th Barnstable District,0.0,0.0,0,286000,215715.1641,0,120,PAINE HOLLOW RD,WELLFLEET,MA,2667,0.0,41.91627935,-70.00521563,0.0,13.0,0.0
157,1994,235605,M_324735_851457,973,973,318,Wellfleet,4th Barnstable District,0.0,0.0,0,198700,29976.175339999998,0,25,NORTH WESTERN AVE,WELLFLEET,MA,2667,0.0,41.90355975,-69.99661831,0.0,12.0,0.0
158,1995,235681,M_325004_851298,973,973,318,Wellfleet,4th Barnstable District,0.0,0.0,0,195200,12770.45858,0,25,VIEW ST,WELLFLEET,MA,2667,0.0,41.9020857,-69.99341068,1.0,8.0,0.0
159,1996,236362,M_323979_854004,973,973,318,Wellfleet,4th Barnstable District,0.0,0.0,0,20600,24241.99409,0,0,DELPHI PATH,WELLFLEET,MA,2667,0.0,41.9266075,-70.00519029,0.0,11.0,0.0
161,2007,239610,F_794948_2840678,970,970,322,West Bridgewater,10th Plymouth District,24700.0,0.0,0,24700,106939.7953,0,0,BELMONT ST,W. BRIDGEWATER,MA,2379,81071.0,42.04181508,-70.98908195,0.0,18.0,0.0
174,2054,245813,F_316071_2871877,973,973,329,Westfield,4th Hampden District,70000.0,0.0,0,70000,9531.476183,0,15,KING ST,WESTFIELD,MA,1085,46066.0,42.12171298,-72.75366190000001,8.0,83.0,0.0
176,2056,245853,F_316148_2871892,973,973,329,Westfield,4th Hampden District,73200.0,0.0,0,73200,12186.168259999999,0,11,KING ST,WESTFIELD,MA,1085,46066.0,42.12175725,-72.75337892,8.0,83.0,0.0
181,2075,247754,F_317793_2873968,973,973,329,Westfield,4th Hampden District,69300.0,0.0,0,69300,8252.191131,0,324,ELM ST,WESTFIELD,MA,1085,42934.0,42.12751972,-72.74742788,4.0,88.0,0.0
187,2199,259749,F_782506_2970319,973,973,57,Chelsea,2nd Suffolk District,118100.0,0.0,0,118100,10215.17178,0,42,EDEN ST,CHELSEA,MA,2150,47366.0,42.39775647,-71.03226859,0.0,90.0,0.0
197,2221,264541,M_165969_865444,973,973,80,Dudley,6th Worcester District,0.0,0.0,0,5300,53704.65496,0,0,WEST MAIN ST,DUDLEY,MA,1571,77480.0,42.03864873,-71.91101392,0.0,45.0,0.0
210,2307,285914,M_121875_867599,973,973,120,Hampden,2nd Hampden District,0.0,0.0,0,64600,14814.830609999999,0,0,SPRINGMEADOW LN,HAMPDEN,MA,1036,85943.0,42.05489741,-72.44382185,0.0,41.0,0.0
214,2332,293112,M_203302_883244,973,973,136,Holliston,8th Middlesex District,4100.0,0.0,0,4100,229276.8922,0,0,CHAMBERLAIN ST,HOLLISTON,MA,1746,147396.0,42.19963664,-71.46001858,0.0,4.0,0.0
215,2339,295963,M_205690_883529,970,970,136,Holliston,8th Middlesex District,209300.0,0.0,0,209300,107617.86300000001,0,59,HOLLIS ST,HOLLISTON,MA,1746,117009.0,42.20218879,-71.43110132,2.0,61.0,0.0
229,2386,313572,F_830841_3010847,970,970,168,Marblehead,8th Essex District,4000.0,0.0,0,4000,8022.359836,0,0,FARRELL CT,MARBLEHEAD,MA,1945,92905.0,42.50809539,-70.85218994,16.0,71.0,0.0
230,2387,313622,F_830778_3010789,970,970,168,Marblehead,8th Essex District,3300.0,0.0,0,3300,5496.5963950000005,0,0,FARRELL CT,MARBLEHEAD,MA,1945,92905.0,42.50793756,-70.85242521,16.0,71.0,0.0
264,2516,329805,F_684013_2950125,970,970,315,Wayland,13th Middlesex District,0.0,0.0,0,1100,3595.936971,0,0,SHORE DR,HADLEY,MA,01035 9589,0.0,42.34324759,-71.39699706,0.0,2.0,0.0
310,2710,363949,F_576165_2924522,973,973,348,Worcester,13th Worcester District,0.0,0.0,0,12900,540.9783854,0,0,BELMONT ST,WORCESTER,MA,1605,41089.0,42.27265654,-71.79559506,0.0,67.0,0.0
343,2904,419311,M_218873_853854,970,970,16,Attleboro,2nd Bristol District,0.0,0.0,0,10300,11926.29724,0,0,GEORGE ST,ATTLEBORO,MA,2703,81029.0,41.93481153,-71.27243108,2.0,39.0,0.0
352,2924,435555,F_1030317_2707843,973,973,75,Dennis,1st Barnstable District,0.0,0.0,0,96900,10212.64372,0,150,UPPER COUNTY ROAD DP,SOUTH DENNIS,MA,2660,0.0,41.67018027,-70.1305337,1.0,46.0,0.0
353,2925,435561,F_1030165_2707779,973,973,75,Dennis,1st Barnstable District,0.0,0.0,0,100100,10760.996009999999,0,150,UPPER COUNTY ROAD DP,SOUTH DENNIS,MA,2660,0.0,41.67001136,-70.13109371,1.0,46.0,0.0
354,2926,435566,F_1030261_2707734,973,973,75,Dennis,1st Barnstable District,0.0,0.0,0,99300,11495.34279,0,150,UPPER COUNTY ROAD DP,SOUTH DENNIS,MA,2660,0.0,41.66988365,-70.13074504,1.0,46.0,0.0
382,3079,462733,F_899198_2665743,970,970,96,Falmouth,"Barnstable, Dukes & Nantucket District",176600.0,0.0,0,176600,13434.19371,0,0,LAKEVIEW AVE,FALMOUTH,MA,02540-3560,0.0,41.55941728,-70.61201595,3.0,62.0,0.0
399,3285,481732,F_788387_3040593,973,973,184,Middleton,13th Essex District,0.0,0.0,0,28600,222807.4369,0,0,SOUTH MAIN ST,MIDDLETON,MA,1949,102604.0,42.59049196,-71.00899890000001,0.0,31.0,0.0
419,3393,506886,F_508841_2857053,970,970,278,Southbridge,6th Worcester District,0.0,0.0,0,23300,13867.50716,0,0,PLEASANT STREET,SOUTHBRIDGE,MA,01550-1955,50494.0,42.08660565,-72.04275646,3.0,46.0,0.0
422,3397,509505,F_508673_2856689,970,970,278,Southbridge,6th Worcester District,0.0,0.0,0,22600,29593.569,0,0,PLEASANT STREET,SOUTHBRIDGE,MA,01550-1955,50494.0,42.08560385,-72.04336682,3.0,59.0,0.0
423,3398,509512,F_508807_2856603,970,970,278,Southbridge,6th Worcester District,0.0,0.0,0,31600,34900.77704,0,0,PLEASANT STREET REAR,SOUTHBRIDGE,MA,01550-1955,50494.0,42.08537020000001,-72.04287116,3.0,59.0,0.0
429,3405,510817,F_508804_2856965,970,970,278,Southbridge,6th Worcester District,0.0,0.0,0,23600,17493.46398,0,0,PLEASANT STREET,SOUTHBRIDGE,MA,01550-1955,50494.0,42.08636352,-72.0428907,3.0,46.0,0.0
436,3677,533393,F_805006_2905066,970,970,336,Weymouth,3rd Norfolk District,0.0,0.0,0,384500,95840.57112000001,0,0,BROAD ST,E WEYMOUTH,MA,2189,72882.0,42.21833182,-70.95052781,1.0,25.0,0.0
437,3680,533702,F_807661_2902781,970,970,336,Weymouth,4th Norfolk District,0.0,0.0,0,166900,55628.03597999999,0,0,MIDDLE ST,WEYMOUTH,MA,2188,59083.0,42.21201426,-70.94078189,5.0,29.0,0.0
454,3973,577041,M_264051_881218,970,970,264,Scituate,4th Plymouth District,0.0,0.0,0,76100,318048.6285,0,0,NEW KENT ST,SCITUATE,MA,2066,122072.0,42.17878257,-70.72469918,0.0,13.0,0.0
455,3975,578287,F_385409_2883377,970,970,281,Springfield,9th Hampden District,0.0,0.0,0,29300,24145.15263,0,20,LA FRANCE ST,SPRINGFIELD,MA,1104,39052.0,42.15578026,-72.49859051,0.0,48.0,0.0
457,3986,581436,F_364706_2876111,970,970,281,Springfield,9th Hampden District,0.0,0.0,0,729700,1518606.2040000001,0,0,CAREW ST,SPRINGFIELD,MA,1104,47733.0,42.13515220000001,-72.57460055,0.0,68.0,0.0
476,4027,589565,F_357632_2868792,970,970,281,Springfield,10th Hampden District,0.0,0.0,0,8700,4829.579647,0,0,ALLENDALE ST,SPRINGFIELD,MA,1104,14250.0,42.11482173,-72.60033108,0.0,74.0,0.0
481,4040,591419,F_353526_2869807,970,970,281,Springfield,10th Hampden District,0.0,0.0,0,17600,6333.737371,0,0,SANDERSON ST,SPRINGFIELD,MA,1103,17313.0,42.11746049,-72.61551207,0.0,39.0,0.0
489,4060,593249,F_353186_2868714,970,970,281,Springfield,10th Hampden District,0.0,0.0,0,28100,78271.49452000001,0,0,CLYDE ST,SPRINGFIELD,MA,1104,17313.0,42.11444915,-72.61671240000001,0.0,51.0,0.0
492,4066,593664,F_357892_2868220,970,970,281,Springfield,10th Hampden District,0.0,0.0,0,200,1394.3023289999999,0,0,GROSVENOR ST,SPRINGFIELD,MA,1104,14250.0,42.11326139,-72.59934571,0.0,75.0,0.0
503,4094,596256,F_365122_2864620,970,970,281,Springfield,11th Hampden District,0.0,0.0,0,15300,9182.91837,0,0,PINE ST,SPRINGFIELD,MA,1104,22234.0,42.10363573,-72.57253424,0.0,66.0,0.0
505,4105,597602,F_368197_2862845,970,970,281,Springfield,11th Hampden District,0.0,0.0,0,16000,13555.896330000001,0,0,EASTERN AV,SPRINGFIELD,MA,1104,30234.0,42.09887072,-72.5611223,0.0,65.0,0.0
511,4112,599555,F_365800_2861882,970,970,281,Springfield,10th Hampden District,0.0,0.0,0,15200,8171.8247790000005,0,0,CLIFTON AV,SPRINGFIELD,MA,1104,22917.0,42.09614611,-72.56990944,0.0,68.0,0.0
518,4123,606068,F_353476_2869800,970,970,281,Springfield,10th Hampden District,0.0,0.0,0,17600,6340.698788000001,0,0,SANDERSON ST,SPRINGFIELD,MA,1103,17313.0,42.11743948,-72.61569601,0.0,39.0,0.0
519,4124,606090,F_353279_2869775,970,970,281,Springfield,10th Hampden District,0.0,0.0,0,17600,6300.00006,0,0,SANDERSON ST,SPRINGFIELD,MA,1103,17313.0,42.11736381,-72.61642085,0.0,36.0,0.0
520,4126,606115,F_353293_2869675,970,970,281,Springfield,10th Hampden District,0.0,0.0,0,16600,3450.395951,0,0,WHITING ST,SPRINGFIELD,MA,1103,17313.0,42.11708992,-72.61636443,0.0,36.0,0.0
522,4133,609123,F_353441_2869681,970,970,281,Springfield,10th Hampden District,0.0,0.0,0,17400,4998.076296,0,0,WHITING ST,SPRINGFIELD,MA,1103,17313.0,42.1171117,-72.61581927,0.0,36.0,0.0
523,4134,609253,F_353377_2869788,970,970,281,Springfield,10th Hampden District,0.0,0.0,0,17600,6372.331157,0,0,SANDERSON ST,SPRINGFIELD,MA,1107,17313.0,42.117403,-72.6160603,0.0,36.0,0.0
529,4147,610756,F_365730_2862525,970,970,281,Springfield,10th Hampden District,0.0,0.0,0,15500,13016.62433,0,0,CENTRAL ST,SPRINGFIELD,MA,1105,22917.0,42.09790807,-72.57019706,0.0,65.0,0.0
534,4153,612698,F_353219_2869025,970,970,281,Springfield,10th Hampden District,0.0,0.0,0,38500,141941.5045,0,0,CLYDE ST,SPRINGFIELD,MA,1109,17313.0,42.1153037,-72.61660579,0.0,40.0,0.0
537,4159,613405,F_353427_2869794,970,970,281,Springfield,10th Hampden District,0.0,0.0,0,17600,6358.292737,0,0,SANDERSON ST,SPRINGFIELD,MA,1103,17313.0,42.11742126,-72.61587631,0.0,36.0,0.0
538,4164,614470,F_366468_2862205,970,970,281,Springfield,10th Hampden District,0.0,0.0,0,16500,16642.44099,0,0,CENTRAL ST,SPRINGFIELD,MA,1104,22917.0,42.09705538,-72.56746322,0.0,69.0,0.0
557,4230,627660,M_245207_874239,970,970,1,Abington,7th Plymouth District,0.0,0.0,0,309000,282776.1147,0,0,GLINIEWICZ WAY,ABINGTON,MA,2351,89978.0,42.11726614,-70.95332891,0.0,30.0,0.0
558,4231,627723,M_244997_874062,970,970,1,Abington,7th Plymouth District,0.0,0.0,0,35500,125258.1044,0,0,LINCOLN BLV,ABINGTON,MA,2351,89978.0,42.11568469,-70.95588194,0.0,17.0,0.0
565,4378,641037,F_822093_3029139,970,970,30,Beverly,6th Essex District,81400.0,0.0,0,81400,4354.937009,0,34,SIMON ST,BEVERLY,MA,1915,56157.0,42.55846387,-70.88414245,0.0,87.0,0.0
567,4380,641109,F_822397_3029202,970,970,30,Beverly,6th Essex District,80900.0,0.0,0,80900,3167.772469,0,14,SIMON ST,BEVERLY,MA,1915,56157.0,42.55863071,-70.88301246,0.0,88.0,0.0
599,4464,756985,F_780272_2976863,970,970,93,Everett,28th Middlesex District,2000.0,0.0,0,2000,2153.503117,0,0,RUSSELL ST,EVERETT,MA,2149,47026.0,42.41574642,-71.04040857,0.0,75.0,0.0
600,4465,756986,F_779978_2977067,970,970,93,Everett,28th Middlesex District,1300.0,0.0,0,1300,1395.291029,0,0,RUSSELL ST,EVERETT,M,2149,47026.0,42.41631054,-71.04149324,0.0,76.0,0.0
601,4466,756987,F_779317_2977092,970,970,93,Everett,28th Middlesex District,1300.0,0.0,0,1300,1277.875618,0,0,RUSSELL ST,EVERETT,MA,2149,47026.0,42.41638886,-71.04394056,0.0,87.0,0.0
602,4467,756989,F_779560_2976643,970,970,93,Everett,28th Middlesex District,2900.0,0.0,0,2900,2235.7521269999997,0,0,RUSSELL ST,EVERETT,MA,2149,47026.0,42.41515324,-71.04304959,0.0,84.0,0.0
603,4468,756990,F_779606_2976871,970,970,93,Everett,28th Middlesex District,1800.0,0.0,0,1800,1407.4463119999998,0,0,RUSSELL ST,EVERETT,MA,2149,47026.0,42.41577819,-71.04287472,0.0,84.0,0.0
604,4469,756991,F_779546_2977048,970,970,93,Everett,28th Middlesex District,4000.0,0.0,0,4000,3156.937785,0,0,RUSSELL ST,EVERETT,MA,2149,47026.0,42.41626476,-71.0430934,0.0,81.0,0.0
606,4471,756994,F_779961_2976312,970,970,93,Everett,28th Middlesex District,1700.0,0.0,0,1700,2002.700091,0,0,RUSSELL ST,EVERETT,MA,2149,47026.0,42.41423908,-71.04157122,0.0,82.0,0.0
607,4472,756995,F_779791_2976467,970,970,93,Everett,28th Middlesex District,300.0,0.0,0,300,1274.040525,0,0,VETERANS AV,EVERETT,MA,2149,47026.0,42.4146669,-71.04219766,0.0,82.0,0.0
608,4473,756996,F_780123_2976610,970,970,93,Everett,28th Middlesex District,1500.0,0.0,0,1500,1183.259833,0,0,RUSSELL ST,EVERETT,MA,2149,47026.0,42.4150544,-71.04096538,0.0,77.0,0.0
609,4474,756997,F_779604_2977407,970,970,93,Everett,28th Middlesex District,1900.0,0.0,0,1900,1449.109717,0,0,RUSSELL ST,EVERETT,MA,2149,47026.0,42.417249,-71.04287149,0.0,81.0,0.0
656,4837,805742,M_188825_871269,970,970,304,Uxbridge,8th Worcester District,0.0,0.0,0,24700,4651.1363759999995,0,29,CROWN & EAGLE RD,UXBRIDGE,MA,01569-1851,80069.0,42.09175123,-71.63507989,0.0,28.0,0.0
678,4904,816229,M_227981_902058,973,973,314,Watertown,29th Middlesex District,292200.0,0.0,0,292200,4963.562939,0,103,NICHOLS AV,WATERTOWN,MA,2472,84107.0,42.36852298,-71.16029373,18.0,90.0,0.0
686,4915,816865,M_227961_901911,973,973,314,Watertown,29th Middlesex District,1700.0,0.0,0,1700,666.4062744,0,0,QUIMBY ST,WATERTOWN,MA,2472,84107.0,42.36720029999999,-71.16054365,20.0,90.0,0.0
739,5448,864348,F_708159_3070862,973,973,79,Dracut,36th Middlesex District,123400.0,0.0,0,123400,41522.97325,0,1530,BRIDGE ST,DRACUT,MA,1826,71235.0,42.67442824,-71.30666954,9.0,45.0,0.0
748,5461,868049,F_707658_3071085,973,973,79,Dracut,36th Middlesex District,249600.0,0.0,0,249600,753378.5463,0,144,GREENMONT AV,DRACUT,MA,1826,71235.0,42.67504321,-71.30853061,4.0,22.0,0.0
779,5640,886160,F_752598_2711416,970,970,95,Fall River,7th Bristol District,0.0,0.0,0,1362100,395491.7872,0,640,BUFFINTON ST,FALL RIVER,MA,2721,54779.0,41.68768074,-71.14695926,0.0,69.0,0.0
781,5642,886852,F_750247_2714358,970,970,95,Fall River,7th Bristol District,0.0,0.0,0,17900,2511.015652,0,232,FIFTH ST,FALL RIVER,MA,2721,17632.0,41.69578072,-71.15552282,0.0,90.0,0.0
792,5682,890749,F_748593_2716417,970,970,95,Fall River,7th Bristol District,0.0,0.0,0,81200,5322.678562,0,0,CANAL ST,FALL RIVER,MA,2721,22624.0,41.70144931,-71.16154899,0.0,88.0,0.0
803,5755,896364,F_756928_2727566,970,970,95,Fall River,6th Bristol District,0.0,0.0,0,162100,74324.54471,0,0,CANEDY ST,FALL RIVER,MA,2721,45135.0,41.7319501,-71.13085118,0.0,7.0,0.0
807,5785,897720,F_840488_2833893,973,973,118,Halifax,0,0.0,0.0,0,11800,5327.957002,0,0,HOLMES STREET,PEMBROKE,MA,2359,0.0,42.02232483,-70.82163307,0.0,3.0,0.0
811,5789,899250,F_835095_2822550,973,973,118,Halifax,12th Plymouth District,0.0,0.0,0,4800,54189.89702999999,0,0,MONPONSETT STREET,HALIFAX,MA,02338-1426,92111.0,41.99131407,-70.84180252,0.0,38.0,0.0
813,5794,899615,F_826213_2822603,973,973,118,Halifax,12th Plymouth District,0.0,0.0,0,271200,421408.3184,0,550,THOMPSON STREET,HALIFAX,MA,02338-1426,92111.0,41.99164293,-70.87447281,0.0,6.0,0.0
815,5813,903098,F_768823_3108275,970,970,128,Haverhill,3rd Essex District,0.0,0.0,0,134500,5590.315240999999,0,0,WELCOME ST,HAVERHILL,MA,1831,30844.0,42.77648242,-71.0804123,0.0,87.0,0.0
816,5814,903214,F_770376_3108299,970,970,128,Haverhill,3rd Essex District,0.0,0.0,0,10300,2331.013882,0,0,GREEN ST,HAVERHILL,MA,1831,43140.0,42.77652717,-71.07462782,0.0,83.0,0.0
817,5815,903215,F_770918_3108216,970,970,128,Haverhill,3rd Essex District,0.0,0.0,0,18200,48542.21875,0,0,JAMES P GINTY BLVD,HAVERHILL,MA,1831,43140.0,42.77629201,-71.07261072,0.0,80.0,0.0
820,5820,903880,F_771616_3107821,973,973,128,Haverhill,3rd Essex District,0.0,0.0,0,14400,16093.872919999998,0,0,JAMES P GINTY BLVD,HAVERHILL,MA,1831,43140.0,42.77519862,-71.07001849,0.0,73.0,0.0
827,5849,916244,F_770849_3104797,970,970,128,Haverhill,15th Essex District,0.0,0.0,0,121400,10255.75957,0,0,GREYSTONE AVE,HAVERHILL,MA,1831,66157.0,42.76691226,-71.07293147,6.0,55.0,0.0
860,6080,966014,F_435657_2862614,970,970,191,Monson,2nd Hampden District,0.0,0.0,0,57200,26061.588069999998,0,0,STATE ST,MONSON,MA,01057-1116,81929.0,42.10027008,-72.31255219,0.0,41.0,0.0
861,6147,973673,F_704497_2818945,973,973,211,North Attleborough,14th Bristol District,0.0,0.0,0,10700,24199.51141,0,0,DORRANCE ST,N ATTLEBORO,MA,2760,116836.0,41.98317746,-71.32223864,4.0,61.0,0.0
864,6197,980805,F_702417_2814654,973,973,211,North Attleborough,14th Bristol District,0.0,0.0,0,8000,1200.029046,0,0,RODNEY ST OFF,N ATTLEBORO,MA,2760,90393.0,41.97141364,-71.32992043,2.0,62.0,0.0
865,6201,981876,F_704691_2818755,973,973,211,North Attleborough,14th Bristol District,0.0,0.0,0,10700,21285.68244,0,0,NEWBURY ST,N ATTLEBORO,MA,2760,116836.0,41.98265494,-71.32152657,3.0,59.0,0.0
867,6203,981900,F_704463_2817307,973,973,211,North Attleborough,14th Bristol District,0.0,0.0,0,134000,129108.2816,0,0,HOPE ST,N ATTLEBORO,MA,2760,58362.0,41.97868262,-71.32237624,4.0,32.0,0.0
868,6204,981901,F_704843_2818611,973,973,211,North Attleborough,14th Bristol District,0.0,0.0,0,9900,10706.04528,0,0,NEWBURY ST,N ATTLEBORO,MA,2760,116836.0,41.9822589,-71.32096862,2.0,50.0,0.0
876,6280,998417,F_522063_2913659,973,973,280,Spencer,5th Worcester District,0.0,0.0,0,29700,9852.111307,0,0,ELM ST,SPENCER,MA,1562,56346.0,42.24215929,-71.99525781,5.0,70.0,0.0
878,6282,998442,F_522110_2913762,973,973,280,Spencer,5th Worcester District,0.0,0.0,0,28900,8028.877976000001,0,0,LLOYD DYER DR,SPENCER,MA,1562,56346.0,42.24244268,-71.99508645,5.0,72.0,0.0
885,6304,1003566,F_764516_2873640,970,970,285,Stoughton,6th Norfolk District,130000.0,0.0,0,130000,27914.175430000003,0,0,WARREN AV,STOUGHTON,MA,2072,68163.0,42.13271345,-71.10054601,17.0,76.0,0.0
913,6822,1062852,F_755158_3063883,970,970,9,Andover,18th Essex District,17800.0,0.0,0,17800,54189.97384,0,0,MORTON ST,ANDOVER,MA,1810,81644.0,42.65485484,-71.13202011,16.0,53.0,0.0
922,6852,1066899,F_755370_3064010,970,970,9,Andover,18th Essex District,342900.0,0.0,0,342900,22912.286959999998,0,0,MORTON ST,ANDOVER,MA,1810,81644.0,42.65520079,-71.13123001,11.0,53.0,0.0
927,6865,1070654,F_755050_3063759,970,970,9,Andover,18th Essex District,309600.0,0.0,0,309600,12978.551790000001,0,0,MORTON ST,ANDOVER,MA,1810,81644.0,42.65451589,-71.13242356,16.0,52.0,0.0
992,7123,1097949,M_175356_926350,970,970,97,Fitchburg,3rd Worcester District,19900.0,0.0,0,19900,8890.157961,0,0,MT GLOBE ST,FITCHBURG,MA,1420,37188.0,42.58732337,-71.8002315,13.0,64.0,0.0
994,7126,1098059,M_175260_926137,973,973,97,Fitchburg,3rd Worcester District,30700.0,0.0,0,30700,4506.2222520000005,0,0,GROVE ST,FITCHBURG,MA,1420,18234.0,42.58540286,-71.80139186,14.0,74.0,0.0
996,7128,1098062,M_175253_926125,973,973,97,Fitchburg,3rd Worcester District,31600.0,0.0,0,31600,4597.4138060000005,0,0,GROVE ST,FITCHBURG,MA,1420,18234.0,42.58529461,-71.80147662,14.0,74.0,0.0
1001,7141,1099681,M_171335_923649,970,970,97,Fitchburg,3rd Worcester District,49100.0,0.0,0,49100,33928.81251,0,0,OVERLAND ST,FITCHBURG,MA,1420,68063.0,42.562870600000004,-71.84908313,1.0,20.0,0.0
1009,7152,1103497,M_178445_922543,973,973,97,Fitchburg,0,0.0,0.0,0,300,19269.991830000003,0,0,MONARCH ST,LEOMINSTER,MA,1453,0.0,42.55314353,-71.76245655,2.0,40.0,0.0
1015,7224,1109063,M_244271_912101,973,973,163,Lynn,11th Essex District,0.0,0.0,0,89500,5005.616333,0,68,NEPTUNE ST,LYNN,MA,1902,36339.0,42.45818092,-70.96175817,0.0,83.0,0.0
1024,7268,1112989,M_244854_912995,973,973,163,Lynn,10th Essex District,4100.0,0.0,0,4100,3161.075062,0,73,HANOVER ST,LYNN,MA,01902-4532,29452.0,42.46619571,-70.95460081,0.0,89.0,0.0
1043,7494,1144781,F_727138_2772452,973,973,247,Rehoboth,4th Bristol District,0.0,0.0,0,204700,249359.5814,0,0,ANAWAN ST,REHOBOTH,MA,2769,97464.0,41.85543018,-71.23948664,0.0,20.0,0.0
1079,7895,1184611,M_117873_925590,973,973,192,Montague,1st Franklin District,0.0,0.0,0,60500,34212.853039999995,0,0,MILLERS FALLS RD,TURNERS FALLS,MA,1376,0.0,42.57653649,-72.50038173,0.0,15.0,0.0
1080,7896,1184612,M_117922_925590,973,973,192,Montague,1st Franklin District,0.0,0.0,0,57600,24264.74915,0,0,MILLERS FALLS RD,TURNERS FALLS,MA,1376,0.0,42.57654166,-72.49978492,0.0,19.0,0.0
1084,7959,1186755,F_433490_3008970,973,973,204,New Salem,2nd Franklin District,0.0,0.0,0,2900,5214.027146,0,0,MILLINGTON RD,TURNERS FALLS,MA,1376,0.0,42.50180743,-72.32575773,1.0,0.0,0.0
1124,8088,1208629,F_734787_2936321,973,973,207,Newton,12th Middlesex District,0.0,0.0,0,617300,17936.64341,0,0,CHRISTINA ST,NEWTON,MA,2461,116094.0,42.30504695,-71.20936019,12.0,39.0,0.0
1134,8299,1221637,F_955706_2703422,973,973,20,Barnstable,2nd Barnstable District,0.0,0.0,0,106300,11237.576079999999,0,0,TANBARK ROAD,HYANNIS,MA,2601,0.0,41.66100839,-70.40379926,0.0,10.0,0.0
1141,8311,1224955,F_962887_2693759,973,973,20,Barnstable,2nd Barnstable District,0.0,0.0,0,242200,113223.6732,0,0,OLD MILL ROAD,HYANNIS,MA,2601,0.0,41.63423642,-70.37798766,0.0,28.0,0.0
1143,8313,1225916,F_961213_2710111,973,973,20,Barnstable,5th Barnstable District,0.0,0.0,0,112500,22617.721230000003,0,184,TREE TOP CIRCLE,HYANNIS,MA,2601,0.0,41.67916729,-70.38332755,1.0,3.0,0.0
1144,8314,1225917,F_961298_2710231,973,973,20,Barnstable,5th Barnstable District,0.0,0.0,0,113500,23258.80362,0,170,TREE TOP CIRCLE,HYANNIS,MA,2601,0.0,41.67949352,-70.38301067,1.0,3.0,0.0
1145,8315,1225918,F_961398_2710355,973,973,20,Barnstable,5th Barnstable District,0.0,0.0,0,106500,27163.55628,0,158,TREE TOP CIRCLE,HYANNIS,MA,2601,0.0,41.67983019,-70.3826387,1.0,2.0,0.0
1146,8316,1225919,F_961537_2710409,973,973,20,Barnstable,5th Barnstable District,0.0,0.0,0,113700,26253.26838,0,146,TREE TOP CIRCLE,HYANNIS,MA,2601,0.0,41.67997337,-70.38212733,1.0,7.0,0.0
1147,8317,1225920,F_961712_2710416,973,973,20,Barnstable,5th Barnstable District,0.0,0.0,0,113000,25544.60317,0,134,TREE TOP CIRCLE,HYANNIS,MA,2601,0.0,41.67998628,-70.38148644,1.0,7.0,0.0
1148,8318,1225921,F_961859_2710395,973,973,20,Barnstable,5th Barnstable District,0.0,0.0,0,115300,25519.58979,0,122,TREE TOP CIRCLE,HYANNIS,MA,2601,0.0,41.67992336,-70.38094939,1.0,7.0,0.0
1149,8319,1225937,F_961239_2709756,973,973,20,Barnstable,5th Barnstable District,0.0,0.0,0,112000,22132.428,0,211,TREE TOP CIRCLE,HYANNIS,MA,2601,0.0,41.67819222,-70.38324939,1.0,5.0,0.0
1150,8320,1225938,F_961309_2709872,973,973,20,Barnstable,5th Barnstable District,0.0,0.0,0,112000,23410.28051,0,197,TREE TOP CIRCLE,HYANNIS,MA,2601,0.0,41.67850801,-70.38298762,1.0,3.0,0.0
1151,8321,1225939,F_961377_2709984,973,973,20,Barnstable,5th Barnstable District,0.0,0.0,0,112000,20450.73338,0,185,TREE TOP CIRCLE,HYANNIS,MA,2601,0.0,41.6788129,-70.38273336,1.0,3.0,0.0
1152,8322,1225940,F_961444_2710092,973,973,20,Barnstable,5th Barnstable District,0.0,0.0,0,111700,22097.68645,0,173,TREE TOP CIRCLE,HYANNIS,MA,2601,0.0,41.67910685,-70.38248294,1.0,3.0,0.0
1153,8323,1225941,F_961541_2710212,973,973,20,Barnstable,5th Barnstable District,0.0,0.0,0,113000,24408.06596,0,151,TREE TOP CIRCLE,HYANNIS,MA,2601,0.0,41.67943265,-70.38212214,1.0,4.0,0.0
1154,8324,1225942,F_961710_2710210,973,973,20,Barnstable,5th Barnstable District,0.0,0.0,0,114700,25686.97455,0,125,TREE TOP CIRCLE,HYANNIS,MA,2601,0.0,41.67942108,-70.38150365,1.0,4.0,0.0
1156,8326,1227025,F_966629_2709898,973,973,20,Barnstable,5th Barnstable District,0.0,0.0,0,5800,211610.1508,0,151,OAK STREET (CENT./W.BARN),HYANNIS,MA,2601,0.0,41.67838651,-70.36351409999999,0.0,2.0,0.0
1181,8371,1237130,F_983050_2699980,973,973,20,Barnstable,2nd Barnstable District,0.0,0.0,0,172600,60792.86375,0,57,FOREST GLEN ROAD,HYANNIS,MA,2601,0.0,41.65055514,-70.30391975,4.0,42.0,0.0
1182,8373,1237232,F_982758_2699957,973,973,20,Barnstable,2nd Barnstable District,0.0,0.0,0,29500,19606.172469999998,0,62,FOREST GLEN ROAD,HYANNIS,MA,2601,0.0,41.65050326,-70.30498923,2.0,47.0,0.0
1196,8389,1239274,F_988288_2699589,973,973,20,Barnstable,2nd Barnstable District,0.0,0.0,0,4600,1551.769881,0,0,HIGH SCHOOL ROAD,HYANNIS,MA,2601,0.0,41.64927906,-70.28477664,11.0,85.0,0.0
1203,8398,1240710,F_991552_2714517,973,973,20,Barnstable,1st Barnstable District,0.0,0.0,0,109900,128455.0078,0,153,OAKMONT ROAD,HYANNIS,MA,2601,0.0,41.69011316,-70.27204909999999,0.0,1.0,0.0
1211,8421,1241452,F_989109_2711168,973,973,20,Barnstable,1st Barnstable District,0.0,0.0,0,14100,59431.17047999999,0,844,MARY DUNN ROAD,HYANNIS,MA,2601,0.0,41.68101968,-70.28116766,2.0,8.0,0.0
1221,8442,1247471,F_787148_2849039,973,973,44,Brockton,9th Plymouth District,66500.0,0.0,0,66500,4858.621438,0,0,TREMONT ST,BROCKTON,MA,2301,44451.0,42.0648836,-71.01762264,0.0,72.0,0.0
1222,8443,1247665,F_787080_2849213,973,973,44,Brockton,9th Plymouth District,67600.0,0.0,0,67600,5708.548583,0,0,ESSEX ST,BROCKTON,MA,2301,44451.0,42.06536214,-71.01786944,0.0,75.0,0.0
1226,8448,1248763,F_785393_2849984,973,973,44,Brockton,9th Plymouth District,0.0,0.0,0,1200,3794.05039,0,0,TRIBOU ST,BROCKTON,MA,2301,51947.0,42.06750388,-71.02406639,0.0,62.0,0.0
1229,8451,1249753,F_786751_2850712,970,970,44,Brockton,9th Plymouth District,70700.0,0.0,0,70700,9557.730004000001,0,30,SHEPPARD ST,BROCKTON,MA,2301,51947.0,42.06948072,-71.01904993,0.0,75.0,0.0
1232,8455,1251757,F_793283_2852653,973,973,44,Brockton,10th Plymouth District,0.0,0.0,0,68300,4969.067892,0,0,THATCHER ST,BROCKTON,MA,2302,48816.0,42.07470351,-70.99495040000001,11.0,37.0,0.0
1233,8457,1251892,F_785247_2852619,973,973,44,Brockton,9th Plymouth District,71300.0,0.0,0,71300,10264.98056,0,111,DOVER ST,BROCKTON,MA,2301,50088.0,42.07473696,-71.02454999,0.0,77.0,0.0
1234,8458,1252026,F_792839_2852922,973,973,44,Brockton,10th Plymouth District,69100.0,0.0,0,69100,5699.194832,0,0,LAFOYE ST,BROCKTON,MA,2301,48816.0,42.07544889,-70.99657993,13.0,38.0,0.0
1237,8461,1253047,F_786238_2853681,970,970,44,Brockton,9th Plymouth District,69700.0,0.0,0,69700,7734.442989,0,23,PARK ST,BROCKTON,MA,2301,15587.0,42.07763603,-71.02087788,0.0,85.0,0.0
1238,8464,1254667,F_787818_2854923,973,973,44,Brockton,9th Plymouth District,6310.0,0.0,0,6310,1135.865668,0,0,SCHOOL ST,BROCKTON,MA,2302,62879.0,42.08101976,-71.01503201,0.0,76.0,0.0
1239,8466,1254718,F_787769_2854951,973,973,44,Brockton,9th Plymouth District,17840.0,0.0,0,17840,3095.6117449999997,0,0,SCHOOL ST,BROCKTON,MA,2302,62879.0,42.08109736,-71.01521192,0.0,76.0,0.0
1240,8467,1254748,F_787751_2854989,973,973,44,Brockton,9th Plymouth District,3940.0,0.0,0,3940,692.9766639999999,0,0,SCHOOL ST,BROCKTON,MA,2302,62879.0,42.08120192,-71.01527744,0.0,80.0,0.0
1243,8492,1255294,F_784774_2855436,973,973,44,Brockton,9th Plymouth District,68000.0,0.0,0,68000,5789.96425,0,0,NEWBURY ST,BROCKTON,MA,2301,54034.0,42.08247446,-71.02623456,0.0,77.0,0.0
1247,8503,1255548,F_784320_2855627,973,973,44,Brockton,11th Plymouth District,3500.0,0.0,0,3500,6679.948844,0,0,ELLSWORTH ST,BROCKTON,MA,2301,54034.0,42.0830055,-71.02790308,0.0,72.0,0.0
1251,8513,1255831,F_788650_2855919,973,973,44,Brockton,9th Plymouth District,0.0,0.0,0,65600,4497.52382,0,0,CENTRE ST,BROCKTON,MA,2302,62879.0,42.08373991,-71.01194622,0.0,78.0,0.0
1253,8515,1255935,F_784578_2855975,973,973,44,Brockton,11th Plymouth District,68400.0,0.0,0,68400,6503.996306,0,0,HIGHLAND ST,BROCKTON,MA,2301,54034.0,42.08395654,-71.02694556,0.0,80.0,0.0
1254,8516,1256121,F_785727_2856138,970,970,44,Brockton,9th Plymouth District,66200.0,0.0,0,66200,4590.516378,0,102,GREEN ST,BROCKTON,MA,2301,15587.0,42.08438627,-71.02270949,0.0,86.0,0.0
1256,8521,1256812,F_788493_2856636,973,973,44,Brockton,9th Plymouth District,76500.0,0.0,0,76500,21199.552000000003,0,15,HUNT ST,BROCKTON,MA,2301,62879.0,42.08570993,-71.01250948,0.0,74.0,0.0
1257,8522,1257112,F_785690_2856852,970,970,44,Brockton,9th Plymouth District,0.0,0.0,0,70200,8540.627271,0,70,SPRING ST,BROCKTON,MA,2301,15587.0,42.08634616,-71.02283107,0.0,82.0,0.0
1262,8527,1257238,F_785372_2856973,973,973,44,Brockton,9th Plymouth District,0.0,0.0,0,2100,3961.625139,0,0,N WARREN AV,BROCKTON,MA,2301,54034.0,42.08668308,-71.02400009,0.0,82.0,0.0
1272,8537,1258036,F_785385_2857476,973,973,44,Brockton,9th Plymouth District,70400.0,0.0,0,70400,8496.287928,0,103,N WARREN AV,BROCKTON,MA,2301,15587.0,42.08806318,-71.02394185,0.0,77.0,0.0
1276,8541,1258288,F_789416_2857644,973,973,44,Brockton,9th Plymouth District,69300.0,0.0,0,69300,6864.173175,0,0,WILLIAMS AV,BROCKTON,MA,2301,62879.0,42.0884615,-71.00908785,0.0,53.0,0.0
1280,8545,1258507,F_786226_2857761,973,973,44,Brockton,9th Plymouth District,90800.0,0.0,0,90800,49185.64162,0,0,WYMAN ST,BROCKTON,MA,2301,15587.0,42.08883234,-71.02083766,0.0,80.0,0.0
1284,8553,1259344,F_782115_2858317,973,973,44,Brockton,9th Plymouth District,0.0,0.0,0,42740,8963.107740000001,0,0,PROSPECT ST,BROCKTON,MA,2301,30553.0,42.09042046,-71.03597189,0.0,55.0,0.0
1287,8557,1260642,F_781643_2859488,973,973,44,Brockton,9th Plymouth District,71700.0,0.0,0,71700,6220.031575999999,0,0,BELAIR ST,BROCKTON,MA,2301,30553.0,42.09364089,-71.03768744,0.0,45.0,0.0
1296,8568,1264165,F_788888_2863184,973,973,44,Brockton,10th Plymouth District,75500.0,0.0,0,75500,5695.335627,0,0,ARTHUR ST,BROCKTON,MA,2301,73450.0,42.10367236,-71.01091602,0.0,40.0,0.0
1311,8640,1277169,M_159809_925360,973,973,103,Gardner,2nd Worcester District,0.0,0.0,0,49700,42533.271010000004,0,0,LYNDE ST,GARDNER,MA,1440,34349.0,42.57776325,-71.98956401,10.0,68.0,0.0
1318,8729,1289004,F_560262_2953024,973,973,134,Holden,1st Worcester District,0.0,0.0,0,9400,29890.3235,0,0,PHILLIPS RD,HOLDEN,MA,1520,91118.0,42.35070143,-71.85479186,0.0,43.0,0.0
1333,8930,1313055,M_151562_891516,973,973,212,North Brookfield,5th Worcester District,1700.0,0.0,0,1700,30375.24253,0,26,MT PLEASANT ST,NORTH BROOKFIELD,MA,1535,73599.0,42.27261548,-72.08717937,0.0,47.0,0.0
1338,8950,1316276,F_802212_3009198,973,973,229,Peabody,12th Essex District,0.0,0.0,0,184900,394715.2804,0,0,DANIEL TER (R),PEABODY,MA,1960,83461.0,42.50411843,-70.95840125,5.0,17.0,0.0
1362,9061,1354651,F_1046724_2554258,973,973,197,Nantucket,"Barnstable, Dukes & Nantucket District",0.0,0.0,0,1492500,26803.6428,0,67,POCHICK AV,NANTUCKET,MA,2584,124189.0,41.24802288,-70.07985045,0.0,3.0,0.0
1363,9062,1354659,F_1046464_2554354,973,973,197,Nantucket,"Barnstable, Dukes & Nantucket District",0.0,0.0,0,782600,4664.269923,0,0,POCHICK AV,NANTUCKET,MA,2584,124189.0,41.24829816,-70.08078988,0.0,3.0,0.0
1365,9068,1356504,F_1040412_2558742,973,973,197,Nantucket,"Barnstable, Dukes & Nantucket District",0.0,0.0,0,320200,7773.576706999999,0,0,MIACOMET VILLAGE,NANTUCKET,MA,2554,86630.0,41.26061238,-70.10253098,13.0,32.0,0.0
1366,9069,1356656,F_1040508_2558923,973,973,197,Nantucket,"Barnstable, Dukes & Nantucket District",0.0,0.0,0,281000,6304.297605,0,0,MIACOMET VILLAGE,NANTUCKET,MA,2554,86630.0,41.261104700000004,-70.10217111,15.0,32.0,0.0
1371,9074,1356914,F_1041325_2558677,973,973,197,Nantucket,"Barnstable, Dukes & Nantucket District",0.0,0.0,0,863600,391459.9932,0,95,SURFSIDE RD,HYANNIS,MA,2601,86630.0,41.26039293,-70.09921495,15.0,33.0,0.0
1372,9075,1356926,F_1040689_2559236,973,973,197,Nantucket,"Barnstable, Dukes & Nantucket District",0.0,0.0,0,22500,4083.3532240000004,0,0,MIACOMET VILLAGE,NANTUCKET,MA,2554,86630.0,41.26195539,-70.10149427,16.0,39.0,0.0
1374,9099,1367795,M_223412_913335,973,973,48,Burlington,21st Middlesex District,339500.0,0.0,0,339500,583537.9199,0,0,ADAMS ST,BURLINGTON,MA,1803,93136.0,42.47019582,-71.21530674,15.0,25.0,0.0
1390,9131,1389181,M_246552_956014,973,973,7,Amesbury,1st Essex District,6700.0,0.0,0,6700,1013.013691,0,30,FIELD ST,AMESBURY,MA,1913,70063.0,42.85334624,-70.930462,0.0,72.0,0.0
1391,9132,1389184,M_246547_956024,973,973,7,Amesbury,1st Essex District,108900.0,0.0,0,108900,9372.918498,0,30,FIELD ST,AMESBURY,MA,1913,70063.0,42.85343655,-70.93052235,0.0,72.0,0.0
1395,9220,1398057,F_777539_2876473,973,973,18,Avon,6th Norfolk District,0.0,0.0,0,36000,40770.47909,0,0,AVON PARK (KING ST),AVON,MA,2322,69868.0,42.14031015,-71.05247985,0.0,6.0,0.0
1396,9221,1398058,F_777658_2876311,973,973,18,Avon,6th Norfolk District,0.0,0.0,0,36000,40338.62463,0,0,AVON PARK (KING ST),AVON,MA,2322,69868.0,42.13986389,-71.05204422,0.0,6.0,0.0
1397,9222,1398059,F_777777_2876151,973,973,18,Avon,6th Norfolk District,0.0,0.0,0,36000,39508.40211,0,0,AVON PARK (KING ST),AVON,MA,2322,69868.0,42.13942311,-71.05160856,0.0,6.0,0.0
1402,9229,1406021,M_223577_921025,970,970,31,Billerica,22nd Middlesex District,57300.0,0.0,0,57300,40518.89693,0,0,ALBERT ST,BILLERICA,MA,1821,106532.0,42.53941939,-71.21298568,0.0,9.0,0.0
1403,9230,1406105,M_223641_921053,970,970,31,Billerica,22nd Middlesex District,58300.0,0.0,0,58300,46605.30958,0,0,ALBERT ST,BILLERICA,MA,1821,106532.0,42.53966951,-71.21220543,0.0,9.0,0.0
1405,9232,1407151,M_223751_921450,970,970,31,Billerica,22nd Middlesex District,238600.0,0.0,0,238600,93164.48944,0,0,NEWHALL ST,BILLERICA,MA,1821,106532.0,42.54324009,-71.21084997,0.0,12.0,0.0
1413,9268,1420938,M_279878_837462,970,970,36,Bourne,5th Barnstable District,0.0,0.0,0,1700,8014.232279000001,0,0,HOMESTEAD RD EXT,POCASSET,MA,2559,0.0,41.78340279,-70.53910345,3.0,27.0,0.0
1414,9269,1420962,M_279907_837440,970,970,36,Bourne,5th Barnstable District,0.0,0.0,0,2800,11263.06921,0,0,CAPE VIEW WAY,POCASSET,MA,2559,0.0,41.78320178,-70.53875759999998,3.0,30.0,0.0
1415,9270,1420971,M_279955_837422,970,970,36,Bourne,5th Barnstable District,0.0,0.0,0,126400,24489.91016,0,12,CAPE VIEW WAY,POCASSET,MA,2559,0.0,41.78303486,-70.53818268,3.0,28.0,0.0
1416,9271,1420988,M_279914_837402,970,970,36,Bourne,5th Barnstable District,0.0,0.0,0,127000,25841.25725,0,11,CAPE VIEW WAY,POCASSET,MA,2559,0.0,41.78285896,-70.53867856,3.0,30.0,0.0
1417,9272,1421005,M_280004_837377,970,970,36,Bourne,5th Barnstable District,0.0,0.0,0,124700,21557.09967,0,10,CAPE VIEW WAY,POCASSET,MA,2559,0.0,41.78262475,-70.53759939,3.0,28.0,0.0
1418,9274,1421028,M_280045_837348,970,970,36,Bourne,5th Barnstable District,0.0,0.0,0,124000,19974.046580000002,0,8,CAPE VIEW WAY,POCASSET,MA,2559,0.0,41.7823595,-70.53711016,3.0,28.0,0.0
1419,9276,1421057,M_280078_837301,970,970,36,Bourne,5th Barnstable District,0.0,0.0,0,124100,21257.42088,0,6,CAPE VIEW WAY,POCASSET,MA,2559,0.0,41.78193301,-70.53671961,3.0,21.0,0.0
1428,9309,1427067,M_273658_827259,970,970,36,Bourne,3rd Barnstable District,0.0,0.0,0,197900,73883.31434,0,0,WINDSONG CIR,POCASSET,MA,02559-2080,0.0,41.6921513,-70.61519481,1.0,35.0,0.0
1432,9466,1446928,F_540463_2894517,970,970,54,Charlton,6th Worcester District,80600.0,0.0,0,80600,97374.78107000001,0,0,SMITH RD,CHARLTON,MA,1507,107364.0,42.18990482,-71.92695221,0.0,0.0,0.0
1450,9520,1464515,F_751406_2914698,973,973,73,Dedham,11th Norfolk District,0.0,0.0,0,140600,28719.07598,0,111,OAKLAND ST,DEDHAM,MA,2026,78281.0,42.24553991,-71.14825415,9.0,41.0,0.0
1465,9539,1465486,F_750155_2915815,973,973,73,Dedham,0,0.0,0.0,0,64800,147476.8822,0,15,SAWMILL LN,DEDHAM,MA,2026,0.0,0.0,0.0,0.0,0.0,0.0
1471,9564,1467451,F_743270_2924020,973,973,73,Dedham,11th Norfolk District,0.0,0.0,0,72000,1226.597692,0,0,PARKER STAPLES RD,DEDHAM,MA,2026,91477.0,42.27120848,-71.1781725,8.0,59.0,0.0
1481,9605,1468067,F_751987_2915153,973,973,73,Dedham,11th Norfolk District,0.0,0.0,0,178900,130025.9384,0,2,RHINECLIFF ST,DEDHAM,MA,2026,78281.0,42.24678188,-71.1461014,14.0,36.0,0.0
1482,9606,1468109,F_748124_2917806,973,973,73,Dedham,11th Norfolk District,0.0,0.0,0,61800,7672.239740000001,0,26,HITCHINS DR,DEDHAM,MA,2026,78281.0,42.25410506,-71.16032966,15.0,55.0,0.0
1483,9607,1468112,F_748204_2917557,973,973,73,Dedham,11th Norfolk District,0.0,0.0,0,61600,7497.3977939999995,0,43,HITCHINS DR,DEDHAM,MA,2026,78281.0,42.25342091,-71.16003783,13.0,55.0,0.0
1484,9608,1468113,F_748287_2917617,973,973,73,Dedham,11th Norfolk District,0.0,0.0,0,61600,7496.34163,0,41,HITCHINS DR,DEDHAM,MA,2026,78281.0,42.25358464,-71.15973037,13.0,55.0,0.0
1485,9609,1468115,F_748285_2917432,973,973,73,Dedham,11th Norfolk District,0.0,0.0,0,64800,10096.931779999999,0,44,HITCHINS DR,DEDHAM,MA,2026,78281.0,42.25307701,-71.15974048,12.0,55.0,0.0
1486,9610,1468124,F_748344_2917890,973,973,73,Dedham,11th Norfolk District,0.0,0.0,0,26700,18564.59386,0,34,HITCHINS DR,DEDHAM,MA,2026,78281.0,42.25433316,-71.1595158,17.0,63.0,0.0
1488,9612,1468127,F_748365_2917776,973,973,73,Dedham,11th Norfolk District,0.0,0.0,0,26000,11640.80316,0,38,HITCHINS DR,DEDHAM,MA,2026,78281.0,42.2540201,-71.15943991,14.0,55.0,0.0
1489,9613,1468128,F_748246_2917892,973,973,73,Dedham,11th Norfolk District,0.0,0.0,0,27100,22351.129109999998,0,30,HITCHINS DR,DEDHAM,MA,2026,78281.0,42.25433972,-71.15987776,18.0,63.0,0.0
1490,9614,1468130,F_748340_2917518,973,973,73,Dedham,11th Norfolk District,0.0,0.0,0,26000,10330.93636,0,40,HITCHINS DR,DEDHAM,MA,2026,78281.0,42.2533124,-71.15953606,13.0,55.0,0.0
1491,9615,1468148,F_751741_2914338,973,973,73,Dedham,11th Norfolk District,0.0,0.0,0,241400,381792.98,0,164,VETERANS RD,DEDHAM,MA,2026,78281.0,42.24454824,-71.14702241,13.0,32.0,0.0
1519,9732,1495179,M_268185_930850,973,973,107,Gloucester,5th Essex District,9600.0,0.0,0,9600,8202.401161,0,74,POPLAR ST,GLOUCESTER,MA,01930 0000,0.0,42.62523296,-70.66880835,17.0,41.0,0.0
1520,9733,1496257,M_268163_930834,973,973,107,Gloucester,5th Essex District,8500.0,0.0,0,8500,4979.437989,0,72,POPLAR ST,GLOUCESTER,MA,01930 0000,0.0,42.62509086,-70.66907842,18.0,41.0,0.0
1521,9735,1496698,M_267987_930829,973,973,107,Gloucester,5th Essex District,10100.0,0.0,0,10100,9177.172440999999,0,52,POPLAR ST,GLOUCESTER,MA,01930 0000,0.0,42.62506127,-70.67122435,0.0,32.0,0.0
1534,9750,1501277,M_268971_929761,973,973,107,Gloucester,5th Essex District,0.0,0.0,0,3100,1054.054977,0,0,PROSPECT SQ,GLOUCESTER,MA,01930 0000,43382.0,42.61536073,-70.65935827,0.0,85.0,0.0
1541,9780,1508688,F_638900_3059381,973,973,115,Groton,1st Middlesex District,0.0,0.0,0,271900,611085.6746,0,0,0,GROTON,MA,1450,117438.0,42.64307014,-71.56417307,0.0,2.0,0.0
1542,9783,1509004,F_637336_3048465,973,973,115,Groton,1st Middlesex District,0.0,0.0,0,220300,80363.29847000001,0,0,0,WINCHENDON,MA,1475,117438.0,42.61311481,-71.56995254,0.0,31.0,0.0
1549,9890,1517659,M_110631_900003,973,973,117,Hadley,2nd Hampshire District,0.0,0.0,0,6800,41955.51724,0,0,MIDDLE ST OFF,HADLEY,MA,1035,64276.0,42.34540836,-72.58462372,6.0,44.0,0.0
1551,9902,1520368,M_249704_867782,970,970,123,Hanson,6th Plymouth District,0.0,0.0,0,67500,44725.44435,0,0,WEST WASHINGTON ST,HANSON,MA,2341,97340.0,42.05886134,-70.89949981,0.0,17.0,0.0
1552,9905,1520631,M_251207_866474,970,970,123,Hanson,6th Plymouth District,168800.0,0.0,0,168800,118923.0049,0,0,PHILLIPS ST,HANSON,MA,2341,97340.0,42.04698867,-70.8814565,2.0,21.0,0.0
1557,9955,1532693,M_318644_830609,970,970,126,Harwich,4th Barnstable District,119600.0,0.0,0,119600,32347.793289999998,0,108,LONG POND DR,HARWICH,MA,2645,0.0,41.71682462,-70.07421647,0.0,15.0,0.0
1561,10100,1559407,M_227903_940350,973,973,149,Lawrence,16th Essex District,0.0,0.0,0,120500,31229.24016,0,0,SHORT ST (& JACKSON ST),LAWRENCE,MA,1841,0.0,42.71324141,-71.15938425,0.0,83.0,0.0
1565,10111,1566991,M_227922_938813,973,973,149,Lawrence,16th Essex District,0.0,0.0,0,100600,7808.931203,0,34 - 44,PARKER ST,NEWBURYPORT,MA,1950,46394.0,42.69940489,-71.15922727,0.0,84.0,0.0
1570,10130,1574765,F_590718_3017032,973,973,153,Leominster,4th Worcester District,64500.0,0.0,0,64500,11376.09323,0,75,TENTH ST,LEOMINSTER,MA,1453,44330.0,42.526631200000004,-71.74279704,7.0,58.0,0.0
1572,10132,1575182,F_589981_3015174,973,973,153,Leominster,4th Worcester District,0.0,0.0,0,23800,7829.795475,0,0,OFF JOHNSON ST,LEOMINSTER,MA,1453,44330.0,42.52152719,-71.74551126,3.0,64.0,0.0
1573,10133,1575607,F_589062_3016443,973,973,153,Leominster,4th Worcester District,54100.0,0.0,0,54100,9955.47599,0,151,FIFTH ST,LEOMINSTER,MA,1453,44330.0,42.52500193,-71.74893395,4.0,74.0,0.0
1574,10134,1575625,F_588943_3016481,973,973,153,Leominster,4th Worcester District,54100.0,0.0,0,54100,9955.557101,0,144,FOURTH ST,LEOMINSTER,MA,1453,44330.0,42.52510524,-71.7493758,4.0,74.0,0.0
1582,10150,1582919,F_583826_3019569,973,973,153,Leominster,4th Worcester District,0.0,0.0,0,60500,9729.18697,0,0,GEORGE ST,LEOMINSTER,MA,1453,53347.0,42.53353587,-71.76839397,1.0,44.0,0.0
1587,10217,1595195,F_709446_3049523,973,973,160,Lowell,17th Middlesex District,0.0,0.0,0,80800,5394.524372999999,0,74-76,ECKLUND DR,LOWELL,MA,1853,64955.0,42.61586939,-71.30206805,0.0,39.0,0.0
1588,10218,1595205,F_709505_3049540,973,973,160,Lowell,17th Middlesex District,0.0,0.0,0,76200,4561.884989,0,70,ECKLUND DR,LOWELL,MA,1853,64955.0,42.61591566,-71.30184872,0.0,39.0,0.0
1589,10219,1595215,F_709566_3049565,973,973,160,Lowell,17th Middlesex District,0.0,0.0,0,80800,5668.322107,0,62-64,ECKLUND DR,LOWELL,MA,1853,64955.0,42.61598387,-71.30162189,0.0,34.0,0.0
1590,10220,1595225,F_709629_3049591,973,973,160,Lowell,17th Middlesex District,0.0,0.0,0,74900,4204.827222999999,0,56,ECKLUND DR,LOWELL,MA,1853,64955.0,42.61605481,-71.30138762,0.0,34.0,0.0
1591,10221,1595232,F_709053_3049514,973,973,160,Lowell,17th Middlesex District,0.0,0.0,0,46400,8481.327484,0,1,RIVERS EDGE RD,LOWELL,MA,1853,64955.0,42.61584719,-71.30352811,0.0,42.0,0.0
1592,10222,1595239,F_709693_3049617,973,973,160,Lowell,17th Middlesex District,0.0,0.0,0,83000,6054.217097,0,48-50,ECKLUND DR,LOWELL,MA,1853,64955.0,42.61612574,-71.30114964,0.0,34.0,0.0
1593,10223,1595244,F_709760_3049631,973,973,160,Lowell,17th Middlesex District,0.0,0.0,0,76700,4734.373559000001,0,42,ECKLUND DR,LOWELL,MA,1853,64955.0,42.61616373,-71.30090061,0.0,34.0,0.0
1594,10224,1595249,F_709822_3049640,973,973,160,Lowell,17th Middlesex District,0.0,0.0,0,80900,5574.337938000001,0,34-36,ECKLUND DR,LOWELL,MA,1853,64955.0,42.61618802,-71.30067021,0.0,34.0,0.0
1595,10225,1595252,F_709440_3049640,973,973,160,Lowell,17th Middlesex District,0.0,0.0,0,76200,4468.896399,0,71,ECKLUND DR,LOWELL,MA,1853,64955.0,42.61619046,-71.30208933,0.0,39.0,0.0
1596,10226,1595262,F_709503_3049665,973,973,160,Lowell,17th Middlesex District,0.0,0.0,0,80500,5485.114972,0,63-65,ECKLUND DR,LOWELL,MA,1853,64955.0,42.61625866,-71.30185507,0.0,39.0,0.0
1597,10227,1595272,F_709559_3049688,973,973,160,Lowell,17th Middlesex District,0.0,0.0,0,76000,4430.459618,0,57,ECKLUND DR,LOWELL,MA,1853,64955.0,42.61632141,-71.30164683,0.0,34.0,0.0
1598,10228,1595283,F_709621_3049710,973,973,160,Lowell,17th Middlesex District,0.0,0.0,0,80400,5522.198725,0,51-53,ECKLUND DR,LOWELL,MA,1853,64955.0,42.61638138,-71.30141631,0.0,34.0,0.0
1599,10229,1595284,F_709984_3049711,973,973,160,Lowell,17th Middlesex District,0.0,0.0,0,83300,6268.343086999999,0,22,ECKLUND DR,LOWELL,MA,1853,64955.0,42.6163818,-71.30006776,0.0,28.0,0.0
1600,10230,1595289,F_709686_3049731,973,973,160,Lowell,17th Middlesex District,0.0,0.0,0,74900,4194.503774,0,45,ECKLUND DR,LOWELL,MA,1853,64955.0,42.61643859,-71.30117466,0.0,34.0,0.0
1601,10231,1595295,F_709748_3049746,973,973,160,Lowell,17th Middlesex District,0.0,0.0,0,74900,4253.946304,0,39,ECKLUND DR,LOWELL,MA,1853,64955.0,42.61647935,-71.3009442,0.0,34.0,0.0
1602,10232,1595305,F_710009_3049774,973,973,160,Lowell,17th Middlesex District,0.0,0.0,0,78800,5053.3626509999995,0,18,ECKLUND DR,LOWELL,MA,1853,64955.0,42.6165545,-71.29997434,0.0,28.0,0.0
1603,10233,1595308,F_709811_3049762,973,973,160,Lowell,17th Middlesex District,0.0,0.0,0,80500,5419.749922,0,31-33,ECKLUND DR,LOWELL,MA,1853,64955.0,42.61652284,-71.30071001,0.0,34.0,0.0
1604,10234,1595316,F_709875_3049761,973,973,160,Lowell,17th Middlesex District,0.0,0.0,0,81200,5683.882551,0,25,ECKLUND DR,LOWELL,MA,1853,64955.0,42.61651969,-71.30047226,0.0,34.0,0.0
1605,10235,1595323,F_710532_3049794,973,973,160,Lowell,17th Middlesex District,0.0,0.0,0,74800,4308.318968,0,129,NELSON AVE,LOWELL,MA,1853,64955.0,42.616606,-71.29803121,0.0,23.0,0.0
1606,10236,1595326,F_710399_3049801,973,973,160,Lowell,17th Middlesex District,0.0,0.0,0,80800,5728.068244,0,119-121,NELSON AVE,LOWELL,MA,1853,64955.0,42.61662607,-71.29852524,0.0,23.0,0.0
1607,10237,1595327,F_710469_3049799,973,973,160,Lowell,17th Middlesex District,0.0,0.0,0,77100,4849.6071950000005,0,125,NELSON AVE,LOWELL,MA,1853,64955.0,42.61662012,-71.29826521,0.0,23.0,0.0
1608,10238,1595334,F_708987_3049795,973,973,160,Lowell,17th Middlesex District,0.0,0.0,0,36300,3788.904741,0,2,RIVERS EDGE RD,LOWELL,MA,1853,64955.0,42.61661863,-71.3037709,0.0,42.0,0.0
1609,10239,1595335,F_709888_3049824,973,973,160,Lowell,17th Middlesex District,0.0,0.0,0,78100,4959.828026,0,11,ECKLUND DR,LOWELL,MA,1853,64955.0,42.61669247,-71.30042342,0.0,34.0,0.0
1610,10240,1595336,F_710335_3049817,973,973,160,Lowell,17th Middlesex District,0.0,0.0,0,75400,4465.040551,0,115,NELSON AVE,LOWELL,MA,1853,64955.0,42.61667038,-71.29876287,0.0,28.0,0.0
1611,10241,1595348,F_710007_3049838,973,973,160,Lowell,17th Middlesex District,0.0,0.0,0,77600,4819.311168,0,14,ECKLUND DR,LOWELL,MA,1853,64955.0,42.61673012,-71.29998121,0.0,28.0,0.0
1612,10242,1595371,F_709860_3049886,973,973,160,Lowell,17th Middlesex District,0.0,0.0,0,80100,5503.46746,0,3,ECKLUND DR,LOWELL,MA,1853,64955.0,42.61686277,-71.30052690000001,0.0,34.0,0.0
1614,10244,1595381,F_710380_3049915,973,973,160,Lowell,17th Middlesex District,0.0,0.0,0,77300,4811.683714,0,116,NELSON AVE,LOWELL,MA,1853,64955.0,42.61693899,-71.29859483,0.0,23.0,0.0
1615,10245,1595382,F_709792_3049569,973,973,160,Lowell,17th Middlesex District,0.0,0.0,0,115300,46593.19952,0,28,ECKLUND DR,LOWELL,MA,1853,64955.0,42.6159934,-71.30078227,0.0,34.0,0.0
1616,10246,1595384,F_710272_3049807,973,973,160,Lowell,17th Middlesex District,0.0,0.0,0,118500,60342.294160000005,0,101,NELSON AVE,LOWELL,MA,1853,64955.0,42.61664335,-71.298997,0.0,28.0,0.0
1617,10247,1595395,F_710465_3049927,973,973,160,Lowell,17th Middlesex District,0.0,0.0,0,81200,5822.5157229999995,0,126-128,NELSON AVE,LOWELL,MA,1853,64955.0,42.61697136,-71.29827895,0.0,23.0,0.0
1618,10248,1595401,F_709751_3049930,973,973,160,Lowell,17th Middlesex District,0.0,0.0,0,77900,4887.349864,0,88,RIVERS EDGE RD,LOWELL,MA,1853,64955.0,42.6169842,-71.30093146,0.0,34.0,0.0
1619,10249,1595409,F_710515_3049954,973,973,160,Lowell,17th Middlesex District,0.0,0.0,0,77200,4839.631793,0,132,NELSON AVE,LOWELL,MA,1853,64955.0,42.61704512,-71.29809296,0.0,23.0,0.0
1620,10250,1595411,F_710594_3049950,973,973,160,Lowell,17th Middlesex District,0.0,0.0,0,80800,5708.617689,0,136,NELSON AVE,LOWELL,MA,1853,64955.0,42.61703363,-71.2977995,0.0,23.0,0.0
1621,10251,1595448,F_710225_3050026,973,973,160,Lowell,17th Middlesex District,0.0,0.0,0,75700,4534.41812,0,140,ADIE WAY,LOWELL,MA,1853,64955.0,42.61724456,-71.29916969,0.0,28.0,0.0
1622,10252,1595454,F_710285_3050040,973,973,160,Lowell,17th Middlesex District,0.0,0.0,0,75000,4398.572881,0,136,ADIE WAY,LOWELL,MA,1853,64955.0,42.61728259,-71.29894666,0.0,32.0,0.0
1623,10253,1595461,F_710342_3050055,973,973,160,Lowell,17th Middlesex District,0.0,0.0,0,75100,4319.691449,0,130,ADIE WAY,LOWELL,MA,1853,64955.0,42.61732338,-71.29873477,0.0,26.0,0.0
1624,10254,1595498,F_710212_3050145,973,973,160,Lowell,17th Middlesex District,0.0,0.0,0,81900,5894.1678679999995,0,137-139,ADIE WAY,LOWELL,MA,1853,64955.0,42.61757116,-71.29921694,0.0,32.0,0.0
1625,10255,1595499,F_710698_3050154,973,973,160,Lowell,17th Middlesex District,0.0,0.0,0,75400,4453.529356,0,94,ADIE WAY,LOWELL,MA,1853,64955.0,42.6175927,-71.29741134,0.0,26.0,0.0
1626,10256,1595507,F_710280_3050160,973,973,160,Lowell,17th Middlesex District,0.0,0.0,0,79000,5174.298353,0,133,ADIE WAY,LOWELL,MA,1853,64955.0,42.61761188,-71.29896419,0.0,32.0,0.0
1627,10257,1595514,F_710758_3050167,973,973,160,Lowell,17th Middlesex District,0.0,0.0,0,76800,4743.423871,0,90,ADIE WAY,LOWELL,MA,1853,64955.0,42.61762798,-71.29718832,0.0,24.0,0.0
1628,10258,1595515,F_709467_3050119,973,973,160,Lowell,17th Middlesex District,0.0,0.0,0,96600,9545.291439,0,60,MCGUIGAN CIR,LOWELL,MA,1853,64955.0,42.617504600000004,-71.30198490000001,0.0,36.0,0.0
1629,10259,1595524,F_710346_3050180,973,973,160,Lowell,17th Middlesex District,0.0,0.0,0,85200,6693.028321,0,123-125,ADIE WAY,LOWELL,MA,1853,64955.0,42.61766633,-71.29871882,0.0,26.0,0.0
1630,10260,1595533,F_710797_3050199,973,973,160,Lowell,17th Middlesex District,0.0,0.0,0,75700,4522.464377,0,86,ADIE WAY,LOWELL,MA,1853,64955.0,42.61771553,-71.29704315,0.0,24.0,0.0
1631,10261,1595540,F_710193_3050219,973,973,160,Lowell,17th Middlesex District,0.0,0.0,0,78500,5241.452064,0,3,ADIE WAY,LOWELL,MA,1853,64955.0,42.61777433,-71.29928688,0.0,32.0,0.0
1632,10262,1595541,F_710463_3050217,973,973,160,Lowell,17th Middlesex District,0.0,0.0,0,80800,5665.479453,0,113-115,ADIE WAY,LOWELL,MA,1853,64955.0,42.6177671,-71.29828383,0.0,26.0,0.0
1633,10263,1595549,F_710253_3050235,973,973,160,Lowell,17th Middlesex District,0.0,0.0,0,75800,4501.471398,0,9,ADIE WAY,LOWELL,MA,1851,64955.0,42.61781785,-71.29906384,0.0,32.0,0.0
1634,10264,1595555,F_710528_3050239,973,973,160,Lowell,17th Middlesex District,0.0,0.0,0,75900,4558.764741,0,105,ADIE WAY,LOWELL,MA,1853,64955.0,42.61782704,-71.29804215,0.0,26.0,0.0
1635,10265,1595560,F_710827_3050255,973,973,160,Lowell,17th Middlesex District,0.0,0.0,0,75800,4584.786473,0,82,ADIE WAY,LOWELL,MA,1853,64955.0,42.61786899,-71.2969312,0.0,24.0,0.0
1636,10266,1595566,F_710602_3050257,973,973,160,Lowell,17th Middlesex District,0.0,0.0,0,82700,6152.763093,0,99-101,ADIE WAY,LOWELL,MA,1853,64955.0,42.61787595,-71.29776708,0.0,26.0,0.0
1637,10267,1595569,F_710318_3050257,973,973,160,Lowell,17th Middlesex District,0.0,0.0,0,82900,6184.11794,0,15-17,ADIE WAY,LOWELL,MA,1853,64955.0,42.61787779,-71.29882217,0.0,32.0,0.0
1638,10268,1595587,F_710424_3050297,973,973,160,Lowell,17th Middlesex District,0.0,0.0,0,74900,4221.948170000001,0,25,ADIE WAY,LOWELL,MA,1853,64955.0,42.61798686,-71.29842801,0.0,26.0,0.0
1639,10269,1595589,F_710848_3050313,973,973,160,Lowell,17th Middlesex District,0.0,0.0,0,76200,4484.767746,0,76,ADIE WAY,LOWELL,MA,1853,64955.0,42.618028,-71.29685267,0.0,24.0,0.0
1640,10270,1595600,F_710490_3050319,973,973,160,Lowell,17th Middlesex District,0.0,0.0,0,81200,5767.6059399999995,0,33-35,ADIE WAY,LOWELL,MA,1853,64955.0,42.61804679,-71.29818262,0.0,26.0,0.0
1641,10271,1595613,F_710557_3050341,973,973,160,Lowell,17th Middlesex District,0.0,0.0,0,74800,4324.159850999999,0,41,ADIE WAY,LOWELL,MA,1853,64955.0,42.61810672,-71.29793352,0.0,26.0,0.0
1642,10272,1595615,F_710243_3050348,973,973,160,Lowell,17th Middlesex District,0.0,0.0,0,81900,6051.9653020000005,0,2,ADIE WAY LOOP,LOWELL,MA,1853,64955.0,42.61812797,-71.2991,0.0,32.0,0.0
1643,10273,1595619,F_710860_3050370,973,973,160,Lowell,17th Middlesex District,0.0,0.0,0,75300,4356.846652,0,72,ADIE WAY,LOWELL,MA,1853,64955.0,42.61818432,-71.29680759,0.0,24.0,0.0
1644,10274,1595632,F_710691_3050377,973,973,160,Lowell,17th Middlesex District,0.0,0.0,0,75200,4334.226807999999,0,55,ADIE WAY,LOWELL,MA,1853,64955.0,42.61820463,-71.29743538,0.0,26.0,0.0
1645,10275,1595634,F_710564_3050296,973,973,160,Lowell,17th Middlesex District,0.0,0.0,0,109100,27348.089139999996,0,79,ADIE WAY,LOWELL,MA,1853,64955.0,42.61798321,-71.29790791,0.0,26.0,0.0
1646,10276,1595661,F_710438_3050418,973,973,160,Lowell,17th Middlesex District,0.0,0.0,0,81300,5857.20904,0,20,ADIE WAY LOOP,LOWELL,MA,1853,64955.0,42.61831877,-71.29837494,0.0,26.0,0.0
1647,10277,1595662,F_710861_3050431,973,973,160,Lowell,17th Middlesex District,0.0,0.0,0,76300,4515.9015899999995,0,68,ADIE WAY,LOWELL,MA,1853,64955.0,42.61835169,-71.29680333,0.0,24.0,0.0
1648,10278,1595674,F_710502_3050447,973,973,160,Lowell,17th Middlesex District,0.0,0.0,0,77300,4863.102938,0,40,ADIE WAY,LOWELL,MA,1853,64955.0,42.61839793,-71.29813692,0.0,26.0,0.0
1649,10279,1595676,F_710219_3050423,973,973,160,Lowell,17th Middlesex District,0.0,0.0,0,90800,7911.518448999999,0,6,ADIE WAY LOOP,LOWELL,MA,1853,64955.0,42.61833391,-71.29918851,0.0,32.0,0.0
1650,10280,1595683,F_710557_3050463,973,973,160,Lowell,17th Middlesex District,0.0,0.0,0,76800,4548.698917000001,0,44,ADIE WAY,LOWELL,MA,1853,64955.0,42.61844148,-71.29793245,0.0,26.0,0.0
1652,10282,1595705,F_710673_3050491,973,973,160,Lowell,17th Middlesex District,0.0,0.0,0,77700,4789.199071999999,0,56,ADIE WAY,LOWELL,MA,1853,64955.0,42.61851755,-71.29750124,0.0,26.0,0.0
1653,10283,1595707,F_710235_3050487,973,973,160,Lowell,17th Middlesex District,0.0,0.0,0,94700,8980.806152,0,10,ADIE WAY LOOP,LOWELL,MA,1853,64955.0,42.61850941,-71.29912851,0.0,32.0,0.0
1654,10284,1595724,F_710748_3050505,973,973,160,Lowell,17th Middlesex District,0.0,0.0,0,90700,7843.725337999999,0,60-62,ADIE WAY,LOWELL,MA,1853,64955.0,42.61855547,-71.29722249,0.0,24.0,0.0
1655,10285,1595742,F_710356_3050508,973,973,160,Lowell,17th Middlesex District,0.0,0.0,0,93500,8748.991692,0,41987,ADIE WAY LOOP,LOWELL,MA,1853,64955.0,42.61856625,-71.29867879,0.0,26.0,0.0
1656,10286,1595744,F_710412_3050496,973,973,160,Lowell,17th Middlesex District,0.0,0.0,0,92500,8467.693596,0,16,ADIE WAY LOOP,LOWELL,MA,1853,64955.0,42.61853296,-71.29847085,0.0,26.0,0.0
1657,10287,1595765,F_710640_3049981,973,973,160,Lowell,17th Middlesex District,0.0,0.0,0,174400,273967.5065,0,135,NELSON AVE,LOWELL,MA,1853,64955.0,42.61711839,-71.29762834,0.0,23.0,0.0
1659,10305,1597995,F_708005_3053077,973,973,160,Lowell,17th Middlesex District,0.0,0.0,0,88200,5522.990812,0,1095,GORHAM ST,LOWELL,MA,1853,64955.0,42.62563012,-71.30739151,0.0,62.0,0.0
1663,10325,1600221,F_709738_3054829,973,973,160,Lowell,17th Middlesex District,0.0,0.0,0,62100,3302.433968,0,40,GRIFFIN ST,LOWELL,MA,1854,37961.0,42.63042643,-71.30093728,0.0,65.0,0.0
1695,10397,1606343,F_707203_3058431,973,973,160,Lowell,17th Middlesex District,0.0,0.0,0,4100,665.4668554,0,130.1,APPLETON ST,BOSTON,MA,2106,23495.0,42.64032561,-71.31032715,0.0,97.0,0.0
1713,10491,1610120,F_704530_3061254,973,973,160,Lowell,18th Middlesex District,0.0,0.0,0,77300,3059.928121,0,45,SALEM ST,LOWELL,MA,0,14836.0,42.64808735,-71.32023902,0.0,93.0,0.0
1716,10494,1610171,F_704497_3061288,973,973,160,Lowell,18th Middlesex District,0.0,0.0,0,83500,4545.685785000001,0,53,SALEM ST,LOWELL,MA,1853,14836.0,42.64818083,-71.32036141,0.0,93.0,0.0
1717,10495,1610186,F_704439_3061306,973,973,160,Lowell,18th Middlesex District,0.0,0.0,0,84000,4572.872032,0,63,SALEM ST,LOWELL,MA,1853,14836.0,42.64823056,-71.32057685,0.0,93.0,0.0
1720,10499,1610265,F_704601_3061320,973,973,160,Lowell,18th Middlesex District,0.0,0.0,0,92800,6371.957657,0,718,MERRIMACK ST,LOWELL,MA,1854,14836.0,42.64826803,-71.3199746,0.0,93.0,0.0
1721,10500,1610268,F_704490_3061393,973,973,160,Lowell,18th Middlesex District,0.0,0.0,0,76500,3096.317134,0,22,DECATUR ST,LOWELL,MA,1854,14836.0,42.64846898,-71.32038661,0.0,93.0,0.0
1723,10502,1610291,F_704493_3061428,973,973,160,Lowell,18th Middlesex District,0.0,0.0,0,27300,900.2537481,0,18,DECATUR ST,LOWELL,MA,1854,14836.0,42.64856499,-71.32037518,0.0,93.0,0.0
1725,10505,1610316,F_704565_3061392,973,973,160,Lowell,18th Middlesex District,0.0,0.0,0,96900,7384.130302,0,724,MERRIMACK ST,LOWELL,MA,0,14836.0,42.6484658,-71.32010785,0.0,93.0,0.0
1726,10508,1610345,F_704545_3061441,973,973,160,Lowell,18th Middlesex District,0.0,0.0,0,80900,3816.5485380000005,0,730,MERRIMACK ST,LOWELL,MA,1854,14836.0,42.64860036,-71.3201818,0.0,93.0,0.0
1727,10511,1610369,F_704517_3061468,973,973,160,Lowell,18th Middlesex District,0.0,0.0,0,75900,2924.5983149999997,0,734,MERRIMACK ST,LOWELL,MA,1854,14836.0,42.64867461,-71.32028566,0.0,93.0,0.0
1732,10552,1612138,F_708527_3062682,973,973,160,Lowell,16th Middlesex District,0.0,0.0,0,60000,4887.206101,0,36,ALBION ST,LOWELL,MA,1853,42935.0,42.65198148,-71.30537056,0.0,81.0,0.0
1733,10555,1612198,F_708581_3062741,973,973,160,Lowell,16th Middlesex District,0.0,0.0,0,48500,2120.9168210000003,0,46,ALBION ST,LOWELL,MA,1854,42935.0,42.65214303,-71.30516934,0.0,81.0,0.0
1740,10601,1614961,F_708449_3064570,973,973,160,Lowell,16th Middlesex District,0.0,0.0,0,82900,4027.3402479999995,0,3,HARTS AVE,LOWELL,MA,1853,45942.0,42.65716232,-71.30564451,0.0,73.0,0.0
1741,10602,1614983,F_708507_3064544,973,973,160,Lowell,16th Middlesex District,0.0,0.0,0,103600,8067.76445,0,111,HILDRETH ST,LOWELL,MA,1853,45942.0,42.65709061,-71.30542912,0.0,73.0,0.0
1742,10604,1615046,F_708524_3064628,973,973,160,Lowell,16th Middlesex District,0.0,0.0,0,91700,10933.61122,0,3.1,HARTS AVE,LOWELL,MA,1853,45942.0,42.65732099,-71.30536521,0.0,73.0,0.0
1750,10679,1621701,M_117526_880423,973,973,161,Ludlow,7th Hampden District,97700.0,0.0,0,97700,123254.5231,0,0,GRANDVIEW AVENUE,LUDLOW,MA,1056,80714.0,42.16990118,-72.49817004,0.0,20.0,0.0
1752,10681,1622071,M_118065_880332,973,973,161,Ludlow,7th Hampden District,86400.0,0.0,0,86400,38652.072239999994,0,0,SUMMER AVENUE,LUDLOW,MA,1056,80714.0,42.16913856,-72.49163439,0.0,47.0,0.0
1771,10763,1652182,F_814072_2690519,973,973,201,New Bedford,13th Bristol District,3600.0,0.0,0,3600,1082.3885890000001,0,0,JOHN F KENNEDY HWY,NEW BEDFORD,MA,2740,27134.0,41.62941405,-70.92242295,0.0,80.0,0.0
1779,10773,1654749,F_814719_2686671,973,973,201,New Bedford,13th Bristol District,35100.0,0.0,0,35100,3797.2372960000002,0,0,S WATER ST,NEW BEDFORD,MA,2740,42697.0,41.61884226,-70.92015214,0.0,78.0,0.0
1810,10816,1661073,F_807068_2698099,973,973,201,New Bedford,9th Bristol District,27800.0,0.0,0,27800,8127.7175640000005,0,0,MOHAWK CT,NEW BEDFORD,MA,2740,70764.0,41.65034252,-70.94786157,0.0,52.0,0.0
1832,10842,1663406,F_813280_2697024,973,973,201,New Bedford,10th Bristol District,1152500.0,0.0,0,1152500,486195.9053,0,217,HERMAN MELVILLE BLVD,NEW BEDFORD,MA,2740,26101.0,41.64727986,-70.92515944,0.0,62.0,0.0
1841,10851,1663496,F_806332_2697948,970,970,201,New Bedford,9th Bristol District,11600.0,0.0,0,11600,4062.0050619999997,0,0,MASHPEE CT,NEW BEDFORD,MA,2740,70764.0,41.64994118,-70.95055803,0.0,49.0,0.0
1842,10852,1663509,F_806565_2697826,970,970,201,New Bedford,9th Bristol District,34300.0,0.0,0,34300,4223.812203,0,0,APACHE CT,NEW BEDFORD,MA,2740,70764.0,41.64960227,-70.94970841,0.0,53.0,0.0
1851,10861,1663589,F_805695_2697454,970,970,201,New Bedford,9th Bristol District,12700.0,0.0,0,12700,6453.971745000001,0,0,POTTER ST,NEW BEDFORD,MA,2740,70764.0,41.64859677,-70.95290029,0.0,41.0,0.0
1869,10879,1663911,F_806705_2698126,970,970,201,New Bedford,9th Bristol District,98100.0,0.0,0,98100,18590.86435,0,0,APACHE CT,NEW BEDFORD,MA,2740,70764.0,41.65042305,-70.94918909,0.0,52.0,0.0
1878,10888,1663967,F_805993_2697624,970,970,201,New Bedford,9th Bristol District,23600.0,0.0,0,23600,62411.19719,0,0,POTTER ST,NEW BEDFORD,MA,2740,70764.0,41.64905804,-70.95180599,0.0,51.0,0.0
1888,10899,1664051,F_807235_2698169,973,973,201,New Bedford,9th Bristol District,34300.0,0.0,0,34300,3848.57517,0,0,MOHAWK CT,NEW BEDFORD,MA,2740,70764.0,41.65053165,-70.94724889,0.0,54.0,0.0
1897,10908,1664107,F_807155_2698273,973,973,201,New Bedford,9th Bristol District,59100.0,0.0,0,59100,4902.795667,0,0,SHAWNEE CT,NEW BEDFORD,MA,2740,70764.0,41.65081847,-70.94753913,0.0,54.0,0.0
1898,10909,1664110,F_807181_2698223,973,973,201,New Bedford,9th Bristol District,63100.0,0.0,0,63100,6378.550268999999,0,0,SHAWNEE CT,NEW BEDFORD,MA,2740,70764.0,41.65068079,-70.94744519,0.0,54.0,0.0
1909,10920,1664285,F_807009_2698353,973,973,201,New Bedford,9th Bristol District,66800.0,0.0,0,66800,7420.676259000001,0,0,MOHAWK CT,NEW BEDFORD,MA,2740,70764.0,41.6510406,-70.94807143,0.0,52.0,0.0
1918,10932,1664868,F_810301_2699715,973,973,201,New Bedford,11th Bristol District,0.0,0.0,0,137900,32799.22345,0,0,COGGESHALL ST,NEW BEDFORD,MA,2740,29482.0,41.65471913,-70.93599347,0.0,67.0,0.0
1947,10961,1667620,F_814082_2704656,973,973,201,New Bedford,11th Bristol District,29200.0,0.0,0,29200,3213.525263,0,0,WHITMAN ST,NEW BEDFORD,MA,2740,47028.0,41.66820885,-70.92203599,0.0,83.0,0.0
1957,10973,1669569,F_806617_2709612,973,973,201,New Bedford,8th Bristol District,0.0,0.0,0,15300,5759.2738340000005,0,0,NEW PLAINVILLE RD,NEW BEDFORD,MA,2744,82500.0,41.68194474,-70.94923971,2.0,21.0,0.0
1980,10997,1671270,F_809275_2717859,973,973,201,New Bedford,11th Bristol District,64000.0,0.0,0,64000,7023.134169,0,0,MORTON AVE,NEW BEDFORD,MA,2740,57708.0,41.70452879,-70.93931127,10.0,38.0,0.0
1983,11000,1671318,F_808803_2717717,973,973,201,New Bedford,11th Bristol District,82300.0,0.0,0,82300,11436.93876,0,0,HANOVER ST,NEW BEDFORD,MA,2740,57708.0,41.70414761,-70.94104311,10.0,35.0,0.0
1986,11003,1671336,F_809187_2718207,973,973,201,New Bedford,11th Bristol District,57900.0,0.0,0,57900,4576.634653,0,0,MORTON AVE,NEW BEDFORD,MA,2740,57708.0,41.70548536,-70.93962515,9.0,31.0,0.0
1993,11010,1671622,F_808301_2715887,973,973,201,New Bedford,11th Bristol District,0.0,0.0,0,10300,2769.4650239999996,0,0,CHURCH ST,NEW BEDFORD,MA,2740,57708.0,41.6991347,-70.94292516,14.0,46.0,0.0
1996,11013,1671695,F_808732_2717874,973,973,201,New Bedford,11th Bristol District,81100.0,0.0,0,81100,12716.97756,0,0,HANOVER ST,NEW BEDFORD,MA,2740,57708.0,41.70457973,-70.94129934,10.0,35.0,0.0
2002,11019,1671850,F_809007_2717325,973,973,201,New Bedford,11th Bristol District,10700.0,0.0,0,10700,2964.270983,0,0,HANOVER ST,NEW BEDFORD,MA,2740,57708.0,41.703068200000004,-70.94030550000001,11.0,43.0,0.0
2003,11020,1671854,F_808920_2717349,973,973,201,New Bedford,11th Bristol District,10500.0,0.0,0,10500,2682.2073,0,0,HANOVER ST,NEW BEDFORD,MA,2740,57708.0,41.70313563,-70.94062351,10.0,43.0,0.0
2005,11022,1671867,F_809208_2718130,973,973,201,New Bedford,11th Bristol District,0.0,0.0,0,58600,4647.622474,0,0,MORTON AVE,NEW BEDFORD,MA,2740,57708.0,41.70527368,-70.93955009999999,10.0,31.0,0.0
2021,11038,1671978,F_808952_2717454,973,973,201,New Bedford,11th Bristol District,62800.0,0.0,0,62800,5906.266433,0,0,HANOVER ST,NEW BEDFORD,MA,2740,57708.0,41.7034232,-70.94050381,10.0,43.0,0.0
2031,11048,1672019,F_809238_2717546,973,973,201,New Bedford,11th Bristol District,69500.0,0.0,0,69500,8602.218209999999,0,0,MORTON AVE,NEW BEDFORD,MA,2740,57708.0,41.70367051,-70.9394543,10.0,45.0,0.0
2046,11064,1672100,F_808822_2718052,973,973,201,New Bedford,11th Bristol District,58800.0,0.0,0,58800,4867.641724,0,0,HANOVER ST,NEW BEDFORD,MA,2740,57708.0,41.70506658,-70.9409655,10.0,35.0,0.0
2048,11066,1672103,F_808987_2717772,973,973,201,New Bedford,11th Bristol District,303200.0,0.0,0,303200,83426.02849,0,0,HANOVER ST,NEW BEDFORD,MA,2740,57708.0,41.70429523,-70.940368,10.0,35.0,0.0
2050,11068,1672138,F_808990_2718178,973,973,201,New Bedford,11th Bristol District,58100.0,0.0,0,58100,5727.688198,0,0,HANOVER ST,NEW BEDFORD,MA,2740,57708.0,41.70540933,-70.94034726,10.0,26.0,0.0
2072,11197,1700118,M_103265_898229,970,970,214,Northampton,1st Hampshire District,0.0,0.0,0,111600,27017.13675,1322,28,WILLOW ST,NORTHAMPTON,MA,1060,80589.0,42.32856087,-72.67371382,14.0,37.0,0.0
2080,11227,1704710,M_104252_896609,970,970,214,Northampton,1st Hampshire District,0.0,0.0,0,103700,74906.94652,0,278,BURTS PIT RD,NORTHAMPTON,MA,1060,80589.0,42.31409924,-72.66147211,1.0,11.0,0.0
2093,11442,1732795,F_181904_2993821,973,973,236,Pittsfield,3rd Berkshire District,0.0,0.0,0,48300,19114.069209999998,0,0,DEPOT ST,PITTSFIELD,MA,1201,21329.0,42.44979,-73.2573693,14.0,90.0,0.0
2094,11443,1733053,F_181599_2994008,973,973,236,Pittsfield,3rd Berkshire District,0.0,0.0,0,77800,36547.23975,0,0,FRANCIS AVE,PITTSFIELD,MA,1201,21329.0,42.45028577,-73.25851344,12.0,80.0,0.0
2102,11462,1738332,F_189388_3000144,973,973,236,Pittsfield,3rd Berkshire District,0.0,0.0,0,51700,30053.87657,0,0,BOSSIDY DR,PITTSFIELD,MA,1201,50188.0,42.46755641,-73.23012036,0.0,15.0,0.0
2105,11467,1738527,F_189543_3000533,973,973,236,Pittsfield,3rd Berkshire District,0.0,0.0,0,66500,35661.39442,0,0,BENEDICT RD,PITTSFIELD,MA,1201,50188.0,42.46863223,-73.22957524,0.0,15.0,0.0
2109,11472,1738687,F_188712_3000656,970,970,236,Pittsfield,3rd Berkshire District,0.0,0.0,0,93500,374743.6609,0,0,BOSSIDY DR REAR,PITTSFIELD,MA,1201,50188.0,42.46892339,-73.23266382,0.0,10.0,0.0
2110,11473,1739558,F_184818_3002517,973,973,236,Pittsfield,3rd Berkshire District,0.0,0.0,0,5000,1672.488335,0,0,WAHCONAH ST,PITTSFIELD,MA,1201,48105.0,42.47381093,-73.24723455,3.0,38.0,0.0
2111,11474,1739598,F_184856_3002571,970,970,236,Pittsfield,3rd Berkshire District,0.0,0.0,0,3300,1629.747185,0,0,MOHAWK ST,PITTSFIELD,MA,1201,48105.0,42.47396121,-73.24709782,3.0,38.0,0.0
2116,11497,1745313,F_800921_2918135,970,970,243,Quincy,2nd Norfolk District,0.0,0.0,0,55500,3324.912053,0,25,PALMER STREET,QUINCY,MA,2170,26571.0,42.25426528,-70.96530562,0.0,17.0,0.0
2117,11498,1745345,F_800807_2917673,970,970,243,Quincy,2nd Norfolk District,0.0,0.0,0,241100,28242.1831,0,394,PALMER STREET,QUINCY,MA,2170,26571.0,42.25299949,-70.96573739,0.0,19.0,0.0
2138,11537,1749373,F_794328_2913946,970,970,243,Quincy,3rd Norfolk District,0.0,0.0,0,182600,6311.904334000001,0,197,SOUTH STREET (REAR),QUINCY,MA,2170,81064.0,42.24288121,-70.98975084,0.0,72.0,0.0
2139,11538,1749374,F_794365_2913959,970,970,243,Quincy,3rd Norfolk District,0.0,0.0,0,129500,1526.409208,0,199R,SOUTH STREET,QUINCY,MA,2170,81064.0,42.24291628,-70.98961391,0.0,64.0,0.0
2142,11541,1749415,F_793459_2913968,970,970,243,Quincy,3rd Norfolk District,0.0,0.0,0,248500,31593.25631,0,31,MARTENSEN STREET,QUINCY,MA,2170,81064.0,42.2429558,-70.99295962,0.0,82.0,0.0
2146,11577,1752088,F_785253_2912617,970,970,243,Quincy,1st Norfolk District,0.0,0.0,0,176600,5237.719188,0,85,STATION STREET,QUINCY,MA,2170,84583.0,42.23937841,-71.0232928,0.0,43.0,0.0
2152,11676,1763648,F_776227_2802507,970,970,245,Raynham,8th Plymouth District,414900.0,0.0,0,414900,267293.2532,0,0,MILL ST,RAYNHAM,0,2767,100060.0,41.93735372,-71.05872824,0.0,14.0,0.0
2153,11677,1764079,F_776465_2803593,970,970,245,Raynham,8th Plymouth District,7900.0,0.0,0,7900,79520.77755,0,0,MILL ST,RAYNHAM,0,2767,100060.0,41.94033054,-71.05783281,0.0,11.0,0.0
2155,11683,1765018,F_776270_2803516,970,970,245,Raynham,8th Plymouth District,12800.0,0.0,0,12800,93597.44912,0,0,MILL ST,RAYNHAM,0,2767,100060.0,41.94012201,-71.058551,0.0,11.0,0.0
2157,11690,1768495,M_249136_874589,970,970,251,Rockland,5th Plymouth District,0.0,0.0,0,148100,581529.0824,0,0,ALBION CT,ROCKLAND,MA,2370,86000.0,42.12018061,-70.90578899,2.0,42.0,0.0
2180,12064,1823304,F_746878_2788687,973,973,293,Taunton,3rd Bristol District,0.0,0.0,0,3000,90091.12737999999,0,0,GLEBE STREET,TAUNTON,MA,2780,79375.0,41.89979432,-71.16679519,0.0,0.0,0.0
2181,12065,1823365,F_765072_2788706,973,973,293,Taunton,3rd Bristol District,0.0,0.0,0,685200,276533.785,0,0,OAK STREET,TAUNTON,MA,2780,31162.0,41.89963185,-71.09996477,17.0,71.0,0.0
2183,12089,1824212,F_765710_2790181,973,973,293,Taunton,3rd Bristol District,0.0,0.0,0,86000,3712.601635,0,0,WASHINGTON STREET,TAUNTON,MA,2780,31162.0,41.90367134,-71.09759572,20.0,82.0,0.0
2208,12632,1896868,M_230061_927015,973,973,342,Wilmington,0,134800.0,0.0,0,134800,9005.441459,0,3,VIRGINIA RD,WILMINGTON,MA,1887,0.0,42.5931193,-71.13374054,0.0,8.0,0.0
2209,12633,1897359,M_230044_927096,973,973,342,Wilmington,0,140200.0,0.0,0,140200,9919.658072,0,15,VIRGINIA RD,WILMINGTON,MA,1887,0.0,42.59384913,-71.13394342,0.0,6.0,0.0
2210,12634,1897360,M_230037_927064,973,973,342,Wilmington,19th Middlesex District,137500.0,0.0,0,137500,17930.12617,0,5,VIRGINIA RD,WILMINGTON,MA,1887,113750.0,42.59356133,-71.13403038,0.0,6.0,0.0
2216,12645,1900343,M_224935_922649,973,973,342,Wilmington,19th Middlesex District,0.0,0.0,0,157500,54998.99532,0, ,HOUGHTON RD,WILMINGTON,MA,1887,124602.0,42.55399681,-71.19638385,0.0,14.0,0.0
2217,12646,1900344,M_224894_922614,973,973,342,Wilmington,19th Middlesex District,0.0,0.0,0,68800,21832.80281,0, ,HOUGHTON RD,WILMINGTON,MA,1887,124602.0,42.55368304,-71.19688459,0.0,13.0,0.0
2223,12655,1915159,F_662811_2841106,973,973,25,Bellingham,8th Worcester District,0.0,0.0,0,149900,28332.910969999997,0,0,CENTER ST,BELLINGHAM,MA,2019,101115.0,42.04412761,-71.4755384,0.0,5.0,0.0
2224,12656,1915163,F_662607_2841214,973,973,25,Bellingham,8th Worcester District,120300.0,0.0,0,120300,199420.0831,0,0,CENTER ST,BELLINGHAM,MA,2019,101115.0,42.04442414,-71.47628933,0.0,7.0,0.0
2238,12676,1936620,F_754755_2969862,973,973,49,Cambridge,29th Middlesex District,0.0,0.0,0,240000,5899.994608,0,121,JACKSON ST,BOSTON,MA,2116,71250.0,42.39687417,-71.1350137,0.0,89.0,0.0
2243,12693,1937299,F_754603_2968630,973,973,49,Cambridge,24th Middlesex District,0.0,0.0,0,156800,3939.443272,0,284,RINDGE AVE,CAMBRIDGE,MA,2139,71250.0,42.39349534,-71.1355959,20.0,84.0,0.0
2269,12762,1946680,F_761285_2957727,973,973,49,Cambridge,25th Middlesex District,0.0,0.0,0,97400,2172.1039760000003,0,197,RIVER ST,CAMBRIDGE,MA,2139,79615.0,42.36349637,-71.11104401,0.0,94.0,0.0
2295,12860,1963757,M_207380_893867,970,970,100,Framingham,7th Middlesex District,0.0,0.0,0,150700,10022.7115,0,4,ARSENAL RD,FRAMINGHAM,MA,1702,46125.0,42.29524752,-71.41050623,6.0,71.0,0.0
2296,12862,1963970,M_204211_894361,970,970,100,Framingham,6th Middlesex District,296800.0,0.0,0,296800,32116.985819999998,0,40,TEMPLE PL,FRAMINGHAM,MA,1702,108281.0,42.29971846,-71.4489316,2.0,67.0,0.0
2298,12884,1964476,M_207366_893967,970,970,100,Framingham,7th Middlesex District,0.0,0.0,0,768600,194688.5136,0,1,ST LO STREET,FRAMINGHAM,MA,1702,46125.0,42.29614794,-71.41067473,6.0,71.0,0.0
2299,12890,1964652,M_207333_893821,970,970,100,Framingham,7th Middlesex District,0.0,0.0,0,168400,52916.523160000004,0,3,ARSENAL RD,FRAMINGHAM,MA,1702,46125.0,42.29483383,-71.41107676,6.0,71.0,0.0
2300,12891,1964741,M_207323_893708,970,970,100,Framingham,7th Middlesex District,197900.0,0.0,0,197900,26900.854560000003,0,1,ARSENAL RD,FRAMINGHAM,MA,1701,46125.0,42.29381659,-71.41119945,6.0,63.0,0.0
2301,12892,1964749,M_207379_893693,970,970,100,Framingham,7th Middlesex District,160300.0,0.0,0,160300,30807.060980000002,0,2,ARSENAL RD,FRAMINGHAM,MA,1701,46125.0,42.29368102,-71.41052057,6.0,63.0,0.0
2302,12894,1964835,M_207449_893597,970,970,100,Framingham,7th Middlesex District,0.0,0.0,0,207200,152491.807,0,0,CONCORD ST,FRAMINGHAM,MA,1702,46125.0,42.29281608,-71.40967297,6.0,66.0,0.0
2304,12896,1964986,M_207390_893543,970,970,100,Framingham,7th Middlesex District,0.0,0.0,0,198600,128204.1873,0,27,ARSENAL RD,FRAMINGHAM,MA,1702,46125.0,42.29233048,-71.41038909999999,6.0,61.0,0.0
2312,12954,1971508,M_207875_893495,970,970,100,Framingham,7th Middlesex District,0.0,0.0,0,148200,7138.868139,0,24,UNDERWOOD AVE,FRAMINGHAM,MA,1702,46125.0,42.29189361,-71.40450866,6.0,49.0,0.0
2317,13007,1985329,F_789946_2870856,973,973,133,Holbrook,3rd Norfolk District,104100.0,0.0,0,104100,7307.6427109999995,0,40,LINWOOD ST,HOLBROOK,MA,2343,70288.0,42.12470864,-71.00685387,15.0,42.0,0.0
2318,13008,1985341,F_789648_2871312,973,973,133,Holbrook,3rd Norfolk District,103800.0,0.0,0,103800,6288.339473,0,24,LINWOOD ST,HOLBROOK,MA,2343,70288.0,42.12596468,-71.00794266,16.0,41.0,0.0
2319,13009,1985344,F_789568_2871438,973,973,133,Holbrook,3rd Norfolk District,4900.0,0.0,0,4900,3441.007149,0,20,LINWOOD ST,HOLBROOK,MA,2343,70288.0,42.12631171,-71.00823488,15.0,41.0,0.0
2326,13073,1998610,F_811093_3076289,970,970,144,Ipswich,4th Essex District,264500.0,0.0,0,264500,166989.5406,0,21,LESLIE RD,IPSWICH,MA,1938,108116.0,42.68804475,-70.92378691,0.0,7.0,0.0
2333,13154,2024810,F_757449_2976882,973,973,176,Medford,34th Middlesex District,20400.0,0.0,0,20400,1338.380682,0,0,NORTH ST,MEDFORD,MA,2155,90625.0,42.41610497,-71.12492602,0.0,75.0,0.0
2337,13165,2028335,F_764909_2974772,973,973,176,Medford,34th Middlesex District,219000.0,0.0,0,219000,4524.247232,0,0,FOSTER CT,MEDFORD,MA,2155,90750.0,42.41022183,-71.09733704,0.0,47.0,0.0
2342,13174,2033069,M_206571_878139,970,970,177,Medway,10th Norfolk District,132200.0,0.0,0,132200,30820.457339999997,0,1,MAHAN CIR,MEDWAY,MA,2053,105163.0,42.15365518,-71.42049437,0.0,39.0,0.0
2344,13227,2039924,M_209770_892295,973,973,198,Natick,5th Middlesex District,0.0,0.0,0,250700,27090.86265,0,56,MILL ST,NATICK,MA,1760,82153.0,42.28106871,-71.38155034,2.0,59.0,0.0
2352,13246,2042659,M_212022_891577,973,973,198,Natick,5th Middlesex District,0.0,0.0,0,3300,7727.777306999999,0,0,FOREST AVE EXT END,NATICK,MA,1760,114207.0,42.27457321,-71.35426243,2.0,31.0,0.0
2355,13274,2044183,M_212678_892245,973,973,198,Natick,5th Middlesex District,0.0,0.0,0,3500,7283.795797,0,2,COTTAGE ST,NATICK,MA,1760,156875.0,42.2805768,-71.34629545,5.0,83.0,0.0
2359,13278,2044742,M_211861_891758,973,973,198,Natick,5th Middlesex District,0.0,0.0,0,261700,9932.576151000001,0,4,CEDAR AVE,NATICK,MA,1760,114207.0,42.2762052,-71.35621046,2.0,33.0,0.0
2362,13282,2045148,M_212088_891729,973,973,198,Natick,5th Middlesex District,0.0,0.0,0,219400,4363.128781,0,15,BENNETT ST,NATICK,MA,1760,114207.0,42.27594064,-71.35345918,3.0,47.0,0.0
2384,13411,2055215,F_725849_2924734,970,970,199,Needham,13th Norfolk District,0.0,0.0,0,429100,31433.62755,0,0,SYLVAN RD,NEEDHAM,MA,2492,135161.0,42.27333009,-71.24253083,4.0,51.0,0.0
2453,13563,2082617,F_821084_3012633,970,970,258,Salem,7th Essex District,0.0,0.0,0,232400,58299.121770000005,0, ,PIONEER TERRACE,SALEM,MA,1970,50729.0,42.51319361,-70.88832669,0.0,75.0,0.0
2461,13571,2084574,F_820098_3015416,970,970,258,Salem,7th Essex District,0.0,0.0,0,82800,5273.3635189999995,0,43,CHARTER STREET,SALEM,MA,1970,33699.0,42.52084917,-70.89191002,0.0,99.0,0.0
2473,13604,2086596,F_820511_3017861,970,970,258,Salem,7th Essex District,0.0,0.0,0,76300,3034.593532,0,121 1/2,BRIDGE STREET,SALEM,MA,1970,72829.0,42.52754984,-70.89031326,0.0,86.0,0.0
2482,13669,2096344,F_765826_2963260,973,973,274,Somerville,26th Middlesex District,0.0,0.0,0,982100,25943.96743,0,266,SOMERVILLE AVE,SOMERVILLE,MA,99999,77539.0,42.37862096,-71.09414436,0.0,96.0,0.0
2486,13678,2097651,F_768375_2962293,973,973,274,Somerville,26th Middlesex District,0.0,0.0,0,344600,4370.172729999999,0, ,FITCHBURG ST,SOMERVILLE,MA,2143,77539.0,42.37593383,-71.08472793,0.0,80.0,0.0
2494,13717,2103660,F_766100_2962242,973,973,274,Somerville,26th Middlesex District,0.0,0.0,0,235100,1769.293462,0,0,WINDSOR PL,SOMERVILLE,MA,2143,77539.0,42.37582397,-71.09314825,0.0,89.0,0.0
2496,13719,2103747,F_767417_2961666,973,973,274,Somerville,26th Middlesex District,0.0,0.0,0,173600,1599.2665869999998,0,24,MEDFORD ST,SOMERVILLE,MA,2143,77539.0,42.37422608,-71.08828454,0.0,96.0,0.0
2500,13724,2104104,F_767687_2961357,973,973,274,Somerville,26th Middlesex District,0.0,0.0,0,39600,563.213568,0,999,MEDFORD ST,CAMBRIDGE,MA,2139,0.0,42.373374600000005,-71.08729087,0.0,96.0,0.0
2507,13773,2108697,F_672291_2957720,970,970,288,Sudbury,13th Middlesex District,370400.0,0.0,0,370400,96714.07569,0,0,HORSE POND RD,SUDBURY,MA,1776,148947.0,42.36411936,-71.4403368,0.0,22.0,0.0
2520,13825,2129244,M_249319_822487,970,970,94,Fairhaven,10th Bristol District,0.0,0.0,0,144100,92689.55787,0,0,MAIN STREET,FAIRHAVEN,MA,2719,53240.0,41.65108515,-70.9079494,11.0,40.0,0.0
2522,13827,2129529,M_249270_822266,973,973,94,Fairhaven,10th Bristol District,64700.0,0.0,0,64700,10538.25352,0,0,MAIN STREET,FAIRHAVEN,MA,2719,53240.0,41.64909848,-70.908556,15.0,39.0,0.0
2523,13828,2129535,M_249247_822261,973,973,94,Fairhaven,10th Bristol District,0.0,0.0,0,59800,5197.2607880000005,0,0,MAIN STREET,FAIRHAVEN,MA,2719,53240.0,41.6490549,-70.90883249999999,15.0,40.0,0.0
2524,13831,2130715,M_250361_821350,973,973,94,Fairhaven,10th Bristol District,20700.0,0.0,0,20700,4731.569158,0,0,SPRING STREET,FAIRHAVEN,MA,2719,60714.0,41.64078259,-70.89553784,15.0,65.0,0.0
2529,13932,2146985,F_787664_2976405,970,970,248,Revere,19th Suffolk District,0.0,0.0,0,252500,13694.27698,0,0,CONSTITUTION AVE,REVERE,MA,0,48250.0,42.41437713,-71.01304449999999,0.0,81.0,0.0
2546,13949,2147153,F_788088_2976687,970,970,248,Revere,19th Suffolk District,0.0,0.0,0,140400,7336.898192000001,0,0,CUSHMAN AVE,REVERE,MA,0,48250.0,42.41514428,-71.01146842,0.0,84.0,0.0
2547,13950,2147167,F_788026_2976711,970,970,248,Revere,19th Suffolk District,0.0,0.0,0,141800,8524.74181,0,0,CUSHMAN AVE,REVERE,MA,0,48250.0,42.41521111,-71.0116975,0.0,84.0,0.0
2624,14201,2168064,M_263075_836846,970,970,310,Wareham,2nd Plymouth District,5800.0,0.0,0,5800,10606.2325,0,0,CRAN HWY  OFF,WAREHAM,MA,2571,78724.0,41.77938188,-70.74128984,5.0,44.0,0.0
2627,14261,2177089,M_261919_837284,970,970,310,Wareham,2nd Plymouth District,12700.0,0.0,0,12700,64501.91156,0,0,LITTLE BROOK RD,WAREHAM,MA,2571,78724.0,41.78341699,-70.75514829,0.0,19.0,0.0
2628,14262,2177199,M_262391_837546,970,970,310,Wareham,2nd Plymouth District,17500.0,0.0,0,17500,40739.797589999995,0,2,PATTERSONS BROOK RD,WAREHAM,MA,2571,78724.0,41.78573856,-70.74944295,1.0,38.0,0.0
