,Business Name,Business Zip Code,Neighborhood
8,A&E Hardware,2128.0,East Boston
14,Adelas Bakery,2128.0,East Boston
16,Afroditi's Laundromat,2128.0,East Boston
28,Alma C Olivares,2128.0,East Boston
33,American Provisions,2127.0,South Boston
38,Andrew Place Laundry,2127.0,South Boston
43,Anthony's Market,2128.0,East Boston
46,Aquabella Boston,2128.0,East Boston
63,AXL Cycle Studio,2128.0,East Boston
64,AYDA'S CUSTOM TAILORING,2128.0,East Boston
69,Balloon City of Boston,2128.0,East Boston
86,Belen's Deli Market,2150.0,East Boston
91,Beverly Richards Dance Center,2128.0,East Boston
93,Biddy Hair Salon,2128.0,East Boston
105,Bloom Cleaners,2128.0,East Boston
115,Bohemios Restaurant,2128.0,East Boston
138,Boston Photo Studio,2128.0,East Boston
162,buco trattoria,2210.0,South Boston Waterfront
168,c2body,2127.0,South Boston
169,Cache Beauty Center,2128.0,East Boston
180,Carlos Leon Studio Salon ,2128.0,East Boston
182,Casa Colombia,2128.0,East Boston
202,Chickadee,2210.0,South Boston Waterfront
217,Clock Tavern,2127.0,South Boston
222,Columbus Cleaners,2127.0,South Boston
227,Continental cleaners inc ,2128.0,East Boston
229,Copabana Hair Salon,2128.0,East Boston
233,Covet,2127.0,South Boston
237,Croke Park Inc,2127.0,South Boston
240,CrossFit Jeffries Pointt,2128.0,East Boston
241,CrossFit Southie,2127.0,South Boston
268,Davis Hairdressing,2172.0,South Boston
273,Deirfiur Home LLC,2127.0,South Boston
283,Didi's Spa,2128.0,East Boston
294,Doris Travel & tours,2128.0,East Boston
301,Drydock Cafe,2210.0,South Boston
303,Eagle Hill Cafe,2128.0,East Boston
304,East side hair salon,2128.0,South Boston
305,East Side Yoga and Fitness,2127.0,South Boston
315,Emanuel’s beauty supply and barbershop ,2128.0,East Boston
316,Erika Hair Salon,2128.0,East Boston
345,Fiesta Nails,2128.0,East Boston
359,For Now LLC,2210.0,South Boston Waterfront
368,Gaby Teran Beauty  Salon,2128.0,East Boston
373,Gigu LLC,2128.0,East Boston
374,Glamour Nails and hair Salon,2127.0,East Boston
377,Globos y Fiestas,2151.0,East Boston
380,GRAND MANZANA,2128.0,East Boston
382,Gray's Hall,2127.0,South Boston
392,habit ,2127.0,South Boston
413,Headquarters Hair Salon,2127.0,South Boston
428,House of Nails,2128.0,East Boston
432,I Beauty Lounge,2127.0,South Boston
437,Ilusion Unisex Salon,2128.0,East Boston
442,Interactive Construction Inc. ,2127.0,South Boston
450,Jackie Little House Family Day Care,2127.0,South Boston
453,Jak pizzeria,2128.0,East Boston
459,Janeth Cleaning Services,2128.0,East Boston
478,Joseph Nguyen Corp.,2127.0,South Boston
501,Kelley Square Pub Inc,2128.0,East Boston
505,Kerry Spindler Esthetician Skin Beauty Wellness,2128.0,East Boston
516,KO Catering and Pies,1890.0,East Boston
518,L Street Tavern,2127.0,South Boston
519,La abundancia bakery restaurant ,2128.0,East Boston
522,La Cancun Restaurant,2128.0,East Boston
523,La Casa del Pan de bono,2128.0,East Boston
524,La Esperanza Market ,2128.0,East Boston
525,La Fonda Colombiana,2128.0,East Boston
526,La Hacienda Restaurant,2128.0,East Boston
528,La Tia ,2128.0,East Boston
532,Las Americas Travel,2128.0,East Boston
535,LASH L'AMOUR LEARNING INC,2127.0,South Boston
536,LASH SEASON CO,2127.0,South Boston
537,LATIN ENVIOS,2128.0,East Boston
550,Lifted Fitness,2127.0,South Boston
551,Lily Beauty Enterprise Inc.,2128.0,East Boston
554,LISA NAIL SALON,2127.0,South Boston
556,Little Asia Restaurant,2128.0,East Boston
559,Little Steps,2128.0,East Boston
560,Little Steps Child Care,2128.0,East Boston
563,Little Wonders Daycare,2128.0,East Boston
565,Liz on E Beauty Services,2127.0,South Boston
570,Local Maker,2127.0,South Boston
573,los arrieros,2128.0,East Boston
577,Love And Mercy Salon,2210.0,South Boston Waterfront
579,Love Child,2127.0,South Boston
580,Love Syndrome Store,2128.0,East Boston
582,Luck Wellness ,2127.0,South Boston
585,Lulu Green Café Bakery Juice Bar,2127.0,South Boston
600,ManiPro@Work ,2110.0,South Boston Waterfront
602,Maparche Group/Perros Paisas ,2128.0,East Boston
608,Mariona Lloreta,2128.0,East Boston
610,Marlen's Beauty Salon Inc.,2128.0,East Boston
613,MASARY Studios,2210.0,South Boston
616,Maverick Marketplace,2128.0,East Boston
619,Maytag home style laundromat ,2127.0,South Boston
621,Medallo,2128.0,East Boston
627,Mi Pueblito Restaurant,2128.0,East Boston
636,Minas Beauty Salon,2128.0,East Boston
640,Miss Linda's School of Dance,2124.0,South Boston
645,Molly's Beachside,2127.0,South Boston
650,Moonshine 152,2127.0,South Boston
674,Napoles Restaurant,2128.0,East Boston
687,Ngan N Phan Inc,2127.0,South Boston
712,Oxigen J ,2128.0,East Boston
716,Parachute Studios,2127.0,South Boston
717,Paris Creperie Seaport,2210.0,South Boston Waterfront
724,Petalos Floristeria ,2128.0,East Boston
740,Platinos Salon,2128.0,East Boston
746,POLLOS A LA BRASA BETOS,2128.0,East Boston
749,Precious M Laundromat,2127.0,South Boston
758,Pueblo Viejo Restaurant,2128.0,East Boston
771,Regan's Motivated Fitness,2127.0,South Boston
774,Rendon Foods Inc,2128.0,East Boston
779,Rincon Limeño restaurant ,2128.0,East Boston
784,Rizos Salon,2128.0,East Boston
793,Root and Sky Wellness,2128.0,East Boston
797,Roza Lyons,2127.0,South Boston
807,Saigon Hut restaurant ,2128.0,East Boston
813,salon de cheveux,2127.0,South Boston
822,Saratoga convenience,2128.0,East Boston
839,Shine On Boston Inc,2127.0,South Boston
854,Soleil Tan & Spa,2127.0,South Boston
860,"Souly Orthodontics, PLLC",2127.0,South Boston
864,Southie's Own,2127.0,South Boston
885,Style center salon ,2128.0,East Boston
890,Sunny Florists,2127.0,South Boston
902,Taiyaki NYC Boston Inc.,2210.0,South Boston Waterfront
907,Taqueria Jalisco,2128.0,East Boston
909,Tawakal Halal Cafe,2128.0,East Boston
910,Tawakal Halal Cafe,2128.0,East Boston
916,The Barking Crab,2210.0,South Boston
921,The Boston Center for Physical Therapy and Sports Medicine,2110.0,South Boston Waterfront
927,The CLT Method,2127.0,South Boston
941,The Quiet Few,2128.0,East Boston
956,Toatedflats.Inc,2128.0,East Boston
972,Triwellness Holistic Center,2127.0,South Boston
973,Tu Metapan Restaurant,2128.0,East Boston
974,Tutti Frutti,2128.0,East Boston
999,VINA EAST BOSTON REDEMPTION/ VINA REDEMPTION INC.,2128.0,East Boston
1008,Wave n pave,2128.0,East Boston
1021,Wink Eyecare,2127.0,South Boston
1052,Cindy's nails & spa,2128.0,East Boston
1053,Maverick's,2128.0,East Boston
1060,ENFARRADOS,2128.0,East Boston
1061,Oliveira’s Restaurant ,2128.0,East Boston
1073,chinese dragon,2128.0,East Boston
1077,Pockets Billiard Club,2128.0,East Boston
1085,Mi Pueblito Orient Heights,2128.0,East Boston
1098,Dr Donna L Calsimitto DMD,2128.0,East Boston
1101,Tertulias Cafe,2128.0,East Boston
1112,Ms.B's Best Pet Care,2210.0,South Boston Waterfront
1113,Slevin construction services ,2127.0,South Boston
1117,Striking Capital,2127.0,South Boston
1149,The Point East Boston Barre and Yoga,2128.0,East Boston
1166,Lulu Green Juice ,2127.0,South Boston
1168,Cricket Wireless,2128.0,East Boston
1183,Veronica Robles Cultural Center ,2128.0,East Boston
1184,Blank Label Group,2210.0,South Boston
1199,Michael D.Kairos Beauty Salon,2128.0,East Boston
1205,Deli of Course,2210.0,South Boston Waterfront
1230,Estefany Unisex Beauty Salon,2128.0,East Boston
1235,Harbor City School,2128.0,East Boston
1252,Hyaong Sun Jung,2210.0,South Boston Waterfront
1261,Dirty Water Dough - East Boston,2128.0,East Boston
1263,Ana's Beauty Salon,2128.0,East Boston
1273,Mexicalisushibar Resturant,2128.0,East Boston
1275,Zion Multi-services,2128.0,East Boston
1285,Cr Car Service Inc,2128.0,East Boston
1293,Louanas Taxi Inc.,2128.0,East Boston
1299,Dollface LLC ,2127.0,South Boston
1304,MP&Co Tax & Financial Services,2128.0,East Boston
1341,The Boston Smoked Fish Company,2210.0,South Boston Waterfront
1344,cura transportation corporation,2128.0,East Boston
1351,Satlouj Inc.,2128.0,East Boston
1352,Mount Everest Inc.,2128.0,East Boston
1353,Godavari Inc.,2128.0,East Boston
1354,Khalsa Inc.,2128.0,East Boston
1355,Khaveeri Inc.,2128.0,East Boston
1356,Raavi Trans.,2128.0,East Boston
1357,Singh Cab Inc.,2128.0,East Boston
1358,Grand Canyon Inc.,2128.0,East Boston
1376,The Kenmore,2215.0,Boston
1378,Live Longer Get Fit,2127.0,South Boston
1384,Teja Trans Inc,2128.0,East Boston
1415,"Adam, H., Livery Driver",2118.0,South Boston
1421,"J. Munye, Cab Driver",2127.0,South Boston
1432,Himalya Inc,2128.0,East Boston
1433,T&J Cab Inc,2128.0,East Boston
1434,Punjab Trans Inc,2128.0,East Boston
1435,Ganga Inc,2128.0,East Boston
1438,First Class Beuty Salon,2128.0,East Boston
