,Unnamed: 0,Business Name,Business Zip Code,Neighborhood,name_lower,safegraph_place_id,location_name,street_address,city,region,postal_code,safegraph_brand_ids,brands,date_range_start,date_range_end,raw_visit_counts,raw_visitor_counts,visits_by_day,poi_cbg,visitor_home_cbgs,visitor_daytime_cbgs,visitor_work_cbgs,visitor_country_of_origin,distance_from_home,median_dwell,bucketed_dwell_times,related_same_day_brand,related_same_month_brand,popularity_by_hour,popularity_by_day,device_type
0,93,Biddy Hair Salon,2128.0,East Boston,biddy hair salon,sg:034a50053bbf4751b4f5de195c214e02,Biddy Hair Salon,273 Meridian St,Boston,MA,2128,,,2020-03-01T00:00:00-05:00,2020-04-01T00:00:00-04:00,3,3,"[0,0,0,0,0,0,2,0,0,0,0,0,0,0,1,0,0,0,0,0,0,0,0,0,0,0,0,0,0,0,0]",250250502001.0,{},"{""517600609001"":4}",{},"{""US"":4}",,171.0,"{""<5"":0,""5-20"":1,""21-60"":0,""61-240"":2,"">240"":0}",{},"{""Market Basket"":100,""Ramada"":67,""Shell Oil"":61,""McDonald's"":55,""10 Spot/MadRag"":33,""Famous Footwear"":33,""Marshalls"":33,""BJ's Wholesale Club"":33,""Exxon Mobil"":31,""Dunkin'"":30,""Burger King"":30,""Dollar Tree"":29,""Subway"":28,""Dollar General"":27,""Walmart"":14}","[0,0,0,0,0,0,0,0,0,0,0,0,0,0,1,2,2,2,2,0,0,0,0,0]","{""Monday"":0,""Tuesday"":0,""Wednesday"":0,""Thursday"":0,""Friday"":0,""Saturday"":2,""Sunday"":1}","{""android"":4,""ios"":0}"
1,162,buco trattoria,2210.0,South Boston Waterfront,buco trattoria,sg:30606d85e3d64bb0b39eec1c60208a02,Buco Trattoria,300 Summer St,Boston,MA,2210,,,2020-03-01T00:00:00-05:00,2020-04-01T00:00:00-04:00,107,69,"[0,9,15,4,5,8,4,1,14,8,7,8,7,0,0,3,4,1,0,2,0,0,0,3,0,1,0,0,0,2,1]",250250606001.0,"{""250251004004"":4,""250251706014"":4,""250173397003"":4,""250214412031"":4,""250214202023"":4,""250250201011"":4,""330150600001"":4,""250056102043"":4,""250056311007"":4,""250173591003"":4}","{""250250612001"":6,""250250606001"":5,""250214151012"":4,""330150600001"":4,""250056102043"":4,""360630236003"":4,""250251202012"":4,""250251708002"":4,""360594120003"":4,""171978804202"":4,""250173565003"":4}","{""250250701013"":4,""250250606001"":4}","{""US"":66}",18359.0,119.0,"{""<5"":1,""5-20"":30,""21-60"":16,""61-240"":26,"">240"":34}","{""The Home Depot"":32,""Dunkin'"":14,""Family Dollar Stores"":12,""Gulf Oil"":8,""Starbucks"":5}","{""Dunkin'"":38,""sweetgreen"":32,""Starbucks"":23,""Market Basket"":22,""The Home Depot"":16,""Mobil"":14,""CVS"":14,""Walgreens"":13,""McDonald's"":13,""Gulf Oil"":11,""Stop & Shop"":11,""Loyal Companion"":10,""Speedway"":10,""BJ's Wholesale Club"":9,""7-Eleven"":9,""Burger King"":9,""Chipotle Mexican Grill"":9,""Pret A Manger"":9,""Shaw's"":9,""Sunoco"":8}","[0,1,0,0,1,3,3,5,26,34,43,47,55,51,39,39,29,22,7,4,0,0,0,1]","{""Monday"":28,""Tuesday"":31,""Wednesday"":12,""Thursday"":14,""Friday"":17,""Saturday"":4,""Sunday"":1}","{""android"":29,""ios"":40}"
2,202,Chickadee,2210.0,South Boston Waterfront,chickadee,sg:6d82cc83e94f451f8967b528a668d940,Chickadee,21 Drydock Ave,Boston,MA,2210,,,2020-03-01T00:00:00-05:00,2020-04-01T00:00:00-04:00,49,24,"[0,3,1,5,5,1,3,2,1,3,4,4,3,0,0,1,3,1,1,1,0,0,1,1,1,1,1,0,0,1,1]",250259812021.0,"{""250173332001"":4,""250173538003"":4,""250214572003"":4,""482015410032"":4,""250173735002"":4}","{""250092081012"":4,""250173538003"":4,""250259812021"":4}","{""250173531012"":4}","{""US"":22}",31631.0,291.0,"{""<5"":1,""5-20"":4,""21-60"":5,""61-240"":13,"">240"":26}","{""Dunkin'"":24}","{""Dunkin'"":43,""Market Basket"":29,""CVS"":29,""sweetgreen"":25,""Stop & Shop"":20,""Shell Oil"":19,""Whole Foods Market"":16,""Mobil"":15,""Loyal Companion"":12,""99 Restaurants"":12,""Gulf Oil"":12,""The Home Depot"":12,""Hampton"":12,""Petco"":12,""CrossFit"":12,""Sunoco"":11,""Target"":10,""Starbucks"":9,""McDonald's"":9,""B.GOOD"":8}","[2,2,2,2,2,5,14,19,23,28,30,31,26,25,27,25,23,17,10,8,5,3,3,3]","{""Monday"":7,""Tuesday"":9,""Wednesday"":11,""Thursday"":11,""Friday"":6,""Saturday"":3,""Sunday"":2}","{""android"":9,""ios"":16}"
3,233,Covet,2127.0,South Boston,covet,sg:e44fc887cac5495195d4b267e6955a13,Covet,391 W Broadway,Boston,MA,2127,,,2020-03-01T00:00:00-05:00,2020-04-01T00:00:00-04:00,62,46,"[2,0,2,4,5,3,3,6,5,4,4,3,3,1,1,3,3,2,1,1,0,0,0,0,0,0,1,2,1,1,1]",250250608003.0,"{""482014128001"":5,""370210022041"":4,""250250608003"":4,""250251304021"":4,""250250608001"":4,""250092105003"":4,""250250607001"":4}","{""250235041013"":5,""250250612001"":5,""250250608003"":4,""250214202023"":4,""250250806013"":4,""250277071002"":4,""250250605012"":4,""250250601014"":4,""250250711012"":4,""250250601011"":4,""482014128001"":4,""250250605013"":4,""250214177014"":4,""250250907002"":4}","{""250250809001"":5,""250250702003"":4}","{""US"":41}",7276.0,21.0,"{""<5"":0,""5-20"":26,""21-60"":19,""61-240"":15,"">240"":2}","{""Dunkin'"":24}","{""CVS"":35,""Dunkin'"":32,""Starbucks"":30,""sweetgreen"":24,""Stop & Shop"":21,""Trader Joe's"":19,""Speedway"":16,""Loyal Companion"":15,""Market Basket"":13,""Walgreens"":12,""Shell Oil"":12,""Cumberland Farms"":11,""BJ's Wholesale Club"":10,""Planet Fitness"":9,""Mobil"":9,""Target"":9,""Wendy's"":9,""7-Eleven"":9,""T.J. Maxx"":7,""Burger King"":7}","[0,0,0,0,1,1,1,1,2,6,7,13,11,9,11,10,7,14,12,2,0,2,1,2]","{""Monday"":9,""Tuesday"":10,""Wednesday"":10,""Thursday"":9,""Friday"":8,""Saturday"":6,""Sunday"":10}","{""android"":11,""ios"":35}"
4,233,Covet,2127.0,South Boston,covet,sg:f4547dd11e2d4d1faa807b05ed0e94a2,Covet,109 Charles St,Boston,MA,2114,,,2020-03-01T00:00:00-05:00,2020-04-01T00:00:00-04:00,2,2,"[0,0,0,0,0,0,0,0,2,0,0,0,0,0,0,0,0,0,0,0,0,0,0,0,0,0,0,0,0,0,0]",250250201014.0,"{""480410020122"":4}",{},{},{},,61.0,"{""<5"":0,""5-20"":0,""21-60"":1,""61-240"":1,"">240"":0}","{""Veggie Grill"":50}","{""Marriott Hotels"":100,""Chick-fil-A"":95,""Athleta"":50,""Veggie Grill"":50,""Ten Thousand Villages"":50,""Clean Juice"":50,""The Bar Method"":50,""VCA Animal Hospitals"":50,""Mission BBQ"":50,""Clarion"":50,""Torchy's Tacos"":50,""TownePlace Suites by Marriott"":50,""Topgolf"":50,""Cinemark Theatres"":50,""First Watch Restaurants"":50,""Jewel-Osco"":50,""Courtyard by Marriott"":50,""Waffle House"":49,""H-E-B"":49,""Mobil"":48}","[0,0,0,0,0,0,0,0,0,0,0,1,0,0,0,0,0,0,0,0,1,1,0,0]","{""Monday"":2,""Tuesday"":0,""Wednesday"":0,""Thursday"":0,""Friday"":0,""Saturday"":0,""Sunday"":0}","{""android"":0,""ios"":0}"
5,301,Drydock Cafe,2210.0,South Boston,drydock cafe,sg:5127581f66df4a8c8eac090669e06335,Drydock Cafe,7 Drydock Ave,Boston,MA,2210,,,2020-03-01T00:00:00-05:00,2020-04-01T00:00:00-04:00,58,37,"[0,3,4,3,2,6,1,2,3,5,4,1,2,0,0,4,0,3,1,3,1,1,3,2,0,2,1,0,0,1,0]",250259812021.0,"{""250250002011"":8,""250214222003"":4,""250173524002"":4,""250235251014"":4,""250214201004"":4,""250173871002"":4,""250214163001"":4}","{""250251010016"":4,""250173372013"":4,""330110131001"":4,""250250916001"":4,""250214201004"":4}","{""250259812021"":7,""250250606001"":4,""250056508003"":4}","{""US"":34}",19427.0,161.0,"{""<5"":2,""5-20"":14,""21-60"":7,""61-240"":14,"">240"":21}","{""True Value Hardware"":50,""Anytime Fitness"":33}","{""Dunkin'"":48,""CVS"":25,""Stop & Shop"":24,""Market Basket"":21,""Target"":21,""Walmart"":19,""True Value Hardware"":19,""Mobil"":17,""Dollar Tree"":17,""7-Eleven"":17,""Gulf Oil"":16,""Shell Oil"":16,""Burger King"":15,""Starbucks"":14,""T.J. Maxx"":12,""Simon mall"":12,""Speedway"":12,""Papa Gino's"":11,""Loyal Companion"":11,""Walgreens"":11}","[3,3,3,2,1,2,2,8,12,16,22,23,36,30,26,25,15,4,1,1,3,4,3,2]","{""Monday"":14,""Tuesday"":11,""Wednesday"":10,""Thursday"":6,""Friday"":12,""Saturday"":2,""Sunday"":3}","{""android"":16,""ios"":23}"
6,303,Eagle Hill Cafe,2128.0,East Boston,eagle hill cafe,sg:42f881d1a5b34823977df97bd5656cc4,Eagle Hill Cafe,1 Marion St,Boston,MA,2128,,,2020-03-01T00:00:00-05:00,2020-04-01T00:00:00-04:00,512,169,"[14,14,20,20,18,16,10,8,25,18,15,22,14,11,16,39,31,16,14,9,18,20,19,15,10,6,18,20,6,17,13]",250250501013.0,"{""250250501011"":23,""250250501013"":8,""250250502001"":8,""250250501012"":8,""250056441013"":4,""060610225001"":4,""250250509013"":4,""250250504001"":4,""250251601011"":4,""250092069001"":4,""250250506002"":4,""250173689021"":4,""250250920003"":4,""250251606023"":4,""250251601015"":4,""250251704004"":4,""250251606011"":4,""250251605023"":4,""250092083001"":4,""250235051015"":4,""250173527002"":4,""250251601012"":4,""250251606012"":4,""250173335022"":4,""250250505001"":4,""250251705011"":4,""250235011013"":4,""250251701001"":4}","{""250250501011"":23,""250250501013"":14,""250250501012"":11,""500279655012"":5,""250251606011"":5,""250251801011"":4,""250250506002"":4,""250092055001"":4,""250250509012"":4,""250250507003"":4,""250250502004"":4,""250173681022"":4,""250251606023"":4,""060610225001"":4,""250250510003"":4,""250235212021"":4,""250250001001"":4,""250251602002"":4,""250250506001"":4,""250250505001"":4,""250250502001"":4,""250092072001"":4,""250250920003"":4,""250251707023"":4,""250092114023"":4,""250251606012"":4,""250251606021"":4,""250250504001"":4,""250251701001"":4,""250173422012"":4,""250251601012"":4,""250092069002"":4,""250251704004"":4}","{""250250921013"":4,""250092071001"":4,""250173507002"":4,""250173546002"":4,""250250501012"":4}","{""US"":138}",1286.0,46.0,"{""<5"":17,""5-20"":159,""21-60"":105,""61-240"":164,"">240"":67}","{""Subway"":19,""Shell Oil"":13,""Mobil"":11,""Pollo Campero"":8,""Shaw's"":8,""Dunkin'"":8}","{""Dunkin'"":38,""Market Basket"":37,""Burger King"":22,""Mobil"":21,""McDonald's"":21,""Pollo Campero"":15,""Subway"":14,""The Home Depot"":13,""CVS"":13,""BJ's Wholesale Club"":12,""Shaw's"":12,""Target"":11,""10 Spot/MadRag"":11,""Stop & Shop"":10,""Expressions Shoes "":10,""7-Eleven"":10,""Wingstop"":10,""Family Dollar Stores"":9,""Walgreens"":9,""Starbucks"":8}","[43,50,50,51,52,56,67,74,66,68,78,83,95,116,112,91,92,92,74,67,64,61,54,49]","{""Monday"":114,""Tuesday"":97,""Wednesday"":61,""Thursday"":60,""Friday"":57,""Saturday"":59,""Sunday"":64}","{""android"":81,""ios"":87}"
7,304,East side hair salon,2128.0,South Boston,east side hair salon,sg:f41aa1df974a479c9c51153f03cc9b3c,East Side Hair Salon,92 P St,Boston,MA,2127,,,2020-03-01T00:00:00-05:00,2020-04-01T00:00:00-04:00,183,82,"[8,5,9,6,7,14,19,10,4,5,3,9,12,9,8,6,5,5,3,5,3,3,7,2,0,5,4,2,1,3,1]",250250601013.0,"{""250250601014"":4,""250092111002"":4,""250250601013"":4,""391034050002"":4,""250214173001"":4,""250173398023"":4,""250214201004"":4,""250250603012"":4,""250173574003"":4,""250250612002"":4,""250250604005"":4,""250092065003"":4,""250250608002"":4,""250173501044"":4,""250235251042"":4,""250214007002"":4,""250250913001"":4,""250214181012"":4,""250251006031"":4,""250214227001"":4,""250173392001"":4,""250250504002"":4}","{""250250601013"":6,""250251008005"":4,""250250601014"":4,""250250601011"":4,""250250612001"":4,""250214181012"":4,""250277531003"":4,""330151003011"":4,""250250601012"":4,""250214196002"":4,""250250612002"":4,""250250604005"":4,""250251704001"":4,""250092059003"":4,""250173574003"":4,""250250005024"":4}","{""250092042005"":4,""250214011002"":4,""391535306032"":4,""250259812021"":4,""250173324002"":4,""250250303004"":4,""250250604003"":4,""250250612001"":4}","{""US"":66}",9221.0,68.0,"{""<5"":4,""5-20"":51,""21-60"":33,""61-240"":45,"">240"":50}","{""Burlington"":33,""CrossFit"":20,""CVS"":8}","{""Dunkin'"":34,""Starbucks"":27,""Stop & Shop"":23,""CVS"":19,""Target"":17,""Market Basket"":16,""7-Eleven"":15,""Cumberland Farms"":12,""The Home Depot"":11,""T.J. Maxx"":11,""sweetgreen"":11,""Mobil"":11,""Sunoco"":11,""Shaw's"":10,""Chipotle Mexican Grill"":10,""Speedway"":9,""Star Market"":9,""Simon mall"":8,""CITGO"":8,""Shell Oil"":8}","[30,33,33,34,34,34,32,37,42,41,45,47,49,39,34,40,32,30,33,32,28,28,30,33]","{""Monday"":25,""Tuesday"":22,""Wednesday"":14,""Thursday"":24,""Friday"":35,""Saturday"":33,""Sunday"":30}","{""android"":27,""ios"":53}"
8,305,East Side Yoga and Fitness,2127.0,South Boston,east side yoga and fitness,sg:972439a20287446da346134e01550083,East Side Yoga and Fitness,584 E Broadway,Boston,MA,2127,,,2020-03-01T00:00:00-05:00,2020-04-01T00:00:00-04:00,113,41,"[1,7,7,4,6,3,9,4,0,5,0,5,8,6,2,3,3,3,4,6,1,1,3,1,3,2,5,3,1,4,3]",250250605012.0,"{""250250907001"":4,""250251702002"":4,""250250404011"":4,""250173734001"":4,""250250605012"":4}","{""250250605012"":4,""250251702002"":4,""250250705004"":4,""250250406002"":4,""250173837002"":4,""250277442005"":4,""250250603011"":4,""250250603013"":4,""250250602002"":4}","{""250259817001"":4}","{""US"":37}",4718.0,111.0,"{""<5"":0,""5-20"":23,""21-60"":19,""61-240"":42,"">240"":29}","{""Starbucks"":32}","{""Dunkin'"":34,""Stop & Shop"":24,""Starbucks"":17,""Walgreens"":12,""BJ's Wholesale Club"":11,""CVS"":10,""Legal Sea Foods"":10,""Bertucci's"":10,""Market Basket"":10,""Subway"":9,""Planet Fitness"":8,""Sunoco"":8,""Goodwill Industries"":8,""Dollar Tree"":8,""Star Market"":7,""sweetgreen"":7,""Boys & Girls Clubs of America"":7,""Shell Oil"":6,""CrossFit"":6,""Kohl's"":6}","[8,8,8,7,7,8,12,22,22,25,19,25,24,28,22,25,30,27,27,25,15,15,14,11]","{""Monday"":17,""Tuesday"":19,""Wednesday"":10,""Thursday"":17,""Friday"":22,""Saturday"":19,""Sunday"":9}","{""android"":8,""ios"":34}"
9,382,Gray's Hall,2127.0,South Boston,gray's hall,sg:ce3691f6179f43dd8183a44eafb5cf82,Gray's Hall,615 E Broadway,Boston,MA,2127,,,2020-03-01T00:00:00-05:00,2020-04-01T00:00:00-04:00,8,4,"[0,1,0,0,0,0,0,0,0,0,1,0,1,1,0,1,0,0,0,0,1,0,0,0,0,0,0,1,1,0,0]",250250603013.0,"{""250250605012"":4}","{""250250605012"":4}",{},"{""US"":4}",,902.5,"{""<5"":0,""5-20"":0,""21-60"":0,""61-240"":0,"">240"":8}",{},"{""Barneys New York"":25,""Furla"":25,""DelFrisco's Double Eagle Steakhouse"":25,""The Capital Grille"":25,""Giordano's"":25,""Aloft Hotels"":25,""Hilton International"":25,""Boys & Girls Clubs of America"":25,""Stop & Shop"":24,""BJ's Wholesale Club"":24,""Rite Aid"":24,""Simon mall"":24,""Planet Fitness"":24,""Walgreens"":20,""Starbucks"":18,""Walmart"":6}","[8,8,8,8,8,8,8,8,8,8,7,4,4,3,3,2,1,1,0,1,6,8,8,8]","{""Monday"":2,""Tuesday"":0,""Wednesday"":1,""Thursday"":0,""Friday"":1,""Saturday"":3,""Sunday"":1}","{""android"":6,""ios"":0}"
10,428,House of Nails,2128.0,East Boston,house of nails,sg:acceb69f66bb485d94d63dbdbb3f77aa,House of Nails,1020 Bennington St,Boston,MA,2128,,,2020-03-01T00:00:00-05:00,2020-04-01T00:00:00-04:00,24,23,"[0,1,0,1,0,1,1,1,3,3,3,2,3,0,0,2,0,0,1,0,1,0,0,0,0,0,1,0,0,0,0]",250250511011.0,"{""250250510001"":5,""250251703002"":4,""250251803012"":4,""250250503001"":4,""250251708003"":4,""250250511012"":4}","{""250173401006"":7,""250250303003"":4,""250250924001"":4,""250250903003"":4,""250251003004"":4,""250250511012"":4}",{},"{""US"":21}",2484.0,7.5,"{""<5"":2,""5-20"":18,""21-60"":1,""61-240"":1,"">240"":2}",{},"{""Burger King"":40,""Starbucks"":28,""Dunkin'"":27,""Subway"":25,""CVS"":22,""BJ's Wholesale Club"":17,""PriceRite"":13,""Market Basket"":13,""PetSmart"":12,""Target"":11,""7-Eleven"":11,""Expressions Shoes "":9,""Au Bon Pain"":8,""Hilton Garden Inn"":8,""Marshalls"":8,""Stop & Shop"":8,""Five Below"":8,""Ace Hardware"":8,""Chipotle Mexican Grill"":7,""McDonald's"":6}","[2,1,1,1,1,3,4,2,3,7,1,3,4,3,3,2,2,1,3,1,1,2,1,2]","{""Monday"":6,""Tuesday"":3,""Wednesday"":4,""Thursday"":3,""Friday"":5,""Saturday"":2,""Sunday"":1}","{""android"":13,""ios"":10}"
11,518,L Street Tavern,2127.0,South Boston,l street tavern,sg:d964324e5ab344999abfe34f131112bf,L Street Tavern,658A E 8th St,Boston,MA,2127,,,2020-03-01T00:00:00-05:00,2020-04-01T00:00:00-04:00,70,44,"[2,3,1,3,2,5,7,2,0,3,5,6,6,4,1,0,3,1,0,0,0,2,1,1,2,2,2,3,1,1,1]",250250603012.0,"{""250250603011"":5,""090116601023"":5,""250250602002"":4,""250251010023"":4,""250250603013"":4,""250251007005"":4,""250250603012"":4,""120990053004"":4,""250173507001"":4,""250010112003"":4}","{""090116601023"":5,""250250602002"":4,""120990053004"":4,""250250511012"":4,""250250608001"":4,""120690313081"":4,""250250006011"":4,""250250907004"":4,""250250701013"":4,""250214112002"":4,""250010112003"":4}","{""518400003014"":4,""250173733001"":4}","{""US"":38}",7241.0,49.0,"{""<5"":3,""5-20"":19,""21-60"":16,""61-240"":15,"">240"":17}","{""Loyal Companion"":100,""Dunkin'"":19}","{""Dunkin'"":29,""Stop & Shop"":24,""CVS"":23,""sweetgreen"":16,""Starbucks"":16,""Walgreens"":15,""Trader Joe's"":13,""Speedway"":12,""Shell Oil"":10,""Mobil"":10,""Target"":10,""Btone Fitness"":9,""Market Basket"":9,""DoubleTree by Hilton"":9,""Sunoco"":7,""GameStop"":7,""Wendy's"":7,""7-Eleven"":7,""The Home Depot"":7,""Papa Gino's"":7}","[13,10,10,11,11,11,12,10,13,12,14,11,13,16,12,13,12,14,13,15,16,15,14,15]","{""Monday"":5,""Tuesday"":9,""Wednesday"":11,""Thursday"":10,""Friday"":13,""Saturday"":14,""Sunday"":8}","{""android"":14,""ios"":31}"
12,518,L Street Tavern,2127.0,South Boston,l street tavern,sg:a6c088cb5fe8415e9ee3821993efb284,L Street Tavern,195 L St,Boston,MA,2127,,,2020-03-01T00:00:00-05:00,2020-04-01T00:00:00-04:00,49,20,"[0,0,2,0,2,2,6,3,2,1,0,1,3,6,1,1,4,2,2,3,1,3,0,0,1,1,2,0,0,0,0]",250250603012.0,"{""250250103002"":4,""250250601011"":4,""250250922002"":4}","{""250250601011"":4,""250250603011"":4,""250214178015"":4,""250214431024"":4}",{},"{""US"":19}",4716.0,102.0,"{""<5"":1,""5-20"":9,""21-60"":6,""61-240"":19,"">240"":14}",{},"{""Stop & Shop"":34,""sweetgreen"":20,""Dunkin'"":17,""Cumberland Farms"":15,""Starbucks"":13,""Wendy's"":11,""The Home Depot"":10,""CVS"":10,""Bertucci's"":10,""Market Basket"":10,""DoubleTree by Hilton"":10,""Whole Foods Market"":10,""Trader Joe's"":10,""Boys & Girls Clubs of America"":10,""BJ's Wholesale Club"":9,""Ace Hardware"":9,""Target"":9,""Sunoco"":8,""Burger King"":6}","[4,4,3,3,3,5,7,4,8,10,11,12,16,14,16,12,12,15,10,8,9,10,7,4]","{""Monday"":3,""Tuesday"":7,""Wednesday"":3,""Thursday"":6,""Friday"":10,""Saturday"":13,""Sunday"":7}","{""android"":4,""ios"":12}"
13,556,Little Asia Restaurant,2128.0,East Boston,little asia restaurant,sg:c6815256d0c348ac84c9da5467e88b7c,Little Asia Restaurant,991 Bennington St,Boston,MA,2128,,,2020-03-01T00:00:00-05:00,2020-04-01T00:00:00-04:00,86,51,"[8,3,3,8,4,2,5,4,3,2,2,7,3,3,4,8,2,3,1,3,0,2,2,0,0,1,0,2,0,1,0]",250250511011.0,"{""250250511013"":8,""250251801011"":7,""250251707025"":5,""250173131024"":4,""250251704003"":4,""250251802004"":4,""250251106011"":4,""250251802002"":4,""250250511011"":4,""250250503002"":4}","{""250173131024"":4,""250250511011"":4,""250259813002"":4,""250251802002"":4,""250251708004"":4,""250250511013"":4,""250251801011"":4,""250251704003"":4,""250251704002"":4,""250251803013"":4,""250173351005"":4}","{""250250511013"":4}","{""US"":47}",2654.0,39.0,"{""<5"":3,""5-20"":32,""21-60"":18,""61-240"":19,"">240"":14}","{""Subway"":99,""Miracle-Ear"":25,""sweetgreen"":25,""Simon mall"":14}","{""Dunkin'"":56,""Target"":31,""Starbucks"":30,""Market Basket"":27,""Stop & Shop"":27,""CVS"":25,""Mobil"":16,""7-Eleven"":15,""Burger King"":14,""BJ's Wholesale Club"":13,""Planet Fitness"":12,""Subway"":12,""Gulf Oil"":11,""Walgreens"":10,""Sunoco"":10,""Speedway"":10,""McDonald's"":10,""Get Air"":10,""The Home Depot"":9,""CrossFit"":9}","[1,0,2,0,0,0,0,5,2,3,14,18,22,19,16,16,20,23,22,15,8,10,7,6]","{""Monday"":17,""Tuesday"":7,""Wednesday"":13,""Thursday"":13,""Friday"":8,""Saturday"":10,""Sunday"":18}","{""android"":27,""ios"":30}"
14,573,los arrieros,2128.0,East Boston,los arrieros,sg:7df46480c68645d0b9333d4fbd3691f9,Los Arrieros,13 Meridian St,Boston,MA,2128,,,2020-03-01T00:00:00-05:00,2020-04-01T00:00:00-04:00,90,73,"[1,5,5,1,5,3,3,1,7,5,5,4,4,3,2,6,5,2,3,3,1,0,2,0,1,0,1,4,1,2,5]",250250506002.0,"{""250250505001"":7,""250250511012"":4,""250251606011"":4,""250250511011"":4,""250251601015"":4,""250251706011"":4,""250173422011"":4,""250251606025"":4,""250173543003"":4,""250250510001"":4}","{""250092021023"":5,""250250402001"":4,""250251801013"":4,""250250505001"":4,""250250501011"":4,""250251706011"":4,""250251601015"":4,""250250503002"":4,""250250504001"":4,""250251605021"":4,""250250506002"":4,""250250509012"":4,""250251604001"":4}","{""250250502004"":4,""250250504001"":4}","{""US"":68}",4088.0,22.5,"{""<5"":2,""5-20"":37,""21-60"":30,""61-240"":13,"">240"":8}","{""Pizza Hut"":100,""BJ's Wholesale Club"":25,""Wendy's"":24,""Dunkin'"":19}","{""Market Basket"":48,""Dunkin'"":46,""BJ's Wholesale Club"":29,""Burger King"":29,""Stop & Shop"":24,""Target"":21,""Mobil"":20,""Subway"":20,""CVS"":19,""Starbucks"":17,""Walgreens"":16,""sweetgreen"":15,""McDonald's"":13,""CrossFit"":11,""Family Dollar Stores"":11,""The Home Depot"":11,""Expressions Shoes "":10,""Shaw's"":10,""Planet Fitness"":10,""Dollar Tree"":9}","[5,4,4,3,3,3,6,4,8,15,14,12,16,13,12,12,14,12,12,8,7,8,4,5]","{""Monday"":22,""Tuesday"":20,""Wednesday"":9,""Thursday"":12,""Friday"":11,""Saturday"":11,""Sunday"":5}","{""android"":42,""ios"":29}"
15,627,Mi Pueblito Restaurant,2128.0,East Boston,mi pueblito restaurant,sg:d0c7f69ce6eb487c95cba4e7d271f5ec,Mi Pueblito Restaurant,333 Border St,Boston,MA,2128,,,2020-03-01T00:00:00-05:00,2020-04-01T00:00:00-04:00,334,165,"[14,16,9,7,11,26,12,13,14,13,10,10,11,12,17,14,11,10,7,9,10,10,10,6,6,12,7,7,7,8,5]",250250501012.0,"{""250250501012"":10,""250250501013"":10,""250250502001"":9,""250250501011"":7,""250250507003"":5,""250250510001"":5,""250250821001"":4,""250250821003"":4,""250250509012"":4,""121090207054"":4,""250092611022"":4,""250251708004"":4,""250251706014"":4,""250214182004"":4,""250251104011"":4,""250251707012"":4,""250251705022"":4,""250092055001"":4,""250250512002"":4,""250250502002"":4}","{""250250501013"":10,""250250501012"":9,""250250501011"":7,""250092502001"":7,""250250502001"":6,""250250512002"":5,""250250507003"":5,""250092051005"":4,""250250821001"":4,""250056420002"":4,""250251702002"":4,""250250502004"":4,""250250503001"":4,""250250804011"":4,""250250509012"":4,""250250708001"":4,""250173528001"":4,""250250509013"":4,""250173425003"":4,""250250507001"":4,""517600609001"":4,""250250502003"":4,""250251705022"":4,""250250906001"":4,""250250512001"":4,""250251104011"":4,""250173426001"":4,""250251606021"":4}","{""250173501043"":6,""250250003021"":4,""250250801001"":4,""250250106001"":4,""250092056001"":4,""250173336003"":4,""250250404012"":4}","{""US"":145}",2494.0,44.5,"{""<5"":5,""5-20"":120,""21-60"":66,""61-240"":79,"">240"":64}","{""Burger King"":15,""Pollo Campero"":12,""Shaw's"":12,""Lowe's"":11,""Sunoco"":11,""Dunkin'"":10,""Shell Oil"":8,""Petco"":7}","{""Dunkin'"":38,""Market Basket"":36,""McDonald's"":26,""Mobil"":23,""BJ's Wholesale Club"":19,""Burger King"":18,""Stop & Shop"":17,""Subway"":15,""Shaw's"":14,""Target"":14,""CVS"":14,""Expressions Shoes "":13,""The Home Depot"":11,""Sunoco"":10,""Speedway"":10,""7-Eleven"":9,""Marshalls"":9,""Starbucks"":9,""Wendy's"":9,""Walgreens"":9}","[39,38,39,39,40,51,45,66,63,61,66,65,66,80,89,70,54,58,60,44,33,39,32,37]","{""Monday"":62,""Tuesday"":44,""Wednesday"":33,""Thursday"":40,""Friday"":53,""Saturday"":41,""Sunday"":61}","{""android"":84,""ios"":79}"
16,636,Minas Beauty Salon,2128.0,East Boston,minas beauty salon,sg:4315e447882247319475c3af87808d21,Minas Beauty Salon,154 Chelsea St,Boston,MA,2128,,,2020-03-01T00:00:00-05:00,2020-04-01T00:00:00-04:00,95,40,"[4,2,4,6,3,5,2,2,6,1,2,8,5,5,2,3,4,1,2,3,1,3,0,0,5,2,2,2,3,3,4]",250250507001.0,"{""250250507001"":8,""250251705012"":4,""250092052004"":4,""250251005004"":4,""250250506001"":4,""250251605014"":4,""250250507002"":4,""250092541004"":4}","{""250250507001"":7,""250259813002"":6,""250250511011"":5,""250173501041"":4,""250250509012"":4,""250250507002"":4,""250251707025"":4}",{},"{""US"":37}",2593.0,140.0,"{""<5"":3,""5-20"":24,""21-60"":13,""61-240"":16,"">240"":39}","{""PetSmart"":100}","{""Market Basket"":30,""Dunkin'"":30,""Burger King"":24,""Stop & Shop"":17,""Subway"":17,""Mobil"":16,""7-Eleven"":13,""Walgreens"":12,""McDonald's"":11,""CVS"":10,""10 Spot/MadRag"":10,""sweetgreen"":10,""BJ's Wholesale Club"":9,""Advance Auto Parts"":9,""CrossFit"":9,""Speedway"":8,""The Home Depot"":8,""PriceRite"":7,""Cumberland Farms"":7,""Wingstop"":7}","[31,28,28,26,31,33,33,31,31,30,28,26,26,31,28,27,27,28,23,24,22,24,26,27]","{""Monday"":14,""Tuesday"":13,""Wednesday"":14,""Thursday"":15,""Friday"":15,""Saturday"":10,""Sunday"":14}","{""android"":25,""ios"":19}"
17,650,Moonshine 152,2127.0,South Boston,moonshine 152,sg:16307943b6474c5f83709c0d898ca35b,Moonshine 152,152 Dorchester Ave,Boston,MA,2127,,,2020-03-01T00:00:00-05:00,2020-04-01T00:00:00-04:00,241,155,"[4,10,11,14,12,11,12,8,16,17,6,8,8,9,4,7,7,8,5,6,8,1,10,7,2,3,11,0,3,4,9]",250250612001.0,"{""250250612001"":12,""250250605014"":5,""250214162001"":4,""250250611012"":4,""250251010022"":4,""250235105031"":4,""250250610001"":4,""250250817002"":4,""250277011003"":4,""250251102011"":4,""120860067091"":4,""250056532033"":4,""250250917002"":4,""250235108002"":4,""250250914001"":4,""250251007004"":4,""250250606001"":4,""240054113021"":4,""250214008003"":4,""250214401002"":4,""250250107013"":4,""250092217002"":4,""250250505001"":4,""250277423003"":4}","{""250250612001"":8,""250250819002"":6,""250250611012"":6,""250250605014"":5,""250250605011"":4,""250235107006"":4,""250250920002"":4,""250251010022"":4,""250092091005"":4,""250251207001"":4,""250250709001"":4,""250056532033"":4,""250250608002"":4,""330150035001"":4,""250173415003"":4,""250214203021"":4,""090034811002"":4,""250235202022"":4,""250214132003"":4,""250173418004"":4,""250251007004"":4,""090159001001"":4,""250250701011"":4,""250250917003"":4,""250259812021"":4,""250235108002"":4,""250214024002"":4,""250092173001"":4,""250250507003"":4,""250173748001"":4,""250250923002"":4,""250173702024"":4,""250173545003"":4}","{""250250612001"":10,""250250605011"":5,""250250913002"":4,""250250712011"":4,""250250702001"":4,""250214172001"":4,""330150036011"":4,""250173418001"":4}","{""US"":147}",8073.0,17.0,"{""<5"":16,""5-20"":116,""21-60"":35,""61-240"":38,"">240"":36}","{""Starbucks"":28,""Dunkin'"":19,""Westin Hotels & Resorts"":9}","{""Dunkin'"":43,""Starbucks"":22,""sweetgreen"":20,""CVS"":19,""Stop & Shop"":18,""Loyal Companion"":14,""The Home Depot"":14,""Walgreens"":13,""Market Basket"":13,""Mobil"":13,""Subway"":12,""BJ's Wholesale Club"":12,""Speedway"":11,""Whole Foods Market"":11,""Shell Oil"":10,""7-Eleven"":10,""Target"":10,""Gulf Oil"":9,""Burger King"":9,""Star Market"":8}","[18,22,24,19,17,18,21,24,42,33,35,43,50,46,43,34,33,32,23,18,15,22,23,20]","{""Monday"":47,""Tuesday"":51,""Wednesday"":30,""Thursday"":28,""Friday"":36,""Saturday"":29,""Sunday"":20}","{""android"":79,""ios"":74}"
18,674,Napoles Restaurant,2128.0,East Boston,napoles restaurant,sg:2eb4e2d5d8b34af0a9ac037ccc52d1d9,Napoles Restaurant,1233 Bennington St,Boston,MA,2128,,,2020-03-01T00:00:00-05:00,2020-04-01T00:00:00-04:00,234,115,"[12,19,13,7,11,9,12,11,8,9,7,10,21,6,7,5,6,6,5,5,6,4,9,2,2,5,4,7,1,4,1]",250250511014.0,"{""250250511014"":12,""250251707025"":6,""250251707024"":5,""250092105002"":4,""250251704001"":4,""250092067001"":4,""250251702002"":4,""250251701001"":4,""170190011002"":4,""250235422001"":4,""250173661005"":4,""250250507002"":4,""250251703005"":4,""250251803014"":4,""250250805002"":4,""250251708004"":4,""120110106073"":4,""250251403005"":4,""250251706012"":4,""250251707021"":4,""250250511012"":4,""250251708003"":4,""250251707022"":4,""250092058003"":4,""250251708001"":4,""250251705022"":4,""250092066003"":4,""250251707023"":4}","{""250250511014"":8,""250092066003"":7,""250251701001"":5,""250251707025"":5,""250092060001"":4,""250251606011"":4,""250251605014"":4,""250092067001"":4,""250173543001"":4,""440070109002"":4,""250251705022"":4,""250251601013"":4,""250251704001"":4,""250251801013"":4,""250251707022"":4,""250251707021"":4,""250251701005"":4,""250251702004"":4,""250251702002"":4,""250092060002"":4,""250250501011"":4,""250092105002"":4,""250251708003"":4}","{""250214042014"":4,""250173744004"":4,""250173591002"":4,""250251706011"":4}","{""US"":106}",3170.0,35.5,"{""<5"":12,""5-20"":89,""21-60"":31,""61-240"":63,"">240"":39}","{""Target"":18,""CVS"":12,""sweetgreen"":9,""Goodwill Industries"":9}","{""Dunkin'"":52,""Market Basket"":26,""Stop & Shop"":23,""Burger King"":18,""Target"":17,""BJ's Wholesale Club"":17,""sweetgreen"":15,""7-Eleven"":14,""The Home Depot"":13,""Wendy's"":12,""Sunoco"":12,""Starbucks"":12,""CVS"":12,""McDonald's"":10,""Mobil"":10,""Walgreens"":9,""Family Dollar Stores"":9,""T.J. Maxx"":9,""Subway"":8,""Planet Fitness"":7}","[41,40,37,30,23,28,34,30,35,32,23,29,30,32,27,28,31,35,33,27,30,37,37,42]","{""Monday"":45,""Tuesday"":31,""Wednesday"":22,""Thursday"":31,""Friday"":39,""Saturday"":31,""Sunday"":35}","{""android"":65,""ios"":47}"
19,717,Paris Creperie Seaport,2210.0,South Boston Waterfront,paris creperie seaport,sg:17a903cd97774b12976f46f9f26687a3,Paris Creperie Seaport,60 Seaport Blvd,Boston,MA,2210,,,2020-03-01T00:00:00-05:00,2020-04-01T00:00:00-04:00,31,28,"[0,1,2,0,1,7,4,1,5,0,1,2,1,2,0,0,1,0,0,0,1,0,0,0,0,0,0,2,0,0,0]",250250606001.0,"{""250251006013"":5,""060371287021"":4,""250251203012"":4,""250250509011"":4,""250250304001"":4,""250250606001"":4}","{""340270457012"":4,""250250606001"":4,""371830540134"":4,""150030080053"":4}","{""330110142013"":5}","{""US"":25}",18976.0,56.0,"{""<5"":1,""5-20"":8,""21-60"":10,""61-240"":3,"">240"":9}","{""Starbucks"":48,""lululemon athletica"":14}","{""Starbucks"":46,""Dunkin'"":43,""sweetgreen"":36,""Target"":29,""CVS"":28,""Shake Shack"":25,""Shell Oil"":23,""Juice Press"":21,""Market Basket"":21,""La Colombe"":18,""Loyal Companion"":18,""Equinox Fitness Clubs"":18,""The Home Depot"":17,""Omni Hotels & Resorts"":14,""Stop & Shop"":14,""Sunoco"":13,""7-Eleven"":12,""Legal Sea Foods"":11,""Shaw's"":11,""Westin Hotels & Resorts"":11}","[11,8,5,6,6,6,5,5,5,6,6,4,4,4,4,2,2,2,2,10,9,15,14,13]","{""Monday"":6,""Tuesday"":3,""Wednesday"":1,""Thursday"":3,""Friday"":8,""Saturday"":9,""Sunday"":1}","{""android"":4,""ios"":21}"
20,746,POLLOS A LA BRASA BETOS,2128.0,East Boston,pollos a la brasa betos,sg:fd403b9a282b42319fb3f7e48f986708,Pollos A La Brasa Betos,69 Bennington St,Boston,MA,2128,,,2020-03-01T00:00:00-05:00,2020-04-01T00:00:00-04:00,168,85,"[5,6,5,6,11,5,12,4,6,3,7,10,5,10,5,4,10,5,7,7,3,8,5,3,1,1,1,3,1,6,3]",250250507001.0,"{""250250507001"":7,""250250806012"":5,""250250509011"":5,""250250502004"":4,""250250506002"":4,""250092102001"":4,""250092067004"":4,""250092071002"":4,""250251707024"":4,""250251703005"":4,""250250502002"":4,""250250509012"":4,""250173840023"":4,""250173425001"":4,""250250202002"":4,""250250507003"":4}","{""250250502001"":7,""250250509011"":6,""250250506002"":4,""250250507001"":4,""250251304022"":4,""250173425001"":4,""250251804001"":4,""250250809003"":4,""250251605014"":4,""250250501012"":4,""250092072001"":4,""250250502002"":4,""250251701002"":4,""250250501013"":4,""250251403001"":4}","{""250251604001"":4,""250250003021"":4,""250173424004"":4,""250092081024"":4}","{""US"":74}",2407.0,46.0,"{""<5"":6,""5-20"":50,""21-60"":42,""61-240"":34,"">240"":36}","{""Walgreens"":16,""Speedway"":11,""Walmart"":9}","{""Dunkin'"":46,""Market Basket"":40,""BJ's Wholesale Club"":19,""Subway"":19,""Burger King"":19,""Starbucks"":18,""Walgreens"":17,""The Home Depot"":17,""CVS"":17,""Shell Oil"":14,""Mobil"":14,""Shaw's"":13,""Stop & Shop"":12,""McDonald's"":12,""Walmart"":11,""Family Dollar Stores"":11,""7-Eleven"":11,""Simon mall"":10,""Marshalls"":10,""Wingstop"":9}","[34,31,32,35,33,32,15,14,17,17,19,19,22,25,17,19,27,34,31,18,14,15,22,32]","{""Monday"":27,""Tuesday"":24,""Wednesday"":19,""Thursday"":29,""Friday"":18,""Saturday"":28,""Sunday"":23}","{""android"":53,""ios"":31}"
21,864,Southie's Own,2127.0,South Boston,southie's own,sg:53506732aa9940d182f58303bc622b1f,Southie's Own,396 W Broadway,Boston,MA,2127,,,2020-03-01T00:00:00-05:00,2020-04-01T00:00:00-04:00,122,51,"[5,5,5,2,3,6,5,3,4,5,3,5,6,8,4,8,4,9,1,4,0,2,4,4,0,3,4,2,2,3,3]",250250606001.0,"{""250250607001"":5,""250277305002"":4,""250173507003"":4,""250250915001"":4,""250250907004"":4,""250214176011"":4}","{""250250607001"":5,""250250805001"":4,""250235309011"":4,""250250603011"":4,""250214179012"":4,""250092507003"":4,""250250915001"":4,""250214178011"":4,""250250606001"":4,""250173501031"":4,""250214198002"":4}","{""250056131003"":4,""250250903002"":4}","{""US"":49}",10330.0,53.0,"{""<5"":3,""5-20"":32,""21-60"":30,""61-240"":17,"">240"":40}","{""Dunkin'"":49}","{""Dunkin'"":68,""Stop & Shop"":37,""CVS"":37,""Loyal Companion"":22,""7-Eleven"":21,""Starbucks"":20,""Cumberland Farms"":19,""Market Basket"":17,""BJ's Wholesale Club"":17,""Simon mall"":16,""Mobil"":16,""Subway"":14,""Speedway"":14,""McDonald's"":14,""Ocean State Job Lot"":14,""sweetgreen"":14,""The Home Depot"":13,""Dollar Tree"":13,""Chipotle Mexican Grill"":12,""Walgreens"":12}","[32,30,30,30,30,30,30,38,21,16,19,20,26,22,18,17,19,15,8,5,8,5,25,31]","{""Monday"":24,""Tuesday"":21,""Wednesday"":14,""Thursday"":12,""Friday"":20,""Saturday"":15,""Sunday"":16}","{""android"":30,""ios"":26}"
22,890,Sunny Florists,2127.0,South Boston,sunny florists,sg:48c1e56da4554d739937c486a157b8aa,Sunny Florists,9 W Broadway # R123,Boston,MA,2127,,,2020-03-01T00:00:00-05:00,2020-04-01T00:00:00-04:00,274,167,"[8,17,17,12,16,15,6,8,14,16,11,17,9,6,3,2,6,7,3,10,1,3,13,13,7,10,6,3,2,6,7]",250250612001.0,"{""250250612001"":9,""250173311011"":5,""360290131023"":5,""250251010022"":5,""250250813001"":4,""250214192001"":4,""250250608004"":4,""250235202013"":4,""250250907003"":4,""250235091024"":4,""250250607001"":4,""250250108011"":4,""500259673001"":4,""250250610001"":4,""250250909012"":4,""250277324004"":4,""250251708002"":4,""250251304022"":4,""250214133001"":4,""250235021014"":4,""250214180041"":4,""250250712011"":4,""250251804002"":4,""250250608002"":4,""250092070002"":4}","{""250250612001"":12,""250250709002"":4,""250235411001"":4,""250250907001"":4,""250214121003"":4,""250250818001"":4,""250173311011"":4,""250056304001"":4,""250056122003"":4,""250173511005"":4,""250235421011"":4,""250250608004"":4,""250250606001"":4,""250251005002"":4,""250250801001"":4,""250214412021"":4,""250250804012"":4,""250250607001"":4,""500259673001"":4,""250250920003"":4,""250250502003"":4,""250235202013"":4,""250250806013"":4,""330110028003"":4}","{""250250612001"":7,""250173572002"":4,""250250303001"":4,""250250107023"":4,""250056513001"":4,""250173161024"":4,""250250701011"":4}","{""US"":139}",7603.0,11.0,"{""<5"":17,""5-20"":156,""21-60"":55,""61-240"":38,"">240"":8}","{""Market Basket"":14,""LA Fitness"":12,""True Value Hardware"":7,""Starbucks"":5}","{""Dunkin'"":38,""Stop & Shop"":28,""Starbucks"":28,""sweetgreen"":20,""CVS"":20,""Market Basket"":18,""Mobil"":14,""Loyal Companion"":13,""Speedway"":11,""7-Eleven"":11,""McDonald's"":10,""The Home Depot"":9,""CrossFit"":9,""Cambria Suites"":8,""Shell Oil"":8,""Gulf Oil"":7,""Subway"":7,""Dollar Tree"":7,""Sunoco"":7,""Walgreens"":7}","[27,15,5,12,19,20,24,25,28,35,22,20,19,25,29,14,7,17,10,11,10,15,18,25]","{""Monday"":52,""Tuesday"":59,""Wednesday"":37,""Thursday"":46,""Friday"":40,""Saturday"":16,""Sunday"":24}","{""android"":83,""ios"":82}"
23,907,Taqueria Jalisco,2128.0,East Boston,taqueria jalisco,sg:153fb471efec4b0fbed7cf1abf158bc2,Taqueria Jalisco,291 Bennington St,Boston,MA,2128,,,2020-03-01T00:00:00-05:00,2020-04-01T00:00:00-04:00,50,47,"[3,3,2,7,3,1,0,1,2,4,2,2,2,2,0,2,1,1,2,2,0,1,0,1,2,0,0,1,2,0,1]",250250509011.0,"{""250250509011"":6,""250214182004"":4,""250251704001"":4,""250250503001"":4,""250259813002"":4,""440070182001"":4,""250250510001"":4,""250251702001"":4}","{""250250511012"":7,""250251702001"":4,""250251701007"":4,""250250509011"":4,""250173162021"":4,""250214197001"":4,""250214422023"":4,""250250501012"":4}",{},"{""US"":40}",3732.0,41.0,"{""<5"":1,""5-20"":17,""21-60"":14,""61-240"":12,"">240"":6}","{""BP"":33}","{""Dunkin'"":50,""Market Basket"":32,""CVS"":23,""McDonald's"":20,""Burger King"":20,""Walgreens"":18,""T.J. Maxx"":18,""Stop & Shop"":17,""Target"":15,""The Home Depot"":15,""BJ's Wholesale Club"":14,""Mobil"":13,""Walmart"":13,""Starbucks"":12,""Pollo Campero"":11,""7-Eleven"":11,""PriceRite"":11,""Dollar Tree"":10,""YMCA"":10,""Ford Motor Company"":10}","[6,6,7,7,8,8,7,9,8,9,10,6,8,6,14,10,5,6,4,2,3,5,5,5]","{""Monday"":7,""Tuesday"":9,""Wednesday"":12,""Thursday"":7,""Friday"":5,""Saturday"":3,""Sunday"":7}","{""android"":28,""ios"":18}"
24,909,Tawakal Halal Cafe,2128.0,East Boston,tawakal halal cafe,sg:1a2a581a9f57482fa7ec77bd4445d355,Tawakal Halal Cafe,389 Maverick St,Boston,MA,2128,,,2020-03-01T00:00:00-05:00,2020-04-01T00:00:00-04:00,461,198,"[15,25,22,18,30,28,21,22,14,24,14,29,23,11,14,11,18,17,17,12,8,3,17,7,9,8,5,1,3,9,6]",250250512002.0,"{""250250907001"":6,""250250810012"":5,""250250902003"":4,""250250506002"":4,""484391113122"":4,""330170805003"":4,""250173184001"":4,""250235431002"":4,""330150640001"":4,""250250919001"":4,""440070161004"":4,""250277092013"":4,""250251707012"":4,""250250512002"":4,""250251703003"":4,""250173851002"":4,""171978811052"":4,""250138016014"":4,""250277521001"":4,""250259813002"":4,""250250920004"":4,""250250817003"":4,""250092081023"":4,""250173373004"":4,""250250813003"":4,""131210103041"":4,""250277312032"":4,""250173224002"":4,""250214231005"":4,""120950148081"":4,""250250512003"":4,""250250917001"":4,""250092108003"":4,""250251004001"":4,""250250501011"":4,""250173741003"":4,""230110140002"":4,""250173411023"":4,""250092532033"":4,""250251006011"":4}","{""250259813002"":14,""250214061011"":6,""230110140002"":4,""250250702003"":4,""250235309013"":4,""250056002033"":4,""330170805003"":4,""250173686004"":4,""250173399001"":4,""250250106002"":4,""250250203032"":4,""250092032002"":4,""250173419021"":4,""250010135003"":4,""250173416006"":4,""330112002002"":4,""250251004001"":4,""250138118005"":4,""250251707024"":4,""250235261002"":4,""250092233002"":4,""250277081003"":4,""250056122001"":4,""250173421012"":4,""330110162021"":4,""250092108003"":4,""250250507003"":4,""250250512002"":4}","{""250259813002"":17,""250250919001"":4,""250010139004"":4,""250251601013"":4}","{""US"":190}",18339.0,23.0,"{""<5"":13,""5-20"":200,""21-60"":112,""61-240"":70,"">240"":66}","{""Burger King"":8,""Dunkin'"":8,""Petco"":8,""CVS"":8,""Speedway"":7,""Petro Home Services"":7,""Enterprise Rent-A-Car"":6,""BJ's Wholesale Club"":5}","{""Dunkin'"":46,""Market Basket"":25,""CVS"":24,""Stop & Shop"":23,""McDonald's"":20,""Mobil"":19,""BJ's Wholesale Club"":16,""Shell Oil"":16,""Starbucks"":15,""Speedway"":14,""Subway"":13,""Hilton International"":13,""The Home Depot"":13,""Simon mall"":12,""Wendy's"":11,""Walgreens"":11,""Cumberland Farms"":11,""Target"":11,""Planet Fitness"":10,""7-Eleven"":9}","[21,21,19,20,22,24,38,42,65,65,64,95,100,96,95,84,84,71,56,47,46,40,31,24]","{""Monday"":76,""Tuesday"":77,""Wednesday"":58,""Thursday"":84,""Friday"":68,""Saturday"":41,""Sunday"":57}","{""android"":118,""ios"":78}"
25,910,Tawakal Halal Cafe,2128.0,East Boston,tawakal halal cafe,sg:1a2a581a9f57482fa7ec77bd4445d355,Tawakal Halal Cafe,389 Maverick St,Boston,MA,2128,,,2020-03-01T00:00:00-05:00,2020-04-01T00:00:00-04:00,461,198,"[15,25,22,18,30,28,21,22,14,24,14,29,23,11,14,11,18,17,17,12,8,3,17,7,9,8,5,1,3,9,6]",250250512002.0,"{""250250907001"":6,""250250810012"":5,""250250902003"":4,""250250506002"":4,""484391113122"":4,""330170805003"":4,""250173184001"":4,""250235431002"":4,""330150640001"":4,""250250919001"":4,""440070161004"":4,""250277092013"":4,""250251707012"":4,""250250512002"":4,""250251703003"":4,""250173851002"":4,""171978811052"":4,""250138016014"":4,""250277521001"":4,""250259813002"":4,""250250920004"":4,""250250817003"":4,""250092081023"":4,""250173373004"":4,""250250813003"":4,""131210103041"":4,""250277312032"":4,""250173224002"":4,""250214231005"":4,""120950148081"":4,""250250512003"":4,""250250917001"":4,""250092108003"":4,""250251004001"":4,""250250501011"":4,""250173741003"":4,""230110140002"":4,""250173411023"":4,""250092532033"":4,""250251006011"":4}","{""250259813002"":14,""250214061011"":6,""230110140002"":4,""250250702003"":4,""250235309013"":4,""250056002033"":4,""330170805003"":4,""250173686004"":4,""250173399001"":4,""250250106002"":4,""250250203032"":4,""250092032002"":4,""250173419021"":4,""250010135003"":4,""250173416006"":4,""330112002002"":4,""250251004001"":4,""250138118005"":4,""250251707024"":4,""250235261002"":4,""250092233002"":4,""250277081003"":4,""250056122001"":4,""250173421012"":4,""330110162021"":4,""250092108003"":4,""250250507003"":4,""250250512002"":4}","{""250259813002"":17,""250250919001"":4,""250010139004"":4,""250251601013"":4}","{""US"":190}",18339.0,23.0,"{""<5"":13,""5-20"":200,""21-60"":112,""61-240"":70,"">240"":66}","{""Burger King"":8,""Dunkin'"":8,""Petco"":8,""CVS"":8,""Speedway"":7,""Petro Home Services"":7,""Enterprise Rent-A-Car"":6,""BJ's Wholesale Club"":5}","{""Dunkin'"":46,""Market Basket"":25,""CVS"":24,""Stop & Shop"":23,""McDonald's"":20,""Mobil"":19,""BJ's Wholesale Club"":16,""Shell Oil"":16,""Starbucks"":15,""Speedway"":14,""Subway"":13,""Hilton International"":13,""The Home Depot"":13,""Simon mall"":12,""Wendy's"":11,""Walgreens"":11,""Cumberland Farms"":11,""Target"":11,""Planet Fitness"":10,""7-Eleven"":9}","[21,21,19,20,22,24,38,42,65,65,64,95,100,96,95,84,84,71,56,47,46,40,31,24]","{""Monday"":76,""Tuesday"":77,""Wednesday"":58,""Thursday"":84,""Friday"":68,""Saturday"":41,""Sunday"":57}","{""android"":118,""ios"":78}"
26,941,The Quiet Few,2128.0,East Boston,the quiet few,sg:934083f1c8824bb28ad45b41b82a2797,The Quiet Few,331 Sumner St,Boston,MA,2128,,,2020-03-01T00:00:00-05:00,2020-04-01T00:00:00-04:00,124,63,"[1,5,3,2,10,2,9,4,4,2,2,4,4,5,2,7,9,5,4,5,3,4,6,1,6,1,4,1,2,3,4]",250250504002.0,"{""250250512003"":9,""270531112003"":4,""250250504002"":4,""250092101001"":4,""250251606011"":4,""250250506002"":4,""250173549002"":4,""250250512002"":4,""250250511011"":4,""250056139023"":4,""250250509013"":4}","{""250250512003"":7,""250173394001"":6,""250056139023"":4,""250250506002"":4,""330151002001"":4,""250250511011"":4,""250251606011"":4,""250250504002"":4}","{""250251706014"":4,""250235451002"":4,""250214003001"":4}","{""US"":52}",3461.0,108.5,"{""<5"":5,""5-20"":21,""21-60"":19,""61-240"":27,"">240"":52}","{""Bertucci's"":50,""sweetgreen"":12}","{""Dunkin'"":34,""Market Basket"":20,""Starbucks"":17,""Mobil"":16,""Burger King"":15,""Stop & Shop"":14,""McDonald's"":12,""Walgreens"":12,""The Home Depot"":11,""CVS"":11,""Target"":8,""Shaw's"":8,""Cumberland Farms"":8,""Subway"":7,""T.J. Maxx"":7,""Pollo Campero"":6,""Pret A Manger"":6,""sweetgreen"":6,""Edible Arrangements"":6,""Trader Joe's"":6}","[44,43,44,43,43,43,45,47,44,43,41,42,46,44,44,40,35,38,35,36,43,48,44,42]","{""Monday"":25,""Tuesday"":19,""Wednesday"":15,""Thursday"":19,""Friday"":15,""Saturday"":18,""Sunday"":13}","{""android"":33,""ios"":30}"
27,973,Tu Metapan Restaurant,2128.0,East Boston,tu metapan restaurant,sg:f3952522e13a4febb02cdbed43d6f508,Tu Metapan Restaurant,295 Bennington St,Boston,MA,2128,,,2020-03-01T00:00:00-05:00,2020-04-01T00:00:00-04:00,57,50,"[2,2,1,1,4,3,6,0,3,2,1,5,3,2,1,0,0,3,0,2,2,2,2,1,0,3,0,2,1,3,0]",250250509011.0,"{""440030210011"":5,""250250509012"":4,""250250509011"":4,""250250502004"":4,""361059518005"":4,""250251606011"":4}","{""250277441011"":4,""250251606011"":4,""250251606024"":4,""250250505001"":4,""250092069002"":4,""250092055001"":4,""250250701011"":4,""250250509011"":4,""250251706011"":4,""250250507002"":4,""440030210011"":4,""250250502004"":4,""250251604002"":4}","{""250092112002"":4}","{""US"":42}",3451.0,21.0,"{""<5"":2,""5-20"":26,""21-60"":16,""61-240"":9,"">240"":4}","{""It'sugar"":50,""Staples"":50}","{""Dunkin'"":51,""Market Basket"":42,""Burger King"":30,""McDonald's"":30,""Target"":30,""CVS"":23,""Mobil"":22,""Wendy's"":22,""Stop & Shop"":21,""Subway"":18,""Speedway"":18,""Shaw's"":18,""The Home Depot"":17,""BJ's Wholesale Club"":17,""Pollo Campero"":14,""Walgreens"":13,""Shell Oil"":12,""Family Dollar Stores"":11,""Walmart"":11,""T.J. Maxx"":11}","[5,3,4,3,3,2,5,4,4,4,5,10,8,7,7,5,7,11,6,6,8,10,10,6]","{""Monday"":10,""Tuesday"":4,""Wednesday"":5,""Thursday"":12,""Friday"":8,""Saturday"":12,""Sunday"":6}","{""android"":21,""ios"":19}"
28,1073,chinese dragon,2128.0,East Boston,chinese dragon,sg:51040e76fd124501b785fe088c966c2d,Chinese Dragon,380 Chelsea St,Boston,MA,2128,,,2020-03-01T00:00:00-05:00,2020-04-01T00:00:00-04:00,142,75,"[9,4,8,5,4,5,6,7,2,6,4,3,9,5,6,3,3,7,2,4,3,5,2,1,1,5,8,2,5,4,4]",250250509011.0,"{""250250510001"":4,""250251703003"":4,""250251604002"":4,""250251705022"":4,""250214196004"":4,""250092021022"":4,""330130310012"":4,""250250509011"":4,""250250506001"":4,""250092508005"":4,""250250007013"":4,""250173413002"":4,""250250506002"":4,""250250509012"":4,""250235113014"":4}","{""250250509011"":7,""250250509012"":5,""250250506001"":4,""250092021022"":4,""250250501011"":4,""250092508005"":4,""250250007013"":4,""330130310012"":4,""250173514044"":4,""250251703003"":4,""250092066002"":4,""250251705011"":4}","{""250250504001"":4,""250259813002"":4,""250092213002"":4}","{""US"":67}",3809.0,33.5,"{""<5"":4,""5-20"":49,""21-60"":34,""61-240"":27,"">240"":28}","{""Dunkin'"":24,""Courtyard by Marriott"":14}","{""Dunkin'"":40,""Market Basket"":29,""Mobil"":26,""McDonald's"":22,""Subway"":20,""Burger King"":19,""BJ's Wholesale Club"":18,""Shaw's"":16,""CVS"":15,""Walgreens"":15,""The Home Depot"":14,""Shell Oil"":13,""Stop & Shop"":13,""Starbucks"":13,""Pollo Campero"":12,""Wingstop"":12,""Target"":10,""Walmart"":9,""Speedway"":9,""Dollar Tree"":9}","[26,25,31,17,13,13,17,19,20,27,32,35,29,31,19,20,23,20,17,13,19,24,24,28]","{""Monday"":15,""Tuesday"":22,""Wednesday"":17,""Thursday"":14,""Friday"":26,""Saturday"":16,""Sunday"":32}","{""android"":45,""ios"":35}"
29,1077,Pockets Billiard Club,2128.0,East Boston,pockets billiard club,sg:dd6d92bfd75c4351b76525f503aea580,Pockets Billiard Club,981 Bennington St,Boston,MA,2128,,,2020-03-01T00:00:00-05:00,2020-04-01T00:00:00-04:00,122,90,"[3,7,8,5,7,9,6,7,1,4,2,2,8,4,1,7,3,4,2,8,3,3,2,2,3,2,1,2,1,2,3]",250250511011.0,"{""250250510003"":7,""250250503001"":4,""250251801011"":4,""250251705011"":4,""250173543001"":4,""250092062003"":4,""250251801013"":4,""250250511013"":4,""250251605012"":4,""250250502004"":4,""250092682001"":4,""250214181021"":4,""250251707011"":4,""250250511011"":4,""250251606011"":4,""250250503002"":4,""250250502001"":4,""250250511014"":4}","{""250250511011"":7,""250251801013"":5,""250173421024"":4,""250250511013"":4,""250092051004"":4,""250250507002"":4,""250251703002"":4,""250010144022"":4,""250250502001"":4,""250250501013"":4,""250251705011"":4,""250251803014"":4,""250250503002"":4,""250251605021"":4,""250250510002"":4,""250251708002"":4,""250251707024"":4}","{""250173311012"":4,""250250509011"":4,""250092071003"":4,""440070169001"":4,""250250104051"":4}","{""US"":84}",2844.0,39.5,"{""<5"":1,""5-20"":34,""21-60"":45,""61-240"":33,"">240"":9}","{""Subway"":32,""Get Air"":20,""Kohl's"":20,""Ten Thousand Villages"":12}","{""Dunkin'"":54,""Market Basket"":34,""Burger King"":21,""Stop & Shop"":21,""7-Eleven"":20,""McDonald's"":19,""Mobil"":18,""CVS"":18,""Starbucks"":17,""Subway"":16,""Planet Fitness"":15,""Sunoco"":13,""BJ's Wholesale Club"":12,""The Home Depot"":11,""CrossFit"":10,""sweetgreen"":10,""Target"":9,""Family Dollar Stores"":9,""Walgreens"":9,""Dollar Tree"":9}","[5,5,4,2,2,2,6,10,6,11,15,16,22,30,25,21,18,18,18,14,17,10,8,8]","{""Monday"":19,""Tuesday"":20,""Wednesday"":14,""Thursday"":13,""Friday"":26,""Saturday"":15,""Sunday"":15}","{""android"":44,""ios"":43}"
30,1085,Mi Pueblito Orient Heights,2128.0,East Boston,mi pueblito orient heights,sg:a12947c4da7e44ec9a7f3d307e0fb17f,Mi Pueblito Orient Heights,964 Saratoga St,Boston,MA,2128,,,2020-03-01T00:00:00-05:00,2020-04-01T00:00:00-04:00,71,63,"[8,1,0,0,8,3,6,10,1,1,1,3,2,6,4,1,1,4,1,2,1,1,0,0,1,1,3,1,0,0,0]",250250510002.0,"{""250250511011"":6,""250251805001"":4,""250173414004"":4,""250251704001"":4,""250250503002"":4,""250250510001"":4,""330151002001"":4,""250092114011"":4,""120110106073"":4,""250250510003"":4}","{""250251804001"":5,""250251704003"":4,""250251706011"":4,""330110123004"":4,""250092532042"":4,""250250511011"":4,""250250507002"":4,""250250510002"":4,""250251606021"":4}","{""250214223023"":4,""250250107013"":4}","{""US"":56}",3190.0,40.0,"{""<5"":5,""5-20"":18,""21-60"":24,""61-240"":23,"">240"":1}",{},"{""Dunkin'"":53,""Market Basket"":40,""CVS"":27,""Starbucks"":23,""Target"":22,""Stop & Shop"":22,""BJ's Wholesale Club"":20,""McDonald's"":17,""Subway"":16,""Burger King"":15,""Mobil"":14,""The Home Depot"":13,""Walgreens"":12,""Planet Fitness"":10,""Shaw's"":9,""7-Eleven"":9,""Shell Oil"":8,""Dollar Tree"":8,""TownePlace Suites by Marriott"":8,""sweetgreen"":8}","[2,2,0,0,2,1,1,2,1,1,2,7,9,12,13,6,12,12,11,6,8,9,8,3]","{""Monday"":3,""Tuesday"":2,""Wednesday"":6,""Thursday"":13,""Friday"":10,""Saturday"":14,""Sunday"":23}","{""android"":28,""ios"":37}"
31,1168,Cricket Wireless,2128.0,East Boston,cricket wireless,sg:b1c2002663fd4a9fb13b8734bb00bb2b,Cricket Wireless,82 Essex St,Boston,MA,2111,SG_BRAND_247184f5fcf8c0afea1291676dc6df8f,Cricket Wireless,2020-03-01T00:00:00-05:00,2020-04-01T00:00:00-04:00,34,26,"[3,8,1,0,0,4,4,0,2,2,1,1,0,1,0,0,0,1,2,0,1,0,1,0,1,0,0,1,0,0,0]",250250701018.0,"{""250092232002"":6,""250277601001"":4,""250173417002"":4,""250173851001"":4,""250214181012"":4,""250056134002"":4}","{""250250701018"":4,""250250701013"":4,""250056134002"":4,""200910525041"":4,""250173417002"":4,""250092232002"":4,""250277601001"":4}","{""250250701018"":4}","{""US"":22}",28126.0,155.5,"{""<5"":1,""5-20"":6,""21-60"":0,""61-240"":18,"">240"":9}","{""Costco Wholesale Corp."":49}","{""Dunkin'"":39,""sweetgreen"":31,""CVS"":22,""McDonald's"":15,""Starbucks"":12,""Westin Hotels & Resorts"":11,""Stop & Shop"":11,""Staples"":11,""BJ's Wholesale Club"":11,""Family Dollar Stores"":8,""Legal Sea Foods"":8,""Papa Gino's"":8,""Century 21 Real Estate"":8,""Bruegger's"":8,""Restaurant Depot"":8,""Market Basket"":8,""DoubleTree by Hilton"":8,""Embassy Suites Hotels"":8,""The Salvation Army"":7,""Wendy's"":7}","[7,3,4,3,1,1,0,6,10,9,12,14,12,13,10,4,2,0,0,3,5,7,5,3]","{""Monday"":11,""Tuesday"":3,""Wednesday"":3,""Thursday"":3,""Friday"":4,""Saturday"":7,""Sunday"":3}","{""android"":9,""ios"":18}"
32,1263,Ana's Beauty Salon,2128.0,East Boston,ana's beauty salon,sg:7af003320e4a41efa414a1f8a8678ccd,Ana's Beauty Salon,149 Bennington St,Boston,MA,2128,,,2020-03-01T00:00:00-05:00,2020-04-01T00:00:00-04:00,11,5,"[1,0,0,0,0,0,2,0,1,0,1,1,1,0,0,1,1,1,0,0,0,0,0,1,0,0,0,0,0,0,0]",250250507002.0,{},"{""250250507002"":4}",{},"{""US"":6}",2247.0,119.0,"{""<5"":0,""5-20"":1,""21-60"":2,""61-240"":5,"">240"":3}",{},"{""Market Basket"":80,""Dunkin'"":77,""McDonald's"":68,""Mobil"":58,""Burger King"":56,""CVS"":55,""Starbucks"":53,""T.J. Maxx"":39,""7-Eleven"":38,""Walgreens"":35,""Walmart"":21,""La Verde's Market"":20,""Room & Board"":20,""Boloco"":20,""Sal's Pizza"":20,""Expressions Shoes "":20,""Honey Dew Donuts"":20,""Monkey Joe's"":20,""Laser Quest"":20,""Town Fair Tire"":20}","[0,0,0,0,0,0,0,0,2,2,4,4,7,6,5,6,6,1,1,0,0,0,0,0]","{""Monday"":2,""Tuesday"":2,""Wednesday"":2,""Thursday"":1,""Friday"":1,""Saturday"":2,""Sunday"":1}","{""android"":6,""ios"":4}"
33,1376,The Kenmore,2215.0,Boston,the kenmore,sg:0cf6c6cd344146098ca93ae5ac155153,The Kenmore,476 Commonwealth Ave,Boston,MA,2215,,,2020-03-01T00:00:00-05:00,2020-04-01T00:00:00-04:00,45,38,"[0,0,3,1,1,2,2,1,2,2,0,2,2,7,2,2,1,3,2,2,1,0,0,3,0,1,1,0,1,0,1]",250250101043.0,"{""250214162006"":5,""250250101043"":4,""250250101042"":4,""120570023003"":4,""250214009002"":4,""250250501013"":4,""250235452001"":4,""250250104032"":4,""250277315002"":4}","{""250173731005"":4,""250235031026"":4,""250214162006"":4,""250250101043"":4,""120570051011"":4,""240317012101"":4,""090116601021"":4,""250214044005"":4}","{""250250102043"":4,""250173531022"":4}","{""US"":36}",8059.0,28.0,"{""<5"":0,""5-20"":19,""21-60"":11,""61-240"":13,"">240"":2}","{""Qdoba Mexican Grill"":50,""CrossFit"":33}","{""Dunkin'"":47,""Starbucks"":22,""McDonald's"":20,""Market Basket"":18,""Target"":17,""Burger King"":17,""7-Eleven"":16,""Chipotle Mexican Grill"":14,""Mobil"":14,""Stop & Shop"":13,""Shell Oil"":13,""Sunoco"":11,""CVS"":11,""Star Market"":11,""Victoria's Secret"":10,""sweetgreen"":10,""Au Bon Pain"":10,""Walgreens"":10,""Qdoba Mexican Grill"":10,""Whole Foods Market"":10}","[1,1,0,0,0,0,3,0,0,1,5,7,11,12,8,4,6,5,6,1,3,6,4,7]","{""Monday"":4,""Tuesday"":10,""Wednesday"":4,""Thursday"":6,""Friday"":7,""Saturday"":10,""Sunday"":4}","{""android"":15,""ios"":22}"
