,Unnamed: 0,Business Name,Business Zip Code,Neighborhood,name_lower,safegraph_place_id,location_name,street_address,city,region,postal_code,safegraph_brand_ids,brands,date_range_start,date_range_end,raw_visit_counts,raw_visitor_counts,visits_by_day,poi_cbg,visitor_home_cbgs,visitor_daytime_cbgs,visitor_work_cbgs,visitor_country_of_origin,distance_from_home,median_dwell,bucketed_dwell_times,related_same_day_brand,related_same_month_brand,popularity_by_hour,popularity_by_day,device_type
0,93,Biddy Hair Salon,2128.0,East Boston,biddy hair salon,sg:034a50053bbf4751b4f5de195c214e02,Biddy Hair Salon,273 Meridian St,Boston,MA,2128,,,2020-07-01T00:00:00-04:00,2020-08-01T00:00:00-04:00,4,3,"[0,0,0,0,0,0,0,0,2,0,1,0,0,0,0,0,0,0,0,0,0,0,0,0,1,0,0,0,0,0,0]",250250502001.0,{},{},{},"{""US"":5}",,45.0,"{""<5"":0,""5-20"":1,""21-60"":1,""61-240"":2,"">240"":0}","{""The Home Depot"":99}","{""Dunkin'"":63,""The Home Depot"":61,""Subway"":61,""Rexel"":33,""Loyal Companion"":33,""EagleRider"":33,""Hyatt Regency"":33,""Shaw's"":33,""Market Basket"":33,""Wegmans Food Markets"":33,""BJ's Wholesale Club"":33,""Advance Auto Parts"":32,""Texas Roadhouse"":32,""Panera Bread"":32,""PetSmart"":32,""CVS"":29,""Sonic"":29,""Target"":26,""Starbucks"":26,""Shell Oil"":26}","[0,0,0,0,0,0,0,0,0,0,1,1,0,0,0,2,2,1,0,0,0,0,0,0]","{""Monday"":0,""Tuesday"":0,""Wednesday"":0,""Thursday"":2,""Friday"":0,""Saturday"":2,""Sunday"":0}","{""android"":0,""ios"":4}"
1,162,buco trattoria,2210.0,South Boston Waterfront,buco trattoria,sg:30606d85e3d64bb0b39eec1c60208a02,Buco Trattoria,300 Summer St,Boston,MA,2210,,,2020-07-01T00:00:00-04:00,2020-08-01T00:00:00-04:00,34,22,"[2,1,0,0,1,1,1,0,1,2,0,0,3,3,2,1,1,1,0,2,0,2,2,2,0,0,0,2,2,1,1]",250250606001.0,"{""250214177023"":4,""250250304002"":4}","{""250092114022"":4,""250092105002"":4,""250214161012"":4,""250214123002"":4,""250251001001"":4}",{},"{""US"":21}",14348.0,64.5,"{""<5"":5,""5-20"":7,""21-60"":4,""61-240"":6,"">240"":12}","{""Trader Joe's"":33}","{""Dunkin'"":60,""sweetgreen"":36,""The Home Depot"":35,""Shell Oil"":33,""Speedway"":29,""Starbucks"":29,""McDonald's"":18,""Cumberland Farms"":18,""Walgreens"":17,""Mobil"":16,""Target"":15,""Legal Sea Foods"":14,""Mastro's Restaurants"":14,""Loyal Companion"":14,""A.C. Moore"":14,""Market Basket"":14,""Burger King"":13,""Residence Inn by Marriott"":13,""Dollar Tree"":13,""Stop & Shop"":13}","[2,1,1,2,1,0,0,11,13,12,14,16,12,10,9,6,2,2,1,1,1,4,3,1]","{""Monday"":6,""Tuesday"":6,""Wednesday"":8,""Thursday"":6,""Friday"":6,""Saturday"":1,""Sunday"":1}","{""android"":17,""ios"":10}"
2,202,Chickadee,2210.0,South Boston Waterfront,chickadee,sg:6d82cc83e94f451f8967b528a668d940,Chickadee,21 Drydock Ave,Boston,MA,2210,,,2020-07-01T00:00:00-04:00,2020-08-01T00:00:00-04:00,183,61,"[8,5,3,2,1,3,8,6,12,6,2,1,9,11,16,7,8,1,1,6,9,9,6,8,7,1,2,2,10,10,3]",250259812021.0,"{""250173332001"":5,""250092651022"":4,""250214042012"":4,""250092525021"":4,""340130218033"":4,""250251104011"":4,""250235001041"":4}","{""250173851003"":6,""250110414002"":6,""250235442002"":5,""250092651022"":4,""250251704001"":4,""250092033022"":4,""250259812021"":4,""250092062003"":4,""250173372022"":4,""250010132003"":4,""250092525021"":4,""250173632023"":4}",{},"{""US"":49}",21313.0,108.0,"{""<5"":2,""5-20"":23,""21-60"":34,""61-240"":77,"">240"":47}","{""Get Air"":25}","{""Dunkin'"":36,""sweetgreen"":23,""CrossFit"":19,""Mobil"":17,""Stop & Shop"":16,""The Home Depot"":15,""T.J. Maxx"":13,""CITGO"":10,""Market Basket"":10,""Irving Oil"":10,""99 Restaurants"":8,""Cumberland Farms"":8,""Whole Foods Market"":8,""Courtyard by Marriott"":8,""Gulf Oil"":8,""7-Eleven"":7,""Shell Oil"":7,""Ace Hardware"":7,""Burger King"":7,""Legal Sea Foods"":7}","[0,0,0,0,0,4,21,38,39,51,57,71,84,66,45,43,40,35,26,19,14,9,5,1]","{""Monday"":20,""Tuesday"":30,""Wednesday"":49,""Thursday"":40,""Friday"":28,""Saturday"":12,""Sunday"":4}","{""android"":30,""ios"":32}"
3,233,Covet,2127.0,South Boston,covet,sg:e44fc887cac5495195d4b267e6955a13,Covet,391 W Broadway,Boston,MA,2127,,,2020-07-01T00:00:00-04:00,2020-08-01T00:00:00-04:00,32,27,"[2,2,1,0,0,2,1,2,1,1,3,0,0,1,0,0,1,1,3,2,0,0,0,0,1,2,1,1,2,0,2]",250250608003.0,"{""250214178015"":4,""250250817002"":4,""250250820001"":4,""250250813002"":4,""250092105003"":4,""250056141013"":4,""250214164006"":4,""250250907002"":4}","{""250250907003"":4,""250214042022"":4,""250250606001"":4,""250235061011"":4,""440070008001"":4}",{},"{""US"":20}",9755.0,32.5,"{""<5"":0,""5-20"":9,""21-60"":14,""61-240"":9,"">240"":0}",{},"{""Dunkin'"":45,""Target"":37,""Loyal Companion"":30,""Market Basket"":26,""Stop & Shop"":25,""Starbucks"":18,""BJ's Wholesale Club"":18,""CVS"":18,""The Home Depot"":16,""Cumberland Farms"":15,""Mobil"":12,""McDonald's"":12,""sweetgreen"":11,""Ocean State Job Lot"":11,""Edible Arrangements"":11,""Wegmans Food Markets"":11,""Old Navy"":11,""Marshalls"":10,""Petco"":10,""Applebee's"":10}","[0,0,0,0,0,0,1,3,2,4,5,6,8,8,8,7,1,2,3,2,1,1,1,0]","{""Monday"":5,""Tuesday"":3,""Wednesday"":6,""Thursday"":3,""Friday"":5,""Saturday"":5,""Sunday"":5}","{""android"":9,""ios"":18}"
4,301,Drydock Cafe,2210.0,South Boston,drydock cafe,sg:5127581f66df4a8c8eac090669e06335,Drydock Cafe,7 Drydock Ave,Boston,MA,2210,,,2020-07-01T00:00:00-04:00,2020-08-01T00:00:00-04:00,110,40,"[4,5,2,0,0,4,6,4,6,3,0,1,3,7,5,5,7,3,0,2,4,3,5,4,1,1,4,5,4,6,6]",250259812021.0,"{""250173578004"":8,""250214201004"":4,""090012110002"":4,""250250916002"":4,""250235051011"":4,""250250904002"":4,""250235105032"":4,""250235221012"":4}","{""120830026023"":10,""250173748002"":7,""250235105032"":5,""250259812021"":5,""250010138001"":4,""080690025012"":4,""250250916002"":4,""440070018004"":4,""250251707025"":4,""090012110002"":4,""400272023012"":4}",{},"{""US"":35}",15968.0,281.5,"{""<5"":4,""5-20"":14,""21-60"":14,""61-240"":20,"">240"":58}","{""Mobil"":25,""Dollar Tree"":19}","{""Dunkin'"":29,""Mobil"":23,""Starbucks"":22,""Stop & Shop"":20,""CVS"":18,""Market Basket"":17,""Sunoco"":15,""Target"":13,""Shell Oil"":12,""sweetgreen"":12,""The Home Depot"":12,""Gulf Oil"":10,""AutoZone"":8,""T.J. Maxx"":8,""Speedway"":8,""Shaw's"":7,""True Value Hardware"":7,""Lowe's"":7,""Toyota"":7,""BJ's Wholesale Club"":7}","[3,1,1,1,0,6,8,21,54,62,69,69,73,62,56,32,34,10,7,8,9,4,3,3]","{""Monday"":13,""Tuesday"":22,""Wednesday"":20,""Thursday"":27,""Friday"":22,""Saturday"":4,""Sunday"":2}","{""android"":26,""ios"":14}"
5,303,Eagle Hill Cafe,2128.0,East Boston,eagle hill cafe,sg:42f881d1a5b34823977df97bd5656cc4,Eagle Hill Cafe,1 Marion St,Boston,MA,2128,,,2020-07-01T00:00:00-04:00,2020-08-01T00:00:00-04:00,473,159,"[13,13,12,5,15,19,13,15,18,14,8,10,14,22,13,11,16,28,11,14,25,17,14,22,14,19,13,25,10,13,17]",250250501013.0,"{""250250501011"":17,""250092072001"":9,""250250501012"":8,""250250501013"":7,""250251605012"":6,""250250509011"":5,""250250503002"":4,""361031462011"":4,""250251606021"":4,""090091503001"":4,""250251606011"":4,""250092062003"":4,""090035106003"":4,""250092610003"":4,""250092051001"":4,""250251604002"":4,""250092055002"":4,""250173745004"":4,""250277329015"":4,""250092059001"":4,""250250509012"":4,""250250507003"":4,""250250507001"":4}","{""250250501011"":15,""250250501012"":8,""250250502001"":5,""250251702002"":4,""250092051001"":4,""250092072001"":4,""250250511013"":4,""250092515004"":4,""250250509011"":4,""250235422002"":4,""250173416001"":4,""250250503002"":4,""250250502003"":4,""250250501013"":4,""250251606021"":4,""250251704002"":4,""250250504001"":4,""250214181022"":4,""250251304061"":4,""250250203032"":4,""250092532032"":4}",{},"{""US"":129}",2045.0,49.0,"{""<5"":8,""5-20"":142,""21-60"":112,""61-240"":122,"">240"":89}","{""Market Basket"":23,""Dunkin'"":19,""Target"":16,""PriceRite"":8,""Planet Fitness"":7,""Mercedes Benz"":6,""Loyal Companion"":6,""Sally Beauty Supply"":5}","{""Dunkin'"":37,""Mobil"":28,""Market Basket"":20,""Burger King"":20,""The Home Depot"":19,""McDonald's"":18,""Shaw's"":18,""CVS"":15,""7-Eleven"":15,""Stop & Shop"":13,""Speedway"":13,""BJ's Wholesale Club"":13,""Walgreens"":11,""Subway"":10,""Target"":10,""Dollar Tree"":10,""Marshalls"":9,""Shell Oil"":9,""Wendy's"":8,""Loyal Companion"":8}","[75,67,68,70,72,71,68,70,72,86,97,100,110,119,99,87,88,95,86,70,69,89,86,79]","{""Monday"":60,""Tuesday"":85,""Wednesday"":68,""Thursday"":69,""Friday"":81,""Saturday"":55,""Sunday"":55}","{""android"":94,""ios"":64}"
6,304,East side hair salon,2128.0,South Boston,east side hair salon,sg:f41aa1df974a479c9c51153f03cc9b3c,East Side Hair Salon,92 P St,Boston,MA,2127,,,2020-07-01T00:00:00-04:00,2020-08-01T00:00:00-04:00,208,72,"[8,5,5,5,2,3,5,5,10,5,6,7,13,13,6,9,10,7,4,6,9,12,15,10,3,4,9,6,1,4,1]",250250601013.0,"{""250250007012"":4,""250214228002"":4,""250250601014"":4,""250250602002"":4,""250250603013"":4,""250250601013"":4,""250251702001"":4,""170318011003"":4}","{""250250602002"":7,""551010028003"":4,""250214225011"":4,""250173509003"":4,""250214180041"":4,""170318011003"":4,""250251702001"":4,""250250603013"":4,""250251006012"":4,""250214174003"":4,""250250601013"":4}",{},"{""US"":57}",8997.0,106.0,"{""<5"":3,""5-20"":37,""21-60"":40,""61-240"":50,"">240"":78}",{},"{""Dunkin'"":26,""Stop & Shop"":25,""CVS"":18,""Loyal Companion"":15,""7-Eleven"":14,""Cumberland Farms"":9,""Target"":8,""Speedway"":7,""sweetgreen"":7,""Burger King"":6,""Simon mall"":6,""Walgreens"":6,""CITGO"":6,""Ocean State Job Lot"":5,""Market Basket"":5,""The Home Depot"":5,""Courtyard by Marriott"":5,""Trader Joe's"":5}","[41,42,42,41,42,39,44,51,64,67,69,72,83,82,75,66,59,65,56,40,34,41,40,46]","{""Monday"":31,""Tuesday"":33,""Wednesday"":32,""Thursday"":43,""Friday"":31,""Saturday"":21,""Sunday"":17}","{""android"":24,""ios"":44}"
7,305,East Side Yoga and Fitness,2127.0,South Boston,east side yoga and fitness,sg:972439a20287446da346134e01550083,East Side Yoga and Fitness,584 E Broadway,Boston,MA,2127,,,2020-07-01T00:00:00-04:00,2020-08-01T00:00:00-04:00,54,46,"[1,4,3,2,0,1,2,6,2,0,0,0,0,1,0,2,0,0,3,2,2,1,2,0,3,1,2,0,1,9,4]",250250605012.0,"{""250250820001"":4,""250250707001"":4,""250250603011"":4,""250250606001"":4,""250214151011"":4,""250250605012"":4,""250277442005"":4,""250250403003"":4,""250250603013"":4,""250250907001"":4,""250214112002"":4}","{""250250602002"":4,""250250907001"":4,""250214151011"":4,""250092651022"":4,""250250107021"":4,""250251703003"":4}",{},"{""US"":36}",4619.0,42.0,"{""<5"":3,""5-20"":13,""21-60"":17,""61-240"":15,"">240"":6}","{""The Home Depot"":49}","{""Dunkin'"":33,""Stop & Shop"":28,""CVS"":24,""Target"":23,""Starbucks"":23,""Loyal Companion"":17,""Mobil"":15,""Gulf Oil"":15,""McDonald's"":15,""T.J. Maxx"":11,""sweetgreen"":11,""Ocean State Job Lot"":9,""Market Basket"":9,""Speedway"":8,""Residence Inn by Marriott"":8,""Cumberland Farms"":8,""BJ's Wholesale Club"":8,""Petco"":8,""Kohl's"":7,""Equinox Fitness Clubs"":7}","[4,3,3,3,4,3,4,4,5,9,8,8,12,11,12,12,10,11,4,3,7,9,4,4]","{""Monday"":5,""Tuesday"":5,""Wednesday"":9,""Thursday"":19,""Friday"":7,""Saturday"":5,""Sunday"":4}","{""android"":9,""ios"":34}"
8,382,Gray's Hall,2127.0,South Boston,gray's hall,sg:ce3691f6179f43dd8183a44eafb5cf82,Gray's Hall,615 E Broadway,Boston,MA,2127,,,2020-07-01T00:00:00-04:00,2020-08-01T00:00:00-04:00,10,6,"[1,0,0,1,0,0,0,0,1,0,1,0,0,0,0,0,0,0,0,0,1,1,0,0,1,1,1,1,0,0,0]",250250603013.0,"{""250250605012"":4}","{""250250603013"":4}",{},{},,1225.5,"{""<5"":0,""5-20"":0,""21-60"":0,""61-240"":0,"">240"":10}","{""Shake Shack"":100}","{""Btone Fitness"":17,""Shake Shack"":17}","[10,10,10,10,10,10,10,10,10,10,9,8,7,7,7,7,6,5,2,1,7,8,10,10]","{""Monday"":1,""Tuesday"":2,""Wednesday"":2,""Thursday"":1,""Friday"":0,""Saturday"":3,""Sunday"":1}","{""android"":0,""ios"":6}"
9,413,Headquarters Hair Salon,2127.0,South Boston,headquarters hair salon,sg:00885eea2cde4337b90df4c2cfd76481,Headquarters Hair Salon,545 E Broadway,Boston,MA,2127,,,2020-07-01T00:00:00-04:00,2020-08-01T00:00:00-04:00,1,1,"[0,0,0,0,0,0,0,0,0,0,0,1,0,0,0,0,0,0,0,0,0,0,0,0,0,0,0,0,0,0,0]",250250604001.0,{},{},{},"{""US"":4}",,8.0,"{""<5"":0,""5-20"":1,""21-60"":0,""61-240"":0,"">240"":0}",{},"{""BluePearl Veterinary Partners"":100,""The Paper Store"":100,""A.C. Moore"":100,""Wegmans Food Markets"":100,""CVS"":96,""Dollar Tree"":95}","[0,0,0,0,0,0,0,0,0,1,0,0,0,0,0,0,0,0,0,0,0,0,0,0]","{""Monday"":0,""Tuesday"":0,""Wednesday"":0,""Thursday"":0,""Friday"":0,""Saturday"":0,""Sunday"":1}","{""android"":0,""ios"":0}"
10,428,House of Nails,2128.0,East Boston,house of nails,sg:acceb69f66bb485d94d63dbdbb3f77aa,House of Nails,1020 Bennington St,Boston,MA,2128,,,2020-07-01T00:00:00-04:00,2020-08-01T00:00:00-04:00,17,14,"[0,2,0,1,0,1,3,2,1,0,0,1,2,1,0,0,0,0,0,0,0,0,0,0,1,1,0,0,1,0,0]",250250511011.0,"{""250251705022"":4,""250250511012"":4}",{},{},"{""US"":11}",3168.0,8.0,"{""<5"":0,""5-20"":14,""21-60"":1,""61-240"":2,"">240"":0}",{},"{""Dunkin'"":61,""Market Basket"":50,""Burger King"":31,""Get Air"":29,""CVS"":24,""Starbucks"":21,""Stop & Shop"":21,""Dollar Tree"":17,""Wendy's"":16,""Blick Art Materials"":14,""MOOYAH"":14,""Target"":14,""GNC (General Nutrition Centers)"":14,""BJ's Wholesale Club"":14,""Planet Fitness"":13,""T.J. Maxx"":12,""7-Eleven"":12,""Family Dollar Stores"":11,""Costco Wholesale Corp."":11,""Walmart"":9}","[0,0,0,0,0,2,1,0,1,0,1,2,2,2,1,2,4,1,0,1,1,0,2,0]","{""Monday"":3,""Tuesday"":4,""Wednesday"":3,""Thursday"":3,""Friday"":0,""Saturday"":2,""Sunday"":2}","{""android"":9,""ios"":4}"
11,518,L Street Tavern,2127.0,South Boston,l street tavern,sg:d964324e5ab344999abfe34f131112bf,L Street Tavern,658A E 8th St,Boston,MA,2127,,,2020-07-01T00:00:00-04:00,2020-08-01T00:00:00-04:00,112,39,"[3,2,2,2,6,3,5,2,1,5,4,5,2,2,7,3,5,9,2,3,2,6,5,6,5,2,3,2,3,2,3]",250250603012.0,"{""250250602002"":4,""250259812021"":4,""250251007005"":4,""250173742003"":4,""250250605014"":4,""250199505002"":4,""240317012201"":4}","{""250010143001"":5,""250250603012"":4,""360550060004"":4,""250251304024"":4,""250250917003"":4,""250250602001"":4}",{},"{""US"":29}",6362.0,119.0,"{""<5"":1,""5-20"":20,""21-60"":23,""61-240"":22,"">240"":46}",{},"{""Starbucks"":26,""Dunkin'"":25,""Stop & Shop"":17,""CVS"":16,""Burger King"":16,""Target"":16,""Speedway"":16,""The Home Depot"":12,""Loyal Companion"":10,""Shake Shack"":10,""sweetgreen"":10,""Market Basket"":10,""Walgreens"":10,""Best Western"":10,""Simon mall"":8,""T.J. Maxx"":8,""Mobil"":8,""Shell Oil"":8,""7-Eleven"":8,""AC Hotel"":8}","[37,37,36,38,37,37,37,37,30,37,37,36,33,31,31,29,30,31,35,34,28,25,31,32]","{""Monday"":11,""Tuesday"":11,""Wednesday"":21,""Thursday"":13,""Friday"":21,""Saturday"":20,""Sunday"":15}","{""android"":9,""ios"":30}"
12,518,L Street Tavern,2127.0,South Boston,l street tavern,sg:a6c088cb5fe8415e9ee3821993efb284,L Street Tavern,195 L St,Boston,MA,2127,,,2020-07-01T00:00:00-04:00,2020-08-01T00:00:00-04:00,39,26,"[0,1,1,2,0,0,1,1,2,2,0,0,1,2,6,1,2,1,0,0,0,0,1,2,4,3,0,0,0,5,1]",250250603012.0,"{""250214202023"":4,""240317012201"":4,""250250612003"":4,""250250602002"":4}","{""250250604003"":5,""250173103003"":4,""250250603012"":4,""250214180031"":4,""250214191003"":4}",{},"{""US"":21}",5679.0,62.0,"{""<5"":3,""5-20"":11,""21-60"":5,""61-240"":12,"">240"":8}",{},"{""Dunkin'"":39,""Stop & Shop"":26,""Burger King"":22,""Starbucks"":16,""Cumberland Farms"":15,""CVS"":15,""Simon mall"":13,""Speedway"":13,""sweetgreen"":11,""Ocean State Job Lot"":11,""Boston Market"":11,""BJ's Wholesale Club"":11,""Staples"":11,""Ford Motor Company"":11,""Dollar Tree"":10,""Wendy's"":10,""Chipotle Mexican Grill"":10,""KFC"":10,""Sunoco"":9,""McDonald's"":9}","[6,5,5,5,5,5,5,6,7,6,7,7,5,8,7,9,8,12,13,9,4,5,6,6]","{""Monday"":1,""Tuesday"":3,""Wednesday"":7,""Thursday"":10,""Friday"":8,""Saturday"":7,""Sunday"":3}","{""android"":12,""ios"":13}"
13,556,Little Asia Restaurant,2128.0,East Boston,little asia restaurant,sg:c6815256d0c348ac84c9da5467e88b7c,Little Asia Restaurant,991 Bennington St,Boston,MA,2128,,,2020-07-01T00:00:00-04:00,2020-08-01T00:00:00-04:00,95,61,"[1,0,0,1,3,1,1,3,3,5,2,6,4,0,3,6,5,2,4,2,6,2,5,3,2,4,5,6,4,2,4]",250250511011.0,"{""250250511013"":5,""250250108021"":4,""250173425001"":4,""250251601012"":4,""250250512001"":4,""250214081014"":4,""250250504002"":4,""484391109015"":4}","{""250250511013"":5,""250251705022"":4,""250250203011"":4,""250173398022"":4,""250092060002"":4,""360811617003"":4,""250251802002"":4,""250092067001"":4,""484391109015"":4,""250250408012"":4,""250250510003"":4,""250251601012"":4,""250251708003"":4,""250173425001"":4,""250250504002"":4,""250251703001"":4,""250250511011"":4}",{},"{""US"":55}",3309.0,24.0,"{""<5"":5,""5-20"":41,""21-60"":13,""61-240"":31,"">240"":5}","{""Jeep"":20,""Dunkin'"":19}","{""Dunkin'"":49,""Market Basket"":31,""Burger King"":30,""BJ's Wholesale Club"":24,""CVS"":23,""Stop & Shop"":21,""Mobil"":21,""McDonald's"":16,""Target"":16,""Starbucks"":15,""The Home Depot"":14,""Shaw's"":11,""Lowe's"":11,""Speedway"":11,""99 Restaurants"":10,""CrossFit"":9,""Planet Fitness"":9,""Dollar Tree"":8,""Get Air"":8,""Cumberland Farms"":8}","[0,0,0,0,0,1,1,2,4,5,9,9,13,13,12,12,18,15,23,21,12,11,3,1]","{""Monday"":12,""Tuesday"":13,""Wednesday"":13,""Thursday"":16,""Friday"":17,""Saturday"":7,""Sunday"":17}","{""android"":25,""ios"":32}"
14,573,los arrieros,2128.0,East Boston,los arrieros,sg:7df46480c68645d0b9333d4fbd3691f9,Los Arrieros,13 Meridian St,Boston,MA,2128,,,2020-07-01T00:00:00-04:00,2020-08-01T00:00:00-04:00,164,80,"[5,7,6,3,9,2,3,3,6,9,4,8,1,6,6,3,13,5,4,5,7,6,3,8,6,1,7,1,4,3,10]",250250506002.0,"{""250250504002"":4,""330110108004"":4,""250251704003"":4,""250250813003"":4,""250250511013"":4,""250250503001"":4,""250250507003"":4,""250250509011"":4,""250250506002"":4,""250214223023"":4,""250173528002"":4,""250092021023"":4,""250251801013"":4,""250250507001"":4,""250250505001"":4,""250251704002"":4,""250250502004"":4,""250250502001"":4}","{""250250507001"":5,""250250506002"":4,""250250916002"":4,""250251801013"":4,""440070180001"":4,""250250503002"":4,""250251703001"":4,""250251602002"":4,""250173372023"":4,""250214223023"":4,""250250504001"":4,""250251602003"":4,""250250509011"":4,""250250505001"":4,""250251703002"":4,""250250408011"":4,""250250810011"":4,""250250510001"":4}",{},"{""US"":72}",3314.0,83.0,"{""<5"":3,""5-20"":53,""21-60"":19,""61-240"":68,"">240"":21}","{""Dunkin'"":19}","{""Dunkin'"":54,""Market Basket"":39,""Burger King"":30,""BJ's Wholesale Club"":27,""Mobil"":25,""The Home Depot"":23,""Subway"":23,""Shaw's"":19,""McDonald's"":16,""Pollo Campero"":15,""7-Eleven"":14,""Planet Fitness"":14,""Starbucks"":14,""Marshalls"":13,""CVS"":13,""Stop & Shop"":12,""Target"":11,""Speedway"":11,""Dollar Tree"":11,""Burlington"":11}","[6,3,3,3,3,3,8,7,14,25,29,29,31,34,31,38,34,39,25,17,21,29,26,15]","{""Monday"":15,""Tuesday"":17,""Wednesday"":24,""Thursday"":22,""Friday"":46,""Saturday"":18,""Sunday"":22}","{""android"":52,""ios"":24}"
15,627,Mi Pueblito Restaurant,2128.0,East Boston,mi pueblito restaurant,sg:d0c7f69ce6eb487c95cba4e7d271f5ec,Mi Pueblito Restaurant,333 Border St,Boston,MA,2128,,,2020-07-01T00:00:00-04:00,2020-08-01T00:00:00-04:00,259,140,"[9,5,5,6,7,9,12,9,13,12,8,4,15,6,5,9,8,10,13,9,9,7,5,9,6,7,8,9,11,4,10]",250250501012.0,"{""250250509012"":5,""250250509011"":5,""250250505001"":4,""250173182001"":4,""250250817005"":4,""120990076071"":4,""250250501013"":4,""250092072001"":4,""250250502001"":4,""250251707022"":4,""250250507003"":4,""250251601011"":4,""250250501011"":4,""250250502003"":4,""250173422012"":4,""250173114003"":4,""250251703006"":4,""250250502002"":4,""250235117011"":4,""250214104002"":4,""250250507001"":4,""250251705022"":4,""250056441013"":4,""250251601015"":4,""250250920003"":4,""250173422011"":4}","{""250250501011"":5,""250250509011"":5,""250173324001"":4,""250251605011"":4,""250250507003"":4,""250056161003"":4,""250250704021"":4,""250092068001"":4,""250092515004"":4,""250250501013"":4,""250092514001"":4,""250250705004"":4,""250250506001"":4,""250250920003"":4,""250251606012"":4,""250250509012"":4,""250251605013"":4,""250173703002"":4,""421010346001"":4,""250173422011"":4,""250250406001"":4,""250250502001"":4,""250251601015"":4,""250251304023"":4,""250251606021"":4,""250173182001"":4,""250173510002"":4,""120990076071"":4,""250250504001"":4,""250251707022"":4,""250173514033"":4}",{},"{""US"":124}",4240.0,40.0,"{""<5"":2,""5-20"":92,""21-60"":74,""61-240"":64,"">240"":27}","{""Sunoco"":24,""Gulf Oil"":17,""7-Eleven"":12,""BJ's Wholesale Club"":11,""Mobil"":11,""CVS"":10,""IHOP"":9}","{""Dunkin'"":48,""Market Basket"":30,""Mobil"":29,""Burger King"":22,""Shaw's"":22,""CVS"":20,""Stop & Shop"":20,""The Home Depot"":17,""BJ's Wholesale Club"":16,""McDonald's"":16,""7-Eleven"":15,""Shell Oil"":12,""Target"":11,""Subway"":11,""Starbucks"":11,""Marshalls"":11,""Speedway"":10,""Walmart"":10,""Walgreens"":10,""Pollo Campero"":9}","[16,15,15,16,19,20,21,22,26,27,42,49,44,53,54,45,37,40,43,44,27,31,14,13]","{""Monday"":41,""Tuesday"":36,""Wednesday"":41,""Thursday"":36,""Friday"":44,""Saturday"":30,""Sunday"":31}","{""android"":64,""ios"":72}"
16,636,Minas Beauty Salon,2128.0,East Boston,minas beauty salon,sg:4315e447882247319475c3af87808d21,Minas Beauty Salon,154 Chelsea St,Boston,MA,2128,,,2020-07-01T00:00:00-04:00,2020-08-01T00:00:00-04:00,87,43,"[4,3,3,6,4,5,2,2,2,2,1,1,2,0,1,2,2,5,1,3,4,3,4,6,6,3,1,3,1,3,2]",250250507001.0,"{""250250511011"":4,""250250501011"":4,""250251708001"":4,""250250509011"":4,""250250506001"":4,""250259813002"":4}","{""250250507001"":5,""330150560001"":4,""250250509013"":4,""250092532032"":4,""250251708002"":4,""250173513002"":4,""250251601013"":4,""250173212002"":4}",{},"{""US"":28}",3284.0,89.0,"{""<5"":2,""5-20"":21,""21-60"":17,""61-240"":33,"">240"":14}","{""Cricket Wireless"":25}","{""Dunkin'"":43,""YMCA"":21,""Shell Oil"":18,""Market Basket"":16,""Subway"":15,""Burger King"":14,""Mobil"":14,""Speedway"":14,""Stop & Shop"":13,""The Home Depot"":13,""T.J. Maxx"":12,""CVS"":12,""Pollo Campero"":12,""Marshalls"":11,""Expressions Shoes "":9,""Shaw's"":9,""TownePlace Suites by Marriott"":9,""Family Dollar Stores"":9,""Sunoco"":7,""McDonald's"":7}","[7,5,5,5,5,5,5,7,8,9,14,14,12,11,11,22,22,27,23,17,10,10,10,6]","{""Monday"":11,""Tuesday"":9,""Wednesday"":11,""Thursday"":14,""Friday"":15,""Saturday"":18,""Sunday"":9}","{""android"":22,""ios"":16}"
17,650,Moonshine 152,2127.0,South Boston,moonshine 152,sg:16307943b6474c5f83709c0d898ca35b,Moonshine 152,152 Dorchester Ave,Boston,MA,2127,,,2020-07-01T00:00:00-04:00,2020-08-01T00:00:00-04:00,204,100,"[9,5,4,4,3,7,9,5,11,9,4,2,6,6,9,13,11,5,2,7,9,4,8,5,4,4,7,5,8,13,6]",250250612001.0,"{""250250817002"":6,""250250607001"":5,""250056138002"":4,""250251203014"":4,""250235021021"":4,""250056112023"":4,""250214178015"":4,""440070174003"":4,""250010101001"":4,""250250612001"":4,""250173514031"":4,""250251401024"":4,""250056139022"":4,""481210216231"":4,""250250923002"":4}","{""250250612001"":6,""250250924005"":5,""250092064003"":4,""250250611012"":4,""250250704021"":4,""250250604004"":4,""250251001001"":4,""250251702002"":4,""250235108004"":4,""250250805002"":4,""250251707023"":4,""250277364002"":4,""250056112023"":4,""250173311023"":4,""250235021021"":4,""250251005003"":4,""250173682002"":4,""250250607001"":4}",{},"{""US"":82}",12182.0,30.5,"{""<5"":4,""5-20"":78,""21-60"":36,""61-240"":37,"">240"":49}","{""Starbucks"":27,""Market Basket"":17}","{""Dunkin'"":48,""Stop & Shop"":31,""Starbucks"":30,""CVS"":27,""Target"":20,""Mobil"":20,""Market Basket"":19,""The Home Depot"":18,""sweetgreen"":18,""Loyal Companion"":16,""7-Eleven"":15,""Walgreens"":14,""BJ's Wholesale Club"":13,""T.J. Maxx"":13,""Cumberland Farms"":13,""Burger King"":12,""Speedway"":12,""Shell Oil"":10,""Marshalls"":10,""McDonald's"":10}","[20,22,20,21,22,24,22,30,57,60,58,62,55,50,42,39,39,15,20,18,23,24,22,20]","{""Monday"":27,""Tuesday"":29,""Wednesday"":35,""Thursday"":50,""Friday"":35,""Saturday"":17,""Sunday"":11}","{""android"":53,""ios"":52}"
18,674,Napoles Restaurant,2128.0,East Boston,napoles restaurant,sg:2eb4e2d5d8b34af0a9ac037ccc52d1d9,Napoles Restaurant,1233 Bennington St,Boston,MA,2128,,,2020-07-01T00:00:00-04:00,2020-08-01T00:00:00-04:00,201,110,"[6,8,6,5,3,6,8,3,9,9,3,5,10,7,7,4,8,4,2,3,5,8,8,5,5,5,4,6,12,10,17]",250250511014.0,"{""250251403005"":6,""250250511012"":6,""250173424002"":5,""250250501013"":4,""250251708003"":4,""250251805002"":4,""250056533015"":4,""250056405005"":4,""250250904004"":4,""250173421021"":4,""250251701001"":4,""440070109002"":4,""250251604002"":4,""250250511014"":4,""250251707024"":4,""250251707025"":4,""250251703001"":4,""250251704003"":4,""250251701005"":4,""250173426003"":4}","{""250251703001"":5,""250092171001"":4,""250214162005"":4,""250056405005"":4,""250250509013"":4,""250251802001"":4,""250214035001"":4,""250250612001"":4,""250251707023"":4,""250173566012"":4,""250250511012"":4,""250250511014"":4,""250251402023"":4,""250173211002"":4,""250092071001"":4,""250251707012"":4,""250250502002"":4,""250250108021"":4,""250250507002"":4,""250251707025"":4,""250251606021"":4,""250251705011"":4}",{},"{""US"":97}",5076.0,34.0,"{""<5"":6,""5-20"":68,""21-60"":50,""61-240"":55,"">240"":22}","{""Dollar General"":48,""The Home Depot"":21,""Loyal Companion"":17,""Kia Motors"":14}","{""Dunkin'"":47,""Market Basket"":27,""Burger King"":23,""Stop & Shop"":22,""McDonald's"":18,""BJ's Wholesale Club"":17,""CVS"":16,""7-Eleven"":15,""Walgreens"":15,""Subway"":14,""The Home Depot"":12,""Mobil"":12,""Target"":11,""Dollar Tree"":11,""Planet Fitness"":10,""Wendy's"":10,""Five Below"":9,""T.J. Maxx"":9,""Cumberland Farms"":9,""Shaw's"":8}","[6,5,8,7,5,5,19,37,60,61,64,49,40,25,26,30,20,21,13,9,16,16,12,8]","{""Monday"":23,""Tuesday"":26,""Wednesday"":36,""Thursday"":39,""Friday"":45,""Saturday"":17,""Sunday"":15}","{""android"":64,""ios"":48}"
19,717,Paris Creperie Seaport,2210.0,South Boston Waterfront,paris creperie seaport,sg:17a903cd97774b12976f46f9f26687a3,Paris Creperie Seaport,60 Seaport Blvd,Boston,MA,2210,,,2020-07-01T00:00:00-04:00,2020-08-01T00:00:00-04:00,101,42,"[3,4,2,0,5,1,3,2,3,2,4,1,3,3,3,2,4,2,8,4,4,4,3,5,3,4,3,3,2,4,7]",250250606001.0,"{""250173335013"":4,""250173535002"":4,""250250606001"":4,""250277401013"":4,""250056137001"":4,""470370189012"":4,""261390246001"":4}","{""250173651002"":4,""250235401013"":4,""340350524003"":4,""250250606001"":4}",{},"{""US"":39}",11030.0,144.0,"{""<5"":1,""5-20"":18,""21-60"":18,""61-240"":32,"">240"":32}","{""Autograph Collection Hotels"":50,""Bed Bath & Beyond"":50,""Starbucks"":48,""Regina Pizzeria"":33,""Peter Millar"":25,""Michaels Stores"":25}","{""Starbucks"":40,""Dunkin'"":30,""sweetgreen"":26,""Stop & Shop"":23,""Simon mall"":20,""Mobil"":19,""Shell Oil"":19,""T.J. Maxx"":17,""Juice Press"":17,""Target"":14,""Marshalls"":14,""McDonald's"":12,""CVS"":12,""La Colombe"":12,""Loyal Companion"":12,""Shake Shack"":12,""Wendy's"":12,""BJ's Wholesale Club"":11,""Five Guys"":11,""Staples"":11}","[23,23,23,25,25,22,19,21,20,21,21,25,25,21,21,27,31,42,49,43,25,28,26,24]","{""Monday"":11,""Tuesday"":13,""Wednesday"":14,""Thursday"":16,""Friday"":20,""Saturday"":9,""Sunday"":18}","{""android"":14,""ios"":28}"
20,746,POLLOS A LA BRASA BETOS,2128.0,East Boston,pollos a la brasa betos,sg:fd403b9a282b42319fb3f7e48f986708,Pollos A La Brasa Betos,69 Bennington St,Boston,MA,2128,,,2020-07-01T00:00:00-04:00,2020-08-01T00:00:00-04:00,186,109,"[5,6,9,6,5,4,5,5,8,12,3,6,8,3,3,10,4,4,9,4,8,6,2,4,10,3,4,6,8,8,8]",250250507001.0,"{""250173422021"":6,""250250511011"":4,""250173662021"":4,""250250509011"":4,""250173740003"":4,""250251705021"":4,""250250506001"":4,""250056415001"":4,""250251801013"":4,""250173426003"":4,""250250507003"":4,""250092215001"":4,""250250509012"":4,""250092059001"":4,""250250502002"":4,""250250511014"":4,""440070109002"":4,""250092055002"":4,""250251707012"":4,""250250502004"":4,""250250501011"":4,""250251705022"":4,""250250507001"":4}","{""250173341003"":6,""250092055002"":6,""250250504001"":5,""250173739003"":5,""250250507001"":5,""250250502004"":4,""250250506001"":4,""250251707012"":4,""250173740003"":4,""250250505001"":4,""250251605011"":4,""250250511011"":4,""250250503001"":4,""250250507003"":4,""250250509013"":4,""250092072001"":4,""250092059001"":4,""250251701001"":4,""250250606001"":4,""250173422021"":4,""250250509011"":4,""250250810011"":4,""250173336001"":4,""250250501011"":4}",{},"{""US"":94}",4021.0,28.0,"{""<5"":2,""5-20"":71,""21-60"":57,""61-240"":35,"">240"":21}","{""Mobil"":40,""Subway"":15}","{""Dunkin'"":43,""Market Basket"":21,""The Home Depot"":21,""Subway"":19,""Burger King"":16,""Mobil"":16,""BJ's Wholesale Club"":16,""Marshalls"":15,""Target"":15,""Dollar Tree"":14,""CVS"":14,""Shaw's"":14,""Stop & Shop"":13,""Speedway"":13,""7-Eleven"":13,""McDonald's"":9,""Family Dollar Stores"":9,""Wingstop"":9,""Walgreens"":8,""Pollo Campero"":8}","[12,11,11,11,11,11,11,11,10,20,18,22,27,20,30,40,38,34,29,23,15,20,20,14]","{""Monday"":20,""Tuesday"":22,""Wednesday"":27,""Thursday"":34,""Friday"":37,""Saturday"":23,""Sunday"":23}","{""android"":72,""ios"":37}"
21,864,Southie's Own,2127.0,South Boston,southie's own,sg:53506732aa9940d182f58303bc622b1f,Southie's Own,396 W Broadway,Boston,MA,2127,,,2020-07-01T00:00:00-04:00,2020-08-01T00:00:00-04:00,113,29,"[3,2,1,1,2,2,4,5,6,3,1,3,8,3,5,2,5,3,4,3,6,1,3,7,6,2,2,7,4,4,5]",250250606001.0,"{""250250403005"":4,""250173563001"":4,""250214151023"":4}","{""250092532024"":4,""250173701025"":4,""250250920003"":4,""250214134011"":4,""250250603013"":4}",{},"{""US"":26}",4836.0,66.0,"{""<5"":2,""5-20"":33,""21-60"":20,""61-240"":26,"">240"":32}","{""sweetgreen"":100,""7-Eleven"":16}","{""Dunkin'"":48,""Stop & Shop"":41,""CVS"":33,""The Home Depot"":29,""BJ's Wholesale Club"":27,""Market Basket"":24,""Burger King"":23,""Btone Fitness"":21,""Cumberland Farms"":20,""Starbucks"":20,""Dollar Tree"":19,""7-Eleven"":18,""Loyal Companion"":17,""Gulf Oil"":17,""Target"":17,""Shell Oil"":17,""Walgreens"":15,""Sunoco"":15,""Mobil"":15,""United States Postal Service (USPS)"":15}","[21,18,17,18,18,17,36,30,18,14,15,24,21,23,21,17,10,13,7,10,7,6,20,22]","{""Monday"":15,""Tuesday"":20,""Wednesday"":18,""Thursday"":17,""Friday"":21,""Saturday"":11,""Sunday"":11}","{""android"":10,""ios"":18}"
22,890,Sunny Florists,2127.0,South Boston,sunny florists,sg:48c1e56da4554d739937c486a157b8aa,Sunny Florists,9 W Broadway # R123,Boston,MA,2127,,,2020-07-01T00:00:00-04:00,2020-08-01T00:00:00-04:00,335,164,"[13,9,6,3,4,12,11,12,20,10,5,5,6,12,10,16,17,5,8,16,10,6,20,8,8,7,17,13,16,14,16]",250250612001.0,"{""250250612001"":6,""360470011001"":5,""250251804002"":4,""250250607001"":4,""250173397003"":4,""250173106021"":4,""250251701006"":4,""250251403005"":4,""340170187023"":4,""440070033002"":4,""250173395002"":4,""250250507002"":4,""120570054015"":4,""250214564023"":4,""250250803001"":4,""250250604001"":4,""250250604005"":4,""250214175023"":4,""121150006011"":4,""360050256001"":4,""250235116004"":4,""250235111003"":4,""250173514031"":4,""250251705011"":4,""250250813001"":4,""250235232013"":4}","{""250250612001"":12,""250173662011"":6,""330059705002"":5,""250251701006"":5,""250214135001"":4,""250235071041"":4,""250250104053"":4,""250250915002"":4,""250010149002"":4,""250092021011"":4,""250173872011"":4,""240054083031"":4,""330110110002"":4,""250173688002"":4,""250251001006"":4,""250250607001"":4,""250250002021"":4,""250251010015"":4,""250250608002"":4,""250250813001"":4,""250251402022"":4,""250250803001"":4,""250214152002"":4,""250173549003"":4,""330019664025"":4,""250250810011"":4,""250250610002"":4}",{},"{""US"":136}",10598.0,19.0,"{""<5"":12,""5-20"":167,""21-60"":61,""61-240"":76,"">240"":19}","{""Dunkin'"":14,""Jimmy John's"":12,""CVS"":10,""PGA TOUR Superstore"":8,""Paper Source"":6,""Goodwill Industries"":6,""Starbucks"":5}","{""Dunkin'"":39,""CVS"":23,""Stop & Shop"":21,""Starbucks"":20,""Mobil"":18,""Market Basket"":17,""Cambria Suites"":15,""Loyal Companion"":14,""Speedway"":13,""sweetgreen"":11,""Walgreens"":11,""McDonald's"":10,""7-Eleven"":10,""Shell Oil"":10,""Burger King"":9,""Target"":9,""Sunoco"":8,""Legal Sea Foods"":8,""Dollar Tree"":8,""Staples"":8}","[20,14,11,13,21,32,31,27,38,28,43,41,33,54,28,18,24,27,32,22,31,30,40,33]","{""Monday"":51,""Tuesday"":46,""Wednesday"":57,""Thursday"":79,""Friday"":57,""Saturday"":21,""Sunday"":24}","{""android"":78,""ios"":84}"
23,907,Taqueria Jalisco,2128.0,East Boston,taqueria jalisco,sg:153fb471efec4b0fbed7cf1abf158bc2,Taqueria Jalisco,291 Bennington St,Boston,MA,2128,,,2020-07-01T00:00:00-04:00,2020-08-01T00:00:00-04:00,37,35,"[1,0,2,0,0,3,0,1,1,2,0,0,1,1,4,2,1,3,1,0,1,0,0,1,2,0,0,1,2,3,4]",250250509011.0,"{""250277096003"":4,""250250904003"":4,""250092072001"":4,""250251705022"":4,""250250813001"":4,""250173501042"":4,""250251801013"":4,""250173739003"":4,""250056441012"":4}","{""250250505001"":5,""250250904003"":4,""250214182004"":4,""250251705022"":4,""250214178011"":4,""250250611012"":4}",{},"{""US"":29}",8068.0,21.0,"{""<5"":1,""5-20"":16,""21-60"":7,""61-240"":4,"">240"":9}",{},"{""Dunkin'"":48,""The Home Depot"":37,""Mobil"":32,""BJ's Wholesale Club"":31,""Dollar Tree"":27,""Market Basket"":26,""Stop & Shop"":25,""Starbucks"":24,""Burger King"":24,""McDonald's"":23,""Walgreens"":23,""Target"":21,""Sunoco"":21,""Planet Fitness"":19,""Walmart"":18,""Shell Oil"":15,""T.J. Maxx"":12,""7-Eleven"":12,""Expressions Shoes "":11,""YMCA"":11}","[7,7,7,7,7,8,10,9,11,13,9,9,8,9,9,6,7,7,8,3,7,7,7,7]","{""Monday"":4,""Tuesday"":3,""Wednesday"":8,""Thursday"":6,""Friday"":10,""Saturday"":5,""Sunday"":1}","{""android"":23,""ios"":15}"
24,909,Tawakal Halal Cafe,2128.0,East Boston,tawakal halal cafe,sg:1a2a581a9f57482fa7ec77bd4445d355,Tawakal Halal Cafe,389 Maverick St,Boston,MA,2128,,,2020-07-01T00:00:00-04:00,2020-08-01T00:00:00-04:00,203,113,"[10,2,5,0,5,4,5,6,3,8,7,3,4,6,5,7,8,9,6,6,11,10,8,11,6,6,10,8,8,9,7]",250250512002.0,"{""250277305003"":10,""330059706001"":7,""311090001001"":5,""250251002001"":4,""250250817002"":4,""250251708004"":4,""250173398021"":4,""010010205002"":4,""250251606021"":4,""250277291003"":4,""250250512002"":4,""250251601014"":4,""330130030013"":4,""250250501013"":4,""250173689021"":4,""400137962003"":4,""250173567012"":4,""361190118004"":4,""250173216004"":4,""250214224004"":4}","{""250173216004"":7,""250250512002"":7,""130970805071"":5,""330059706001"":4,""250173401003"":4,""130970805062"":4,""250250510003"":4,""250250512003"":4,""250235421012"":4,""250235431002"":4,""330130030013"":4,""250173418006"":4,""361190118004"":4}",{},"{""US"":103}",38936.0,31.0,"{""<5"":3,""5-20"":77,""21-60"":46,""61-240"":33,"">240"":44}","{""The Home Depot"":32,""Irving Oil"":14}","{""Dunkin'"":37,""McDonald's"":23,""Mobil"":21,""Target"":17,""Burger King"":17,""Wendy's"":17,""7-Eleven"":16,""Speedway"":15,""Stop & Shop"":15,""CVS"":14,""Shaw's"":14,""Market Basket"":14,""T.J. Maxx"":14,""The Home Depot"":14,""Starbucks"":13,""BJ's Wholesale Club"":13,""Shell Oil"":12,""Walmart"":11,""Dollar Tree"":11,""Subway"":11}","[28,25,26,27,26,25,28,35,49,50,46,49,53,53,54,49,41,39,38,33,30,30,32,30]","{""Monday"":24,""Tuesday"":30,""Wednesday"":39,""Thursday"":29,""Friday"":39,""Saturday"":22,""Sunday"":20}","{""android"":60,""ios"":55}"
25,910,Tawakal Halal Cafe,2128.0,East Boston,tawakal halal cafe,sg:1a2a581a9f57482fa7ec77bd4445d355,Tawakal Halal Cafe,389 Maverick St,Boston,MA,2128,,,2020-07-01T00:00:00-04:00,2020-08-01T00:00:00-04:00,203,113,"[10,2,5,0,5,4,5,6,3,8,7,3,4,6,5,7,8,9,6,6,11,10,8,11,6,6,10,8,8,9,7]",250250512002.0,"{""250277305003"":10,""330059706001"":7,""311090001001"":5,""250251002001"":4,""250250817002"":4,""250251708004"":4,""250173398021"":4,""010010205002"":4,""250251606021"":4,""250277291003"":4,""250250512002"":4,""250251601014"":4,""330130030013"":4,""250250501013"":4,""250173689021"":4,""400137962003"":4,""250173567012"":4,""361190118004"":4,""250173216004"":4,""250214224004"":4}","{""250173216004"":7,""250250512002"":7,""130970805071"":5,""330059706001"":4,""250173401003"":4,""130970805062"":4,""250250510003"":4,""250250512003"":4,""250235421012"":4,""250235431002"":4,""330130030013"":4,""250173418006"":4,""361190118004"":4}",{},"{""US"":103}",38936.0,31.0,"{""<5"":3,""5-20"":77,""21-60"":46,""61-240"":33,"">240"":44}","{""The Home Depot"":32,""Irving Oil"":14}","{""Dunkin'"":37,""McDonald's"":23,""Mobil"":21,""Target"":17,""Burger King"":17,""Wendy's"":17,""7-Eleven"":16,""Speedway"":15,""Stop & Shop"":15,""CVS"":14,""Shaw's"":14,""Market Basket"":14,""T.J. Maxx"":14,""The Home Depot"":14,""Starbucks"":13,""BJ's Wholesale Club"":13,""Shell Oil"":12,""Walmart"":11,""Dollar Tree"":11,""Subway"":11}","[28,25,26,27,26,25,28,35,49,50,46,49,53,53,54,49,41,39,38,33,30,30,32,30]","{""Monday"":24,""Tuesday"":30,""Wednesday"":39,""Thursday"":29,""Friday"":39,""Saturday"":22,""Sunday"":20}","{""android"":60,""ios"":55}"
26,941,The Quiet Few,2128.0,East Boston,the quiet few,sg:934083f1c8824bb28ad45b41b82a2797,The Quiet Few,331 Sumner St,Boston,MA,2128,,,2020-07-01T00:00:00-04:00,2020-08-01T00:00:00-04:00,41,32,"[1,0,1,0,1,2,1,2,0,1,1,0,0,0,1,1,2,1,1,6,0,2,2,5,3,2,1,2,1,0,1]",250250504002.0,"{""250251801013"":7,""250250512003"":6,""250250510001"":6,""250173344005"":4,""250251606021"":4,""250214195002"":4}","{""250173507002"":4}",{},"{""US"":31}",5288.0,43.0,"{""<5"":1,""5-20"":9,""21-60"":12,""61-240"":7,"">240"":12}","{""Speedway"":49}","{""The Home Depot"":35,""Mobil"":32,""Dunkin'"":31,""Market Basket"":22,""Stop & Shop"":21,""BJ's Wholesale Club"":18,""Target"":15,""7-Eleven"":13,""Shaw's"":12,""Five Below"":12,""Dollar Tree"":11,""T.J. Maxx"":10,""Staples"":9,""Hampton"":9,""CrossFit"":8,""Planet Fitness"":8,""McDonald's"":8,""Starbucks"":8,""PetSmart"":8,""Wendy's"":7}","[9,9,9,9,9,8,8,8,8,11,13,13,10,10,9,11,12,11,11,7,3,3,6,7]","{""Monday"":9,""Tuesday"":3,""Wednesday"":7,""Thursday"":3,""Friday"":10,""Saturday"":5,""Sunday"":4}","{""android"":14,""ios"":17}"
27,973,Tu Metapan Restaurant,2128.0,East Boston,tu metapan restaurant,sg:f3952522e13a4febb02cdbed43d6f508,Tu Metapan Restaurant,295 Bennington St,Boston,MA,2128,,,2020-07-01T00:00:00-04:00,2020-08-01T00:00:00-04:00,59,51,"[1,0,1,2,1,3,1,1,4,3,1,2,2,0,3,4,3,1,1,2,2,1,1,0,4,4,1,3,1,3,3]",250250509011.0,"{""250251707012"":5,""250251701005"":4,""250173549002"":4,""250250509011"":4,""250250509012"":4,""250251605021"":4,""250251707025"":4,""250250511012"":4,""250138011011"":4}","{""250173581003"":4,""250250509011"":4,""340170171002"":4,""250277331011"":4,""250251704004"":4,""250251707025"":4,""250251603002"":4}",{},"{""US"":43}",4504.0,22.0,"{""<5"":2,""5-20"":26,""21-60"":11,""61-240"":11,"">240"":9}","{""Taco Bell"":24}","{""Dunkin'"":46,""Market Basket"":31,""Burger King"":31,""BJ's Wholesale Club"":23,""Target"":22,""Starbucks"":22,""McDonald's"":22,""Mobil"":19,""Walmart"":18,""Walgreens"":16,""The Home Depot"":16,""Marshalls"":15,""Dollar Tree"":15,""Shaw's"":14,""Subway"":14,""7-Eleven"":13,""Stop & Shop"":13,""CVS"":13,""Planet Fitness"":13,""Jeep"":11}","[1,1,0,0,0,1,1,5,5,9,10,14,13,11,12,17,16,11,12,7,5,2,1,0]","{""Monday"":8,""Tuesday"":6,""Wednesday"":7,""Thursday"":12,""Friday"":10,""Saturday"":8,""Sunday"":8}","{""android"":25,""ios"":26}"
28,1073,chinese dragon,2128.0,East Boston,chinese dragon,sg:51040e76fd124501b785fe088c966c2d,Chinese Dragon,380 Chelsea St,Boston,MA,2128,,,2020-07-01T00:00:00-04:00,2020-08-01T00:00:00-04:00,106,68,"[8,7,4,8,2,3,4,4,4,5,1,5,1,3,4,5,3,3,1,2,2,4,2,2,1,1,0,3,5,4,5]",250250509011.0,"{""250250509011"":14,""250250903001"":4,""250173416006"":4,""250251707023"":4,""250250505001"":4,""250251703005"":4,""250235112003"":4,""250250003022"":4,""440030210011"":4,""250251703006"":4,""250250507003"":4}","{""250250509011"":10,""250092057005"":4,""250214175021"":4,""250250801001"":4,""250092084002"":4,""250235112003"":4,""250251707023"":4,""250173834003"":4,""250251703006"":4,""250173688002"":4,""250092081012"":4,""250250505001"":4}",{},"{""US"":60}",5234.0,35.5,"{""<5"":5,""5-20"":42,""21-60"":17,""61-240"":22,"">240"":20}","{""Wingstop"":25,""Burger King"":16}","{""Dunkin'"":60,""Stop & Shop"":25,""Mobil"":24,""McDonald's"":23,""Market Basket"":22,""The Home Depot"":21,""Target"":21,""Shaw's"":20,""Shell Oil"":19,""BJ's Wholesale Club"":18,""7-Eleven"":18,""Subway"":17,""Burger King"":16,""Dollar Tree"":16,""CVS"":15,""Starbucks"":15,""AutoZone"":14,""Speedway"":14,""Cumberland Farms"":11,""Wendy's"":11}","[8,6,3,3,5,5,6,5,7,22,24,24,29,28,25,14,20,21,15,13,10,5,9,9]","{""Monday"":6,""Tuesday"":12,""Wednesday"":25,""Thursday"":22,""Friday"":19,""Saturday"":13,""Sunday"":9}","{""android"":30,""ios"":34}"
29,1077,Pockets Billiard Club,2128.0,East Boston,pockets billiard club,sg:dd6d92bfd75c4351b76525f503aea580,Pockets Billiard Club,981 Bennington St,Boston,MA,2128,,,2020-07-01T00:00:00-04:00,2020-08-01T00:00:00-04:00,159,106,"[9,7,7,10,6,4,8,6,6,6,4,5,9,2,8,3,2,3,6,7,4,4,1,4,2,2,4,4,6,4,6]",250250511011.0,"{""250250511013"":6,""250251606011"":5,""250251707024"":4,""250277371003"":4,""250250509012"":4,""250173425003"":4,""250250003022"":4,""250251802004"":4,""250251703005"":4,""250092103003"":4,""250250511011"":4,""250092069003"":4,""250250502003"":4,""250251708002"":4,""250251707021"":4,""250251601013"":4,""250250510002"":4,""250173532002"":4,""250251604002"":4,""250250502002"":4,""250173344005"":4,""250251402012"":4,""250250502001"":4}","{""250251708004"":6,""250250511013"":5,""090075413003"":4,""250251402012"":4,""250251707025"":4,""250251706014"":4,""250250511011"":4,""250092069003"":4,""250251006011"":4,""230010440002"":4,""250235061012"":4,""250173688002"":4,""250251703005"":4,""250251605021"":4,""250250505001"":4,""250250509012"":4,""250173421022"":4,""250251605011"":4,""250251401022"":4,""250251708002"":4,""250092047023"":4,""250173393003"":4}",{},"{""US"":96}",3237.0,41.0,"{""<5"":5,""5-20"":48,""21-60"":51,""61-240"":39,"">240"":16}","{""Dunkin'"":49,""7-Eleven"":24,""BJ's Wholesale Club"":20,""Mobil"":20,""Pollo Campero"":17,""Burger King"":16}","{""Dunkin'"":48,""Stop & Shop"":30,""Market Basket"":29,""BJ's Wholesale Club"":20,""CVS"":20,""Target"":20,""Burger King"":20,""Mobil"":16,""Starbucks"":16,""Subway"":16,""The Home Depot"":15,""Planet Fitness"":14,""McDonald's"":14,""T.J. Maxx"":12,""Dollar Tree"":12,""Walgreens"":12,""Get Air"":11,""Marshalls"":10,""Walmart"":8,""Restaurant Depot"":7}","[3,4,4,2,2,4,3,5,4,10,18,24,33,31,30,26,26,32,34,28,22,16,9,6]","{""Monday"":24,""Tuesday"":18,""Wednesday"":33,""Thursday"":21,""Friday"":25,""Saturday"":19,""Sunday"":19}","{""android"":56,""ios"":50}"
30,1085,Mi Pueblito Orient Heights,2128.0,East Boston,mi pueblito orient heights,sg:a12947c4da7e44ec9a7f3d307e0fb17f,Mi Pueblito Orient Heights,964 Saratoga St,Boston,MA,2128,,,2020-07-01T00:00:00-04:00,2020-08-01T00:00:00-04:00,71,54,"[1,3,4,1,4,1,1,2,3,1,3,2,2,4,0,0,1,3,0,1,2,2,2,2,2,11,5,2,1,4,1]",250250510002.0,"{""250092061002"":5,""250250510003"":4,""250092081011"":4,""250092114011"":4,""250251606024"":4,""250250506002"":4,""250250511011"":4,""250250505001"":4,""250251703001"":4,""250251704002"":4,""250250510001"":4,""250250501011"":4,""250251801013"":4,""330150520002"":4,""360595209001"":4,""250251601015"":4}","{""250250502001"":4,""250250510002"":4,""250250505001"":4,""250251606024"":4,""250250510001"":4,""250092114011"":4,""250251707024"":4,""250173333002"":4,""250251801013"":4,""250250503002"":4}",{},"{""US"":48}",3134.0,29.0,"{""<5"":2,""5-20"":27,""21-60"":21,""61-240"":19,"">240"":2}","{""Mobil"":50}","{""Dunkin'"":45,""Starbucks"":35,""Burger King"":29,""Market Basket"":26,""Stop & Shop"":25,""Target"":22,""Subway"":22,""Mobil"":22,""Sunoco"":20,""The Home Depot"":18,""7-Eleven"":18,""McDonald's"":18,""Wendy's"":17,""Walgreens"":17,""Expressions Shoes "":17,""Shaw's"":15,""CVS"":14,""Walmart"":14,""Planet Fitness"":14,""Dollar Tree"":14}","[3,1,0,0,0,0,0,1,3,3,1,3,5,11,13,13,9,13,14,13,11,10,5,3]","{""Monday"":9,""Tuesday"":9,""Wednesday"":6,""Thursday"":12,""Friday"":9,""Saturday"":9,""Sunday"":17}","{""android"":24,""ios"":29}"
31,1168,Cricket Wireless,2128.0,East Boston,cricket wireless,sg:b1c2002663fd4a9fb13b8734bb00bb2b,Cricket Wireless,82 Essex St,Boston,MA,2111,SG_BRAND_247184f5fcf8c0afea1291676dc6df8f,Cricket Wireless,2020-07-01T00:00:00-04:00,2020-08-01T00:00:00-04:00,15,14,"[0,0,0,1,1,0,2,1,1,0,0,0,0,0,0,0,1,1,0,0,2,0,1,0,0,0,0,0,1,2,1]",250250701018.0,"{""250173313001"":4,""250250916002"":4,""250250711011"":4}","{""250214021014"":4}",{},"{""US"":11}",15267.0,51.0,"{""<5"":1,""5-20"":4,""21-60"":4,""61-240"":4,"">240"":2}",{},"{""Dunkin'"":39,""Starbucks"":28,""sweetgreen"":21,""BJ's Wholesale Club"":21,""Mobil"":19,""CVS"":17,""Chick-fil-A"":15,""Legal Sea Foods"":14,""Hyatt Regency"":14,""Crunch"":14,""Modell's Sporting Goods"":14,""Tesla Motors"":14,""Cumberland Farms"":14,""Gulf Oil"":14,""Stop & Shop"":14,""Five Guys"":14,""CrossFit"":13,""Michaels Stores"":13,""Panera Bread"":13,""Simon mall"":12}","[2,1,1,1,1,1,1,1,1,2,5,3,3,5,7,4,4,3,3,3,2,0,0,1]","{""Monday"":0,""Tuesday"":4,""Wednesday"":2,""Thursday"":4,""Friday"":2,""Saturday"":2,""Sunday"":1}","{""android"":5,""ios"":8}"
32,1168,Cricket Wireless,2128.0,East Boston,cricket wireless,sg:42fe2cd732404735a128abf606bee599,Cricket Wireless,68 Harrison Ave Ste A,Boston,MA,2111,SG_BRAND_247184f5fcf8c0afea1291676dc6df8f,Cricket Wireless,2020-07-01T00:00:00-04:00,2020-08-01T00:00:00-04:00,2,2,"[0,0,0,0,0,0,1,0,0,0,0,1,0,0,0,0,0,0,0,0,0,0,0,0,0,0,0,0,0,0,0]",250250702001.0,{},{},{},"{""US"":4}",,12.0,"{""<5"":0,""5-20"":2,""21-60"":0,""61-240"":0,"">240"":0}",{},"{""Greatwall Supermarket (GW)"":100,""Target"":93,""Hanesbrands"":50,""PUMA"":50,""LIDS"":50,""sweetgreen"":50,""Boys & Girls Clubs of America"":50,""Whole Foods Market"":50,""BJ's Wholesale Club"":49,""Simon mall"":48,""T.J. Maxx"":48,""CVS"":46,""Dollar Tree"":45,""Starbucks"":42,""McDonald's"":36}","[0,0,0,0,0,0,0,0,0,0,0,0,1,2,1,0,0,0,0,0,0,0,0,0]","{""Monday"":0,""Tuesday"":1,""Wednesday"":0,""Thursday"":0,""Friday"":0,""Saturday"":0,""Sunday"":1}","{""android"":0,""ios"":0}"
33,1263,Ana's Beauty Salon,2128.0,East Boston,ana's beauty salon,sg:7af003320e4a41efa414a1f8a8678ccd,Ana's Beauty Salon,149 Bennington St,Boston,MA,2128,,,2020-07-01T00:00:00-04:00,2020-08-01T00:00:00-04:00,2,1,"[1,1,0,0,0,0,0,0,0,0,0,0,0,0,0,0,0,0,0,0,0,0,0,0,0,0,0,0,0,0,0]",250250507002.0,"{""250250501013"":4}",{},{},{},,335.5,"{""<5"":0,""5-20"":0,""21-60"":0,""61-240"":0,"">240"":2}",{},"{""T.J. Maxx"":98,""Subway"":94}","[0,0,0,0,0,0,0,0,0,1,2,2,2,2,2,1,1,0,0,0,0,0,0,0]","{""Monday"":0,""Tuesday"":0,""Wednesday"":1,""Thursday"":1,""Friday"":0,""Saturday"":0,""Sunday"":0}","{""android"":0,""ios"":0}"
34,1376,The Kenmore,2215.0,Boston,the kenmore,sg:0cf6c6cd344146098ca93ae5ac155153,The Kenmore,476 Commonwealth Ave,Boston,MA,2215,,,2020-07-01T00:00:00-04:00,2020-08-01T00:00:00-04:00,27,24,"[0,0,0,0,1,0,0,0,1,2,1,1,4,1,1,0,0,1,1,0,0,2,0,0,2,2,1,2,0,4,0]",250250101043.0,"{""250250804011"":5,""250214005001"":4,""250173399002"":4}","{""360050118003"":4,""250173414002"":4,""250173399002"":4,""250250101041"":4}",{},"{""US"":19}",7830.0,24.0,"{""<5"":1,""5-20"":11,""21-60"":8,""61-240"":0,"">240"":7}","{""SoulCycle"":100}","{""Dunkin'"":26,""sweetgreen"":21,""CVS"":21,""Mobil"":18,""Starbucks"":17,""7-Eleven"":14,""Target"":13,""Costco Wholesale Corp."":13,""SoulCycle"":12,""Whole Foods Market"":12,""Stop & Shop"":12,""Chipotle Mexican Grill"":11,""T.J. Maxx"":10,""Shell Oil"":9,""Warby Parker"":8,""Boston Market"":8,""Cumberland Farms"":8,""Courtyard by Marriott"":8,""BJ's Wholesale Club"":8,""Dollar Tree"":8}","[5,6,6,6,6,5,6,5,6,6,7,9,8,7,4,4,3,2,0,1,3,3,6,5]","{""Monday"":5,""Tuesday"":3,""Wednesday"":3,""Thursday"":5,""Friday"":2,""Saturday"":4,""Sunday"":5}","{""android"":9,""ios"":11}"
